user_id,item_id,rating,timestamp
216,87,3.0,2025-01-03T14:00:00
302,75,4.1,2025-01-03T14:00:00
302,57,3.5,2025-01-04T00:00:00
140,264,4.2,2025-01-04T01:00:00
6,58,4.7,2025-01-04T15:00:00
344,267,5.0,2025-01-04T17:00:00
180,233,3.9,2025-01-04T23:00:00
87,266,3.9,2025-01-05T01:00:00
354,42,3.6,2025-01-05T01:00:00
344,279,5.0,2025-01-05T02:00:00
344,269,4.5,2025-01-05T07:00:00
97,182,3.8,2025-01-05T14:00:00
338,256,4.0,2025-01-05T23:00:00
344,264,5.0,2025-01-06T04:00:00
216,280,4.3,2025-01-06T07:00:00
215,116,4.2,2025-01-06T13:00:00
344,209,3.7,2025-01-06T15:00:00
6,66,3.9,2025-01-06T21:00:00
318,50,4.1,2025-01-06T22:00:00
316,89,4.5,2025-01-06T23:00:00
302,6,3.0,2025-01-07T01:00:00
180,196,3.8,2025-01-07T03:00:00
474,226,4.5,2025-01-07T03:00:00
50,209,2.8,2025-01-07T04:00:00
354,164,4.2,2025-01-07T06:00:00
140,269,4.0,2025-01-07T08:00:00
215,122,3.3,2025-01-07T10:00:00
451,122,2.8,2025-01-07T14:00:00
497,45,4.2,2025-01-07T15:00:00
96,295,2.3,2025-01-07T17:00:00
87,285,4.5,2025-01-07T19:00:00
344,28,3.6,2025-01-07T23:00:00
50,292,2.9,2025-01-08T00:00:00
338,96,4.8,2025-01-08T04:00:00
497,17,4.0,2025-01-08T06:00:00
97,122,3.5,2025-01-08T08:00:00
316,55,5.0,2025-01-08T08:00:00
180,209,4.9,2025-01-08T09:00:00
6,77,3.1,2025-01-08T12:00:00
6,75,2.4,2025-01-08T16:00:00
354,209,5.0,2025-01-08T16:00:00
149,87,4.5,2025-01-08T19:00:00
13,17,5.0,2025-01-09T07:00:00
344,70,3.9,2025-01-09T10:00:00
180,235,4.8,2025-01-09T14:00:00
1,222,4.4,2025-01-09T16:00:00
474,50,2.9,2025-01-09T17:00:00
50,201,3.8,2025-01-09T18:00:00
338,4,2.7,2025-01-09T18:00:00
497,29,3.0,2025-01-09T18:00:00
35,98,4.4,2025-01-09T20:00:00
215,189,2.9,2025-01-09T20:00:00
318,45,4.7,2025-01-10T01:00:00
216,261,5.0,2025-01-10T02:00:00
356,223,3.7,2025-01-10T02:00:00
42,127,3.5,2025-01-10T06:00:00
97,266,2.4,2025-01-10T06:00:00
140,281,5.0,2025-01-10T07:00:00
149,55,4.6,2025-01-10T10:00:00
180,211,3.7,2025-01-10T10:00:00
302,67,5.0,2025-01-10T10:00:00
215,209,3.0,2025-01-10T12:00:00
13,29,4.4,2025-01-10T13:00:00
97,103,3.9,2025-01-10T13:00:00
87,265,4.2,2025-01-10T16:00:00
96,122,4.0,2025-01-10T16:00:00
426,287,4.4,2025-01-10T16:00:00
86,153,4.3,2025-01-10T17:00:00
316,122,3.5,2025-01-10T21:00:00
497,34,4.7,2025-01-11T02:00:00
149,74,5.0,2025-01-11T03:00:00
215,162,3.0,2025-01-11T04:00:00
354,158,5.0,2025-01-11T06:00:00
451,29,1.7,2025-01-11T06:00:00
474,157,5.0,2025-01-11T07:00:00
150,216,2.9,2025-01-11T09:00:00
451,125,2.3,2025-01-11T10:00:00
50,246,3.8,2025-01-11T12:00:00
97,164,4.1,2025-01-11T15:00:00
318,89,3.1,2025-01-11T16:00:00
403,74,5.0,2025-01-11T18:00:00
150,122,3.5,2025-01-11T21:00:00
6,60,3.0,2025-01-11T22:00:00
42,149,2.4,2025-01-12T00:00:00
356,42,3.9,2025-01-12T00:00:00
316,74,3.8,2025-01-12T01:00:00
97,199,5.0,2025-01-12T04:00:00
15,42,4.6,2025-01-12T10:00:00
474,249,3.6,2025-01-12T12:00:00
35,266,3.5,2025-01-12T13:00:00
180,142,3.9,2025-01-12T13:00:00
497,122,3.2,2025-01-12T13:00:00
216,281,4.6,2025-01-12T15:00:00
13,107,3.9,2025-01-12T16:00:00
96,55,3.7,2025-01-12T16:00:00
338,75,4.7,2025-01-12T20:00:00
216,29,4.2,2025-01-13T02:00:00
344,122,2.5,2025-01-13T02:00:00
87,255,4.7,2025-01-13T04:00:00
86,274,2.8,2025-01-13T06:00:00
216,209,3.4,2025-01-13T06:00:00
6,74,3.4,2025-01-13T07:00:00
446,212,2.5,2025-01-13T08:00:00
120,267,5.0,2025-01-13T09:00:00
311,122,4.0,2025-01-13T09:00:00
338,223,3.2,2025-01-13T12:00:00
215,136,5.0,2025-01-13T13:00:00
426,267,3.8,2025-01-13T14:00:00
446,29,3.3,2025-01-13T14:00:00
497,30,4.4,2025-01-13T14:00:00
42,246,2.4,2025-01-13T15:00:00
1,74,1.5,2025-01-13T16:00:00
149,259,4.1,2025-01-13T17:00:00
13,141,5.0,2025-01-13T19:00:00
150,209,4.5,2025-01-13T19:00:00
140,74,4.7,2025-01-13T23:00:00
497,31,4.4,2025-01-13T23:00:00
354,239,4.9,2025-01-14T01:00:00
50,212,4.2,2025-01-14T03:00:00
15,5,4.8,2025-01-14T04:00:00
86,196,4.5,2025-01-14T05:00:00
302,61,5.0,2025-01-14T07:00:00
318,175,3.0,2025-01-14T08:00:00
43,45,1.6,2025-01-14T09:00:00
50,215,3.2,2025-01-14T11:00:00
150,247,4.5,2025-01-14T11:00:00
443,159,4.7,2025-01-14T12:00:00
87,269,4.5,2025-01-14T13:00:00
403,87,5.0,2025-01-14T14:00:00
150,239,5.0,2025-01-14T15:00:00
311,5,2.1,2025-01-14T15:00:00
356,266,4.8,2025-01-14T16:00:00
451,140,3.4,2025-01-14T17:00:00
50,232,3.7,2025-01-14T18:00:00
138,122,3.4,2025-01-14T18:00:00
316,61,4.2,2025-01-14T18:00:00
344,138,3.5,2025-01-14T18:00:00
149,271,4.4,2025-01-14T22:00:00
170,259,3.0,2025-01-15T00:00:00
443,181,4.6,2025-01-15T00:00:00
35,178,5.0,2025-01-15T05:00:00
207,266,3.9,2025-01-15T05:00:00
97,159,4.6,2025-01-15T08:00:00
443,196,4.8,2025-01-15T08:00:00
140,267,4.6,2025-01-15T10:00:00
474,165,3.9,2025-01-15T11:00:00
389,74,3.1,2025-01-15T12:00:00
403,55,4.8,2025-01-15T13:00:00
87,276,3.1,2025-01-15T14:00:00
97,166,4.2,2025-01-15T15:00:00
140,271,3.7,2025-01-15T19:00:00
150,249,5.0,2025-01-15T19:00:00
175,209,4.2,2025-01-15T19:00:00
446,10,3.9,2025-01-15T19:00:00
50,87,4.1,2025-01-15T20:00:00
96,89,3.3,2025-01-15T20:00:00
42,125,3.8,2025-01-15T22:00:00
370,89,4.3,2025-01-15T22:00:00
87,259,4.7,2025-01-15T23:00:00
216,164,4.3,2025-01-15T23:00:00
316,92,4.6,2025-01-16T03:00:00
178,262,4.0,2025-01-16T04:00:00
50,293,3.4,2025-01-16T05:00:00
138,189,2.6,2025-01-16T06:00:00
458,18,5.0,2025-01-16T06:00:00
1,209,3.8,2025-01-16T07:00:00
13,2,5.0,2025-01-16T09:00:00
43,209,3.9,2025-01-16T09:00:00
180,246,5.0,2025-01-16T09:00:00
140,266,5.0,2025-01-16T10:00:00
178,74,4.0,2025-01-16T16:00:00
318,26,4.6,2025-01-16T16:00:00
6,97,4.7,2025-01-16T18:00:00
170,216,2.0,2025-01-16T19:00:00
138,74,2.4,2025-01-16T20:00:00
215,29,3.9,2025-01-16T20:00:00
354,55,3.9,2025-01-16T21:00:00
215,102,4.9,2025-01-17T00:00:00
149,83,4.1,2025-01-17T01:00:00
370,35,2.8,2025-01-17T03:00:00
430,285,4.1,2025-01-17T03:00:00
338,66,5.0,2025-01-17T04:00:00
497,129,4.6,2025-01-17T04:00:00
35,209,4.4,2025-01-17T05:00:00
426,255,4.2,2025-01-17T05:00:00
302,74,4.8,2025-01-17T06:00:00
120,74,4.9,2025-01-17T07:00:00
311,216,2.8,2025-01-17T09:00:00
316,81,3.5,2025-01-17T10:00:00
344,277,3.8,2025-01-17T10:00:00
86,6,2.7,2025-01-17T11:00:00
403,89,4.9,2025-01-17T12:00:00
207,256,3.7,2025-01-17T15:00:00
6,109,2.6,2025-01-17T17:00:00
15,13,4.4,2025-01-17T17:00:00
120,290,3.8,2025-01-17T21:00:00
389,17,5.0,2025-01-18T00:00:00
430,279,5.0,2025-01-18T02:00:00
1,213,2.8,2025-01-18T03:00:00
87,300,4.6,2025-01-18T04:00:00
356,209,4.5,2025-01-18T04:00:00
216,269,3.9,2025-01-18T06:00:00
451,42,1.7,2025-01-18T06:00:00
311,148,3.0,2025-01-18T09:00:00
140,270,4.2,2025-01-18T11:00:00
178,274,4.2,2025-01-18T11:00:00
302,272,2.7,2025-01-18T12:00:00
138,263,2.7,2025-01-18T16:00:00
150,205,4.7,2025-01-18T16:00:00
497,21,3.5,2025-01-18T16:00:00
175,164,4.1,2025-01-18T18:00:00
42,209,4.0,2025-01-18T20:00:00
215,112,4.5,2025-01-18T20:00:00
252,155,3.9,2025-01-18T21:00:00
120,259,5.0,2025-01-18T22:00:00
15,122,2.2,2025-01-19T01:00:00
170,87,2.4,2025-01-19T01:00:00
474,183,4.4,2025-01-19T01:00:00
338,280,4.7,2025-01-19T03:00:00
446,42,3.2,2025-01-19T03:00:00
13,246,4.0,2025-01-19T06:00:00
35,42,3.4,2025-01-19T06:00:00
474,189,5.0,2025-01-19T06:00:00
42,122,4.4,2025-01-19T07:00:00
180,173,3.7,2025-01-19T07:00:00
175,266,2.4,2025-01-19T08:00:00
443,189,4.3,2025-01-19T08:00:00
97,162,3.9,2025-01-19T09:00:00
426,296,4.1,2025-01-19T11:00:00
96,141,5.0,2025-01-19T12:00:00
120,277,4.3,2025-01-19T12:00:00
175,44,3.5,2025-01-19T14:00:00
180,122,3.4,2025-01-19T16:00:00
338,74,4.1,2025-01-19T18:00:00
497,238,3.7,2025-01-19T19:00:00
389,50,3.6,2025-01-19T20:00:00
344,285,3.7,2025-01-19T23:00:00
43,115,2.9,2025-01-20T00:00:00
50,217,4.4,2025-01-20T00:00:00
175,19,4.7,2025-01-20T01:00:00
318,48,4.2,2025-01-20T02:00:00
458,45,4.2,2025-01-20T02:00:00
430,260,4.5,2025-01-20T04:00:00
96,261,3.1,2025-01-20T05:00:00
27,281,4.8,2025-01-20T08:00:00
430,266,4.5,2025-01-20T08:00:00
149,266,4.3,2025-01-20T09:00:00
207,294,4.1,2025-01-20T12:00:00
302,42,4.1,2025-01-20T12:00:00
354,238,4.8,2025-01-20T12:00:00
446,267,2.8,2025-01-20T13:00:00
495,189,4.8,2025-01-20T16:00:00
140,254,5.0,2025-01-20T17:00:00
87,260,3.2,2025-01-20T20:00:00
403,58,4.3,2025-01-20T21:00:00
451,189,1.0,2025-01-20T21:00:00
99,176,4.8,2025-01-20T22:00:00
252,158,4.5,2025-01-20T23:00:00
86,122,3.3,2025-01-21T00:00:00
316,87,4.4,2025-01-21T01:00:00
370,74,4.6,2025-01-21T01:00:00
50,45,3.5,2025-01-21T03:00:00
1,219,4.1,2025-01-21T04:00:00
120,216,3.4,2025-01-21T04:00:00
356,270,5.0,2025-01-21T04:00:00
216,264,4.1,2025-01-21T05:00:00
474,41,3.4,2025-01-21T05:00:00
149,89,3.2,2025-01-21T06:00:00
215,171,2.8,2025-01-21T07:00:00
426,259,3.1,2025-01-21T08:00:00
178,293,5.0,2025-01-21T09:00:00
180,226,4.8,2025-01-21T09:00:00
476,271,5.0,2025-01-21T10:00:00
311,116,3.5,2025-01-21T12:00:00
370,87,4.4,2025-01-21T13:00:00
6,182,3.8,2025-01-21T14:00:00
13,122,4.2,2025-01-21T14:00:00
239,34,5.0,2025-01-21T15:00:00
316,98,3.8,2025-01-21T18:00:00
443,176,3.6,2025-01-21T18:00:00
15,32,3.3,2025-01-21T19:00:00
206,200,4.7,2025-01-21T20:00:00
175,183,4.5,2025-01-21T22:00:00
140,295,4.9,2025-01-21T23:00:00
180,216,4.9,2025-01-21T23:00:00
216,263,4.6,2025-01-22T00:00:00
150,207,3.0,2025-01-22T03:00:00
446,47,2.8,2025-01-22T04:00:00
27,300,3.5,2025-01-22T07:00:00
138,147,4.6,2025-01-22T07:00:00
175,182,3.7,2025-01-22T07:00:00
252,164,4.4,2025-01-22T07:00:00
302,60,5.0,2025-01-22T07:00:00
344,262,5.0,2025-01-22T08:00:00
42,240,4.7,2025-01-22T10:00:00
206,164,4.3,2025-01-22T10:00:00
150,220,4.0,2025-01-22T13:00:00
175,189,4.2,2025-01-22T13:00:00
389,10,5.0,2025-01-22T13:00:00
97,161,3.9,2025-01-22T15:00:00
354,165,4.7,2025-01-22T15:00:00
244,165,4.4,2025-01-22T16:00:00
271,74,3.3,2025-01-22T16:00:00
170,122,5.0,2025-01-22T17:00:00
13,49,4.7,2025-01-22T18:00:00
316,70,4.9,2025-01-22T19:00:00
497,6,3.8,2025-01-22T19:00:00
252,187,4.4,2025-01-22T21:00:00
458,48,4.4,2025-01-22T21:00:00
311,141,4.1,2025-01-22T22:00:00
443,165,5.0,2025-01-22T22:00:00
338,264,5.0,2025-01-22T23:00:00
318,39,4.1,2025-01-23T00:00:00
96,45,2.4,2025-01-23T01:00:00
400,122,4.1,2025-01-23T02:00:00
216,259,4.0,2025-01-23T03:00:00
35,295,2.5,2025-01-23T04:00:00
207,280,4.7,2025-01-23T04:00:00
458,41,4.3,2025-01-23T04:00:00
99,148,4.7,2025-01-23T05:00:00
140,233,3.1,2025-01-23T05:00:00
495,164,3.9,2025-01-23T05:00:00
43,89,1.7,2025-01-23T06:00:00
318,42,4.6,2025-01-23T06:00:00
271,187,3.1,2025-01-23T07:00:00
451,144,2.8,2025-01-23T07:00:00
150,242,4.2,2025-01-23T08:00:00
204,122,4.8,2025-01-23T11:00:00
15,41,3.1,2025-01-23T13:00:00
474,224,5.0,2025-01-23T14:00:00
354,183,3.6,2025-01-23T15:00:00
497,5,5.0,2025-01-23T15:00:00
458,122,4.0,2025-01-23T17:00:00
86,165,4.4,2025-01-23T19:00:00
426,294,4.4,2025-01-23T19:00:00
1,214,3.7,2025-01-23T20:00:00
138,209,3.1,2025-01-23T20:00:00
208,286,4.8,2025-01-23T20:00:00
252,190,3.7,2025-01-23T20:00:00
356,55,4.0,2025-01-23T21:00:00
319,29,5.0,2025-01-23T22:00:00
458,189,3.8,2025-01-23T23:00:00
311,87,2.3,2025-01-24T00:00:00
476,267,3.0,2025-01-24T01:00:00
319,13,4.6,2025-01-24T02:00:00
370,86,2.7,2025-01-24T02:00:00
400,108,3.3,2025-01-24T02:00:00
403,162,4.6,2025-01-24T02:00:00
87,150,4.3,2025-01-24T03:00:00
271,165,3.4,2025-01-24T04:00:00
430,265,4.1,2025-01-24T04:00:00
77,74,5.0,2025-01-24T05:00:00
175,8,5.0,2025-01-24T05:00:00
239,257,3.2,2025-01-24T05:00:00
215,109,4.7,2025-01-24T06:00:00
149,11,3.2,2025-01-24T07:00:00
216,273,4.8,2025-01-24T07:00:00
311,111,4.5,2025-01-24T09:00:00
252,165,4.8,2025-01-24T10:00:00
244,198,4.2,2025-01-24T11:00:00
96,87,4.4,2025-01-24T13:00:00
206,198,3.5,2025-01-24T13:00:00
50,206,4.9,2025-01-24T14:00:00
316,175,3.1,2025-01-24T14:00:00
338,186,3.6,2025-01-24T14:00:00
99,151,4.8,2025-01-24T17:00:00
204,148,3.7,2025-01-24T17:00:00
239,259,3.4,2025-01-24T17:00:00
431,122,4.9,2025-01-24T18:00:00
13,11,5.0,2025-01-24T19:00:00
138,40,2.4,2025-01-24T19:00:00
87,180,3.1,2025-01-24T20:00:00
120,266,4.7,2025-01-24T20:00:00
252,198,4.8,2025-01-24T21:00:00
347,74,4.5,2025-01-24T21:00:00
170,42,2.4,2025-01-24T22:00:00
302,206,3.6,2025-01-24T22:00:00
446,74,3.2,2025-01-24T22:00:00
97,189,5.0,2025-01-25T00:00:00
319,2,4.6,2025-01-25T01:00:00
120,83,4.9,2025-01-25T02:00:00
178,89,4.0,2025-01-25T02:00:00
344,74,5.0,2025-01-25T02:00:00
426,283,4.2,2025-01-25T02:00:00
15,74,2.5,2025-01-25T03:00:00
208,260,4.7,2025-01-25T03:00:00
13,275,2.9,2025-01-25T04:00:00
324,42,4.1,2025-01-25T04:00:00
42,250,4.1,2025-01-25T05:00:00
149,96,4.6,2025-01-25T05:00:00
316,267,3.6,2025-01-25T05:00:00
6,87,3.0,2025-01-25T07:00:00
35,60,5.0,2025-01-25T07:00:00
140,285,3.3,2025-01-25T07:00:00
474,243,4.6,2025-01-25T07:00:00
354,244,5.0,2025-01-25T08:00:00
344,158,1.9,2025-01-25T11:00:00
443,177,4.2,2025-01-25T11:00:00
97,106,4.3,2025-01-25T12:00:00
446,155,3.2,2025-01-25T12:00:00
180,229,3.5,2025-01-25T13:00:00
389,31,5.0,2025-01-25T15:00:00
424,21,4.5,2025-01-25T17:00:00
96,115,4.4,2025-01-25T19:00:00
347,100,4.1,2025-01-25T19:00:00
27,122,3.7,2025-01-25T21:00:00
170,195,3.2,2025-01-25T22:00:00
207,89,2.7,2025-01-25T22:00:00
87,209,3.5,2025-01-25T23:00:00
164,257,5.0,2025-01-26T01:00:00
149,279,5.0,2025-01-26T05:00:00
347,42,4.2,2025-01-26T05:00:00
446,60,3.8,2025-01-26T05:00:00
15,4,4.5,2025-01-26T06:00:00
312,122,4.1,2025-01-26T07:00:00
194,74,5.0,2025-01-26T08:00:00
201,79,3.3,2025-01-26T08:00:00
208,48,3.3,2025-01-26T08:00:00
344,258,4.7,2025-01-26T09:00:00
77,87,4.5,2025-01-26T11:00:00
495,156,3.3,2025-01-26T11:00:00
43,10,1.1,2025-01-26T13:00:00
164,271,5.0,2025-01-26T13:00:00
400,111,4.3,2025-01-26T13:00:00
354,189,5.0,2025-01-26T14:00:00
150,161,3.1,2025-01-26T15:00:00
206,258,4.0,2025-01-26T15:00:00
252,68,2.7,2025-01-26T15:00:00
370,93,4.2,2025-01-26T15:00:00
497,42,3.5,2025-01-26T17:00:00
271,61,5.0,2025-01-26T18:00:00
344,296,4.6,2025-01-26T18:00:00
356,48,2.9,2025-01-26T18:00:00
318,29,2.6,2025-01-26T19:00:00
216,55,3.4,2025-01-26T20:00:00
35,172,5.0,2025-01-26T22:00:00
208,266,5.0,2025-01-26T22:00:00
239,29,5.0,2025-01-26T22:00:00
338,69,5.0,2025-01-26T23:00:00
1,238,3.0,2025-01-27T00:00:00
42,212,3.1,2025-01-27T00:00:00
96,244,3.6,2025-01-27T00:00:00
426,266,4.6,2025-01-27T00:00:00
451,133,2.5,2025-01-27T00:00:00
244,172,4.5,2025-01-27T01:00:00
120,252,4.7,2025-01-27T02:00:00
77,122,4.7,2025-01-27T03:00:00
239,2,3.2,2025-01-27T03:00:00
430,252,3.7,2025-01-27T03:00:00
178,277,4.7,2025-01-27T04:00:00
13,46,4.0,2025-01-27T05:00:00
86,200,5.0,2025-01-27T05:00:00
302,122,2.7,2025-01-27T06:00:00
403,70,5.0,2025-01-27T10:00:00
1,244,3.2,2025-01-27T12:00:00
204,107,3.6,2025-01-27T12:00:00
239,14,4.6,2025-01-27T12:00:00
175,42,3.5,2025-01-27T13:00:00
316,77,4.7,2025-01-27T13:00:00
458,29,4.7,2025-01-27T13:00:00
229,1,5.0,2025-01-27T14:00:00
431,246,2.5,2025-01-27T14:00:00
15,45,3.4,2025-01-27T15:00:00
430,277,4.9,2025-01-27T15:00:00
50,208,4.3,2025-01-27T16:00:00
43,208,3.5,2025-01-27T17:00:00
201,162,2.2,2025-01-27T17:00:00
226,42,2.6,2025-01-27T17:00:00
99,172,4.8,2025-01-27T18:00:00
6,92,4.4,2025-01-27T20:00:00
140,255,4.7,2025-01-27T21:00:00
319,9,3.3,2025-01-27T21:00:00
97,178,4.0,2025-01-27T23:00:00
476,55,3.1,2025-01-27T23:00:00
226,122,2.0,2025-01-28T00:00:00
140,259,3.5,2025-01-28T02:00:00
195,209,3.9,2025-01-28T02:00:00
324,26,3.8,2025-01-28T02:00:00
424,273,1.9,2025-01-28T02:00:00
311,74,1.7,2025-01-28T03:00:00
50,230,3.2,2025-01-28T04:00:00
215,110,4.2,2025-01-28T04:00:00
180,202,4.0,2025-01-28T05:00:00
256,123,4.6,2025-01-28T05:00:00
443,158,5.0,2025-01-28T06:00:00
474,274,2.8,2025-01-28T07:00:00
42,164,3.4,2025-01-28T08:00:00
430,273,4.2,2025-01-28T09:00:00
188,122,3.7,2025-01-28T10:00:00
324,40,4.3,2025-01-28T11:00:00
149,86,4.5,2025-01-28T12:00:00
403,168,4.9,2025-01-28T12:00:00
389,42,4.7,2025-01-28T13:00:00
497,226,4.0,2025-01-28T13:00:00
308,209,3.4,2025-01-28T14:00:00
138,258,2.4,2025-01-28T15:00:00
164,202,4.3,2025-01-28T15:00:00
194,122,5.0,2025-01-28T15:00:00
431,96,3.3,2025-01-28T15:00:00
243,161,4.7,2025-01-28T16:00:00
495,122,2.5,2025-01-28T17:00:00
338,277,5.0,2025-01-28T19:00:00
356,259,5.0,2025-01-28T19:00:00
149,284,4.4,2025-01-28T20:00:00
319,34,5.0,2025-01-28T20:00:00
35,153,4.5,2025-01-28T21:00:00
215,141,4.8,2025-01-28T21:00:00
239,42,5.0,2025-01-28T23:00:00
426,251,3.8,2025-01-28T23:00:00
208,35,3.3,2025-01-29T01:00:00
312,42,2.2,2025-01-29T01:00:00
194,216,3.9,2025-01-29T02:00:00
206,178,3.4,2025-01-29T02:00:00
308,41,2.5,2025-01-29T02:00:00
173,219,2.3,2025-01-29T03:00:00
229,32,5.0,2025-01-29T03:00:00
451,280,2.6,2025-01-29T03:00:00
474,210,4.5,2025-01-29T03:00:00
244,151,5.0,2025-01-29T05:00:00
27,40,4.3,2025-01-29T08:00:00
271,88,2.6,2025-01-29T08:00:00
239,241,4.0,2025-01-29T09:00:00
344,270,3.7,2025-01-29T10:00:00
15,18,4.2,2025-01-29T11:00:00
96,29,2.8,2025-01-29T11:00:00
197,183,4.0,2025-01-29T11:00:00
469,122,3.3,2025-01-29T12:00:00
170,277,3.4,2025-01-29T15:00:00
271,161,3.5,2025-01-29T15:00:00
474,277,2.7,2025-01-29T15:00:00
197,158,5.0,2025-01-29T16:00:00
201,74,4.0,2025-01-29T16:00:00
354,246,4.6,2025-01-29T16:00:00
120,57,5.0,2025-01-29T17:00:00
208,253,5.0,2025-01-29T17:00:00
27,3,4.4,2025-01-29T18:00:00
252,36,3.5,2025-01-29T18:00:00
195,295,3.3,2025-01-29T19:00:00
356,255,4.6,2025-01-29T19:00:00
207,271,4.2,2025-01-29T20:00:00
216,283,3.7,2025-01-29T20:00:00
226,29,3.5,2025-01-29T20:00:00
443,223,3.3,2025-01-29T20:00:00
134,187,1.8,2025-01-29T21:00:00
446,5,3.2,2025-01-29T21:00:00
15,216,3.6,2025-01-29T22:00:00
87,283,4.4,2025-01-29T23:00:00
178,265,4.2,2025-01-29T23:00:00
302,89,4.3,2025-01-29T23:00:00
347,146,3.0,2025-01-29T23:00:00
324,226,2.5,2025-01-30T03:00:00
215,177,3.2,2025-01-30T04:00:00
446,269,1.9,2025-01-30T05:00:00
400,142,3.9,2025-01-30T06:00:00
318,244,3.1,2025-01-30T07:00:00
13,111,4.7,2025-01-30T08:00:00
370,76,4.4,2025-01-30T08:00:00
497,11,5.0,2025-01-30T08:00:00
204,270,2.9,2025-01-30T09:00:00
215,129,4.1,2025-01-30T10:00:00
226,19,3.1,2025-01-30T11:00:00
278,17,4.6,2025-01-30T11:00:00
97,274,2.6,2025-01-30T12:00:00
469,128,4.6,2025-01-30T12:00:00
476,74,3.4,2025-01-30T12:00:00
46,198,4.6,2025-01-30T15:00:00
446,31,4.6,2025-01-30T16:00:00
43,203,3.6,2025-01-30T18:00:00
99,167,5.0,2025-01-30T18:00:00
188,161,2.9,2025-01-30T18:00:00
426,10,3.3,2025-01-30T18:00:00
87,74,3.8,2025-01-30T20:00:00
164,58,4.2,2025-01-30T21:00:00
175,159,4.4,2025-01-30T22:00:00
458,50,4.4,2025-01-30T22:00:00
216,168,3.9,2025-01-30T23:00:00
302,52,4.9,2025-01-31T00:00:00
72,35,4.1,2025-01-31T03:00:00
77,43,3.0,2025-01-31T03:00:00
316,201,4.1,2025-01-31T03:00:00
86,265,3.2,2025-01-31T04:00:00
256,161,2.4,2025-01-31T04:00:00
13,42,4.4,2025-01-31T05:00:00
46,202,2.6,2025-01-31T05:00:00
149,297,4.4,2025-01-31T05:00:00
194,42,4.5,2025-01-31T05:00:00
180,299,2.5,2025-01-31T06:00:00
216,18,2.5,2025-01-31T06:00:00
243,122,3.5,2025-01-31T06:00:00
140,9,3.9,2025-01-31T08:00:00
206,153,4.5,2025-01-31T08:00:00
347,89,4.3,2025-01-31T08:00:00
1,217,4.5,2025-01-31T10:00:00
6,70,3.7,2025-01-31T10:00:00
138,129,2.8,2025-01-31T11:00:00
77,58,4.0,2025-01-31T12:00:00
197,165,4.1,2025-01-31T12:00:00
229,42,5.0,2025-01-31T14:00:00
239,5,3.6,2025-01-31T14:00:00
46,200,4.0,2025-01-31T15:00:00
120,55,4.5,2025-01-31T15:00:00
149,299,4.9,2025-01-31T15:00:00
173,122,2.7,2025-01-31T15:00:00
27,267,4.1,2025-01-31T16:00:00
244,266,3.0,2025-01-31T16:00:00
311,139,3.0,2025-01-31T16:00:00
319,41,5.0,2025-01-31T16:00:00
476,209,3.8,2025-01-31T16:00:00
324,127,3.9,2025-01-31T17:00:00
42,147,3.5,2025-01-31T18:00:00
175,197,4.9,2025-01-31T18:00:00
389,29,4.9,2025-01-31T18:00:00
395,247,4.1,2025-01-31T18:00:00
239,228,2.3,2025-01-31T19:00:00
344,29,4.5,2025-01-31T19:00:00
354,172,4.6,2025-01-31T19:00:00
474,178,3.0,2025-01-31T20:00:00
1,210,4.2,2025-01-31T21:00:00
50,235,3.9,2025-01-31T21:00:00
311,178,2.6,2025-01-31T22:00:00
431,148,3.5,2025-01-31T22:00:00
495,110,3.3,2025-01-31T22:00:00
134,73,2.4,2025-02-01T00:00:00
424,48,5.0,2025-02-01T01:00:00
338,48,2.3,2025-02-01T02:00:00
430,272,3.7,2025-02-01T02:00:00
252,45,3.4,2025-02-01T06:00:00
446,19,2.8,2025-02-01T06:00:00
77,138,5.0,2025-02-01T07:00:00
344,71,4.3,2025-02-01T07:00:00
422,196,3.8,2025-02-01T07:00:00
35,182,4.2,2025-02-01T08:00:00
403,76,5.0,2025-02-01T09:00:00
474,53,3.0,2025-02-01T09:00:00
347,6,3.8,2025-02-01T10:00:00
451,206,2.0,2025-02-01T10:00:00
180,87,4.0,2025-02-01T11:00:00
278,122,4.4,2025-02-01T11:00:00
316,63,3.6,2025-02-01T11:00:00
370,129,2.8,2025-02-01T11:00:00
43,216,2.9,2025-02-01T13:00:00
204,123,2.5,2025-02-01T13:00:00
208,122,4.6,2025-02-01T14:00:00
308,216,3.6,2025-02-01T14:00:00
96,70,4.9,2025-02-01T15:00:00
6,101,2.8,2025-02-01T16:00:00
138,112,3.4,2025-02-01T16:00:00
134,122,2.0,2025-02-01T17:00:00
207,260,3.9,2025-02-01T17:00:00
443,160,5.0,2025-02-01T17:00:00
312,126,3.0,2025-02-01T18:00:00
97,183,4.3,2025-02-01T19:00:00
178,266,5.0,2025-02-01T19:00:00
96,74,4.0,2025-02-01T20:00:00
201,55,4.3,2025-02-01T20:00:00
215,142,4.8,2025-02-01T20:00:00
206,180,3.5,2025-02-01T21:00:00
86,156,5.0,2025-02-01T22:00:00
311,128,5.0,2025-02-01T22:00:00
449,122,2.5,2025-02-01T23:00:00
77,141,4.9,2025-02-02T01:00:00
170,148,3.1,2025-02-02T01:00:00
244,187,4.2,2025-02-02T01:00:00
1,223,3.6,2025-02-02T02:00:00
324,47,4.6,2025-02-02T02:00:00
443,151,5.0,2025-02-02T03:00:00
140,297,4.7,2025-02-02T04:00:00
173,264,2.5,2025-02-02T04:00:00
271,6,2.4,2025-02-02T04:00:00
316,129,2.6,2025-02-02T04:00:00
356,264,4.9,2025-02-02T04:00:00
476,257,3.6,2025-02-02T04:00:00
229,49,4.7,2025-02-02T05:00:00
338,267,4.3,2025-02-02T07:00:00
86,164,4.2,2025-02-02T08:00:00
252,189,4.5,2025-02-02T08:00:00
180,232,5.0,2025-02-02T09:00:00
430,256,4.8,2025-02-02T10:00:00
195,250,4.2,2025-02-02T12:00:00
312,270,2.4,2025-02-02T12:00:00
395,277,2.4,2025-02-02T12:00:00
188,91,3.1,2025-02-02T13:00:00
308,246,3.0,2025-02-02T13:00:00
318,30,5.0,2025-02-02T13:00:00
469,108,3.3,2025-02-02T13:00:00
27,31,4.1,2025-02-02T14:00:00
197,164,4.4,2025-02-02T16:00:00
237,58,4.5,2025-02-02T16:00:00
138,113,3.5,2025-02-02T18:00:00
149,71,5.0,2025-02-02T18:00:00
419,246,4.3,2025-02-02T18:00:00
430,286,4.0,2025-02-02T18:00:00
43,238,3.8,2025-02-02T19:00:00
164,74,4.3,2025-02-02T20:00:00
63,277,5.0,2025-02-02T21:00:00
15,10,3.0,2025-02-02T22:00:00
370,60,3.7,2025-02-02T22:00:00
497,73,4.6,2025-02-02T22:00:00
344,259,4.2,2025-02-02T23:00:00
389,45,5.0,2025-02-02T23:00:00
324,48,5.0,2025-02-03T00:00:00
400,132,4.6,2025-02-03T00:00:00
226,2,4.3,2025-02-03T01:00:00
207,264,4.5,2025-02-03T02:00:00
443,154,4.6,2025-02-03T02:00:00
495,153,5.0,2025-02-03T02:00:00
458,209,4.4,2025-02-03T03:00:00
99,189,4.8,2025-02-03T04:00:00
446,89,3.3,2025-02-03T04:00:00
120,189,3.0,2025-02-03T05:00:00
426,44,2.9,2025-02-03T05:00:00
239,67,3.3,2025-02-03T06:00:00
50,202,3.7,2025-02-03T07:00:00
87,275,4.4,2025-02-03T07:00:00
403,258,5.0,2025-02-03T07:00:00
302,209,3.2,2025-02-03T08:00:00
194,137,4.9,2025-02-03T09:00:00
469,125,4.4,2025-02-03T09:00:00
1,216,4.1,2025-02-03T10:00:00
197,74,4.3,2025-02-03T10:00:00
389,5,5.0,2025-02-03T11:00:00
395,89,4.4,2025-02-03T11:00:00
27,261,4.3,2025-02-03T12:00:00
87,271,5.0,2025-02-03T12:00:00
216,274,4.6,2025-02-03T12:00:00
495,197,5.0,2025-02-03T12:00:00
134,201,2.7,2025-02-03T13:00:00
256,107,4.9,2025-02-03T13:00:00
275,162,3.4,2025-02-03T14:00:00
226,17,3.5,2025-02-03T15:00:00
244,181,4.8,2025-02-03T15:00:00
43,213,3.4,2025-02-03T17:00:00
72,161,3.7,2025-02-03T17:00:00
443,164,5.0,2025-02-03T17:00:00
173,113,2.8,2025-02-03T19:00:00
13,187,3.5,2025-02-03T20:00:00
451,74,3.1,2025-02-03T20:00:00
134,48,2.6,2025-02-03T21:00:00
252,176,3.6,2025-02-03T21:00:00
354,249,4.7,2025-02-03T21:00:00
164,277,5.0,2025-02-03T22:00:00
204,34,4.1,2025-02-03T22:00:00
278,249,2.8,2025-02-03T22:00:00
395,70,3.9,2025-02-03T22:00:00
431,212,3.0,2025-02-03T22:00:00
495,222,2.8,2025-02-03T22:00:00
1,212,4.1,2025-02-03T23:00:00
42,205,3.1,2025-02-03T23:00:00
208,280,5.0,2025-02-03T23:00:00
469,29,3.8,2025-02-03T23:00:00
243,164,3.9,2025-02-04T01:00:00
256,132,4.8,2025-02-04T01:00:00
379,29,2.3,2025-02-04T01:00:00
424,45,3.9,2025-02-04T01:00:00
195,216,4.4,2025-02-04T02:00:00
206,167,4.4,2025-02-04T02:00:00
308,247,4.3,2025-02-04T03:00:00
237,89,3.4,2025-02-04T04:00:00
356,258,4.4,2025-02-04T04:00:00
419,89,3.7,2025-02-04T04:00:00
229,45,4.5,2025-02-04T05:00:00
319,10,4.8,2025-02-04T05:00:00
422,167,4.2,2025-02-04T05:00:00
443,193,4.9,2025-02-04T06:00:00
311,249,3.4,2025-02-04T07:00:00
149,75,5.0,2025-02-04T08:00:00
318,238,3.9,2025-02-04T08:00:00
474,122,3.0,2025-02-04T08:00:00
215,253,3.7,2025-02-04T09:00:00
347,58,4.4,2025-02-04T09:00:00
389,12,4.3,2025-02-04T09:00:00
430,267,3.8,2025-02-04T10:00:00
15,29,4.3,2025-02-04T11:00:00
46,153,4.3,2025-02-04T11:00:00
97,60,3.1,2025-02-04T11:00:00
96,149,4.7,2025-02-04T12:00:00
499,195,2.9,2025-02-04T12:00:00
140,277,4.5,2025-02-04T13:00:00
431,150,4.4,2025-02-04T14:00:00
252,122,2.7,2025-02-04T16:00:00
35,74,5.0,2025-02-04T17:00:00
318,106,3.3,2025-02-04T17:00:00
175,233,3.3,2025-02-04T18:00:00
451,117,3.1,2025-02-04T18:00:00
46,151,2.8,2025-02-04T19:00:00
208,285,5.0,2025-02-04T19:00:00
308,288,2.3,2025-02-04T19:00:00
424,41,2.9,2025-02-04T19:00:00
379,243,1.7,2025-02-04T20:00:00
275,210,2.4,2025-02-04T21:00:00
212,171,3.4,2025-02-04T23:00:00
422,164,2.7,2025-02-04T23:00:00
207,283,4.8,2025-02-05T01:00:00
140,258,4.9,2025-02-05T02:00:00
216,266,3.6,2025-02-05T02:00:00
6,55,3.6,2025-02-05T03:00:00
97,198,4.7,2025-02-05T03:00:00
312,255,2.3,2025-02-05T03:00:00
77,130,4.7,2025-02-05T04:00:00
316,209,2.2,2025-02-05T04:00:00
86,74,2.4,2025-02-05T05:00:00
170,120,3.5,2025-02-05T06:00:00
424,4,4.4,2025-02-05T06:00:00
178,294,5.0,2025-02-05T07:00:00
180,165,3.9,2025-02-05T07:00:00
138,70,2.4,2025-02-05T08:00:00
195,246,3.4,2025-02-05T09:00:00
15,46,4.5,2025-02-05T11:00:00
239,123,3.5,2025-02-05T11:00:00
27,286,4.2,2025-02-05T12:00:00
194,102,5.0,2025-02-05T12:00:00
338,87,5.0,2025-02-05T12:00:00
426,288,3.8,2025-02-05T12:00:00
458,239,5.0,2025-02-05T12:00:00
201,64,3.0,2025-02-05T13:00:00
50,205,4.8,2025-02-05T14:00:00
311,125,3.0,2025-02-05T14:00:00
372,212,2.3,2025-02-05T15:00:00
271,122,4.0,2025-02-05T16:00:00
42,216,4.5,2025-02-05T17:00:00
344,89,4.8,2025-02-05T17:00:00
63,266,3.5,2025-02-05T18:00:00
99,74,3.1,2025-02-05T18:00:00
180,68,4.1,2025-02-05T18:00:00
188,104,3.8,2025-02-05T18:00:00
77,88,4.1,2025-02-05T19:00:00
215,107,5.0,2025-02-05T19:00:00
449,91,3.3,2025-02-05T19:00:00
495,182,4.3,2025-02-05T19:00:00
302,79,4.3,2025-02-05T20:00:00
324,122,4.0,2025-02-05T21:00:00
497,194,3.4,2025-02-05T21:00:00
207,45,4.0,2025-02-05T22:00:00
422,279,3.2,2025-02-05T22:00:00
197,91,5.0,2025-02-05T23:00:00
311,101,3.5,2025-02-06T00:00:00
120,150,3.8,2025-02-06T01:00:00
208,277,5.0,2025-02-06T01:00:00
474,273,3.5,2025-02-06T01:00:00
134,253,2.8,2025-02-06T02:00:00
458,246,5.0,2025-02-06T02:00:00
476,262,3.6,2025-02-06T02:00:00
354,212,5.0,2025-02-06T03:00:00
103,42,2.7,2025-02-06T04:00:00
275,285,4.2,2025-02-06T04:00:00
419,216,4.1,2025-02-06T04:00:00
138,185,2.3,2025-02-06T06:00:00
370,85,3.6,2025-02-06T06:00:00
173,179,2.6,2025-02-06T08:00:00
252,42,3.3,2025-02-06T08:00:00
319,49,3.9,2025-02-06T08:00:00
403,264,4.3,2025-02-06T08:00:00
446,39,4.6,2025-02-06T08:00:00
458,249,4.6,2025-02-06T09:00:00
97,82,3.2,2025-02-06T10:00:00
237,74,5.0,2025-02-06T10:00:00
43,242,3.9,2025-02-06T11:00:00
308,210,3.2,2025-02-06T11:00:00
120,255,3.8,2025-02-06T15:00:00
229,55,4.3,2025-02-06T16:00:00
244,161,4.5,2025-02-06T16:00:00
13,279,3.4,2025-02-06T17:00:00
96,275,3.6,2025-02-06T17:00:00
206,206,2.0,2025-02-06T17:00:00
352,79,4.2,2025-02-06T17:00:00
400,277,2.5,2025-02-06T17:00:00
270,16,3.8,2025-02-06T18:00:00
311,102,3.2,2025-02-06T18:00:00
134,70,1.1,2025-02-06T20:00:00
356,145,3.1,2025-02-06T20:00:00
63,209,2.9,2025-02-06T21:00:00
201,87,4.9,2025-02-06T21:00:00
302,55,5.0,2025-02-06T21:00:00
370,231,3.4,2025-02-06T21:00:00
226,182,2.6,2025-02-06T22:00:00
1,26,3.6,2025-02-06T23:00:00
352,122,5.0,2025-02-06T23:00:00
458,242,5.0,2025-02-06T23:00:00
495,188,3.9,2025-02-06T23:00:00
140,289,5.0,2025-02-07T01:00:00
244,162,4.5,2025-02-07T01:00:00
293,87,5.0,2025-02-07T01:00:00
347,122,4.1,2025-02-07T02:00:00
120,274,4.8,2025-02-07T03:00:00
278,25,3.6,2025-02-07T03:00:00
15,17,3.5,2025-02-07T04:00:00
27,293,2.7,2025-02-07T04:00:00
212,183,3.5,2025-02-07T04:00:00
72,168,4.3,2025-02-07T05:00:00
96,196,3.4,2025-02-07T05:00:00
175,172,4.8,2025-02-07T05:00:00
194,89,5.0,2025-02-07T05:00:00
271,62,4.0,2025-02-07T06:00:00
497,36,4.2,2025-02-07T06:00:00
188,113,3.8,2025-02-07T09:00:00
316,231,3.6,2025-02-07T10:00:00
318,2,4.2,2025-02-07T10:00:00
359,216,3.3,2025-02-07T10:00:00
99,123,5.0,2025-02-07T11:00:00
197,122,2.6,2025-02-07T11:00:00
149,300,4.1,2025-02-07T13:00:00
164,28,4.8,2025-02-07T13:00:00
356,87,3.5,2025-02-07T13:00:00
6,89,4.2,2025-02-07T14:00:00
86,34,3.0,2025-02-07T14:00:00
204,147,4.1,2025-02-07T14:00:00
207,41,3.1,2025-02-07T14:00:00
35,191,3.7,2025-02-07T15:00:00
389,43,5.0,2025-02-07T16:00:00
430,203,3.2,2025-02-07T16:00:00
243,74,2.7,2025-02-07T17:00:00
424,36,3.0,2025-02-07T17:00:00
449,61,3.1,2025-02-07T17:00:00
469,147,2.8,2025-02-07T17:00:00
274,225,4.9,2025-02-07T19:00:00
195,206,3.3,2025-02-07T21:00:00
256,122,4.8,2025-02-07T21:00:00
275,266,4.7,2025-02-07T21:00:00
229,164,3.7,2025-02-07T22:00:00
395,246,3.6,2025-02-07T22:00:00
499,122,3.6,2025-02-07T22:00:00
324,17,4.4,2025-02-07T23:00:00
419,250,4.0,2025-02-07T23:00:00
422,189,3.2,2025-02-07T23:00:00
424,122,3.9,2025-02-07T23:00:00
66,164,3.2,2025-02-08T00:00:00
178,300,4.9,2025-02-08T00:00:00
215,150,3.4,2025-02-08T01:00:00
379,122,4.1,2025-02-08T01:00:00
469,112,4.7,2025-02-08T01:00:00
212,179,3.1,2025-02-08T02:00:00
216,205,3.1,2025-02-08T02:00:00
226,183,2.9,2025-02-08T02:00:00
495,176,3.6,2025-02-08T02:00:00
358,209,2.9,2025-02-08T03:00:00
443,183,5.0,2025-02-08T03:00:00
201,277,3.1,2025-02-08T04:00:00
311,131,4.5,2025-02-08T04:00:00
446,58,3.9,2025-02-08T04:00:00
197,160,5.0,2025-02-08T05:00:00
164,299,5.0,2025-02-08T06:00:00
50,231,4.0,2025-02-08T07:00:00
63,238,2.7,2025-02-08T07:00:00
175,165,3.8,2025-02-08T07:00:00
207,295,4.4,2025-02-08T07:00:00
431,74,2.8,2025-02-08T07:00:00
474,246,3.7,2025-02-08T07:00:00
426,300,4.0,2025-02-08T09:00:00
194,182,4.1,2025-02-08T11:00:00
46,165,3.0,2025-02-08T12:00:00
497,27,4.6,2025-02-08T12:00:00
226,18,2.1,2025-02-08T13:00:00
270,74,3.2,2025-02-08T13:00:00
403,96,5.0,2025-02-08T13:00:00
86,177,4.6,2025-02-08T14:00:00
344,87,4.5,2025-02-08T14:00:00
372,74,2.2,2025-02-08T14:00:00
312,112,3.8,2025-02-08T15:00:00
469,285,3.3,2025-02-08T15:00:00
6,12,1.8,2025-02-08T16:00:00
173,263,2.7,2025-02-08T16:00:00
239,41,4.3,2025-02-08T16:00:00
290,145,4.1,2025-02-08T16:00:00
137,122,4.6,2025-02-08T17:00:00
170,257,2.2,2025-02-08T17:00:00
274,45,4.0,2025-02-08T17:00:00
86,182,4.8,2025-02-08T18:00:00
180,267,2.8,2025-02-08T18:00:00
72,164,4.0,2025-02-08T19:00:00
120,251,5.0,2025-02-08T20:00:00
318,74,2.4,2025-02-08T21:00:00
443,157,4.3,2025-02-08T21:00:00
449,77,5.0,2025-02-08T21:00:00
354,108,3.1,2025-02-08T22:00:00
164,89,5.0,2025-02-08T23:00:00
469,94,2.9,2025-02-08T23:00:00
96,252,3.6,2025-02-09T00:00:00
50,223,4.1,2025-02-09T02:00:00
229,17,5.0,2025-02-09T02:00:00
308,244,2.6,2025-02-09T02:00:00
326,87,4.2,2025-02-09T02:00:00
188,108,2.6,2025-02-09T03:00:00
252,156,4.4,2025-02-09T03:00:00
338,31,2.7,2025-02-09T03:00:00
305,195,4.2,2025-02-09T04:00:00
347,99,4.2,2025-02-09T04:00:00
42,148,2.8,2025-02-09T06:00:00
63,74,2.9,2025-02-09T07:00:00
3,245,4.5,2025-02-09T09:00:00
293,74,4.3,2025-02-09T09:00:00
208,51,4.4,2025-02-09T10:00:00
237,98,4.1,2025-02-09T10:00:00
359,182,4.5,2025-02-09T10:00:00
495,74,2.2,2025-02-09T10:00:00
66,176,3.6,2025-02-09T11:00:00
77,235,3.3,2025-02-09T11:00:00
206,189,3.1,2025-02-09T11:00:00
395,249,4.2,2025-02-09T11:00:00
476,264,4.9,2025-02-09T11:00:00
370,37,2.1,2025-02-09T12:00:00
497,44,5.0,2025-02-09T12:00:00
27,41,3.4,2025-02-09T13:00:00
173,279,2.3,2025-02-09T14:00:00
426,246,2.7,2025-02-09T14:00:00
13,74,4.0,2025-02-09T15:00:00
138,119,4.3,2025-02-09T15:00:00
302,70,4.5,2025-02-09T15:00:00
316,117,3.9,2025-02-09T15:00:00
430,288,3.8,2025-02-09T15:00:00
140,300,4.8,2025-02-09T16:00:00
149,148,4.1,2025-02-09T16:00:00
175,160,4.0,2025-02-09T16:00:00
400,150,4.1,2025-02-09T16:00:00
443,184,3.7,2025-02-09T18:00:00
458,2,3.6,2025-02-09T18:00:00
120,291,4.2,2025-02-09T19:00:00
201,68,4.5,2025-02-09T19:00:00
278,42,4.9,2025-02-09T19:00:00
446,17,2.9,2025-02-09T19:00:00
97,153,3.1,2025-02-09T20:00:00
128,12,4.7,2025-02-09T21:00:00
252,89,2.6,2025-02-09T21:00:00
319,48,4.8,2025-02-09T21:00:00
352,110,4.9,2025-02-09T21:00:00
103,122,3.1,2025-02-09T23:00:00
188,142,3.6,2025-02-09T23:00:00
13,35,5.0,2025-02-10T00:00:00
216,277,4.7,2025-02-10T01:00:00
290,29,2.8,2025-02-10T01:00:00
443,200,5.0,2025-02-10T01:00:00
499,146,4.3,2025-02-10T01:00:00
43,166,3.4,2025-02-10T02:00:00
146,227,3.7,2025-02-10T02:00:00
271,164,3.4,2025-02-10T02:00:00
389,20,5.0,2025-02-10T03:00:00
99,180,3.9,2025-02-10T04:00:00
201,209,2.9,2025-02-10T04:00:00
13,6,4.7,2025-02-10T05:00:00
204,74,4.0,2025-02-10T05:00:00
356,257,4.3,2025-02-10T06:00:00
395,205,4.1,2025-02-10T06:00:00
449,208,3.3,2025-02-10T06:00:00
178,286,3.2,2025-02-10T07:00:00
197,196,4.5,2025-02-10T07:00:00
42,138,3.8,2025-02-10T08:00:00
206,196,4.4,2025-02-10T10:00:00
400,165,3.3,2025-02-10T11:00:00
370,98,4.2,2025-02-10T12:00:00
86,178,4.5,2025-02-10T13:00:00
194,65,4.8,2025-02-10T13:00:00
216,267,4.1,2025-02-10T13:00:00
270,64,3.3,2025-02-10T13:00:00
422,48,2.0,2025-02-10T13:00:00
72,42,3.9,2025-02-10T14:00:00
134,266,3.0,2025-02-10T14:00:00
170,108,4.2,2025-02-10T15:00:00
43,5,2.2,2025-02-10T16:00:00
46,167,4.3,2025-02-10T16:00:00
252,180,5.0,2025-02-10T16:00:00
446,45,4.0,2025-02-10T16:00:00
35,198,4.7,2025-02-10T17:00:00
42,222,2.0,2025-02-10T17:00:00
239,10,5.0,2025-02-10T17:00:00
271,158,2.6,2025-02-10T17:00:00
344,75,3.4,2025-02-10T17:00:00
359,149,4.6,2025-02-10T17:00:00
15,48,3.8,2025-02-10T18:00:00
137,129,2.3,2025-02-10T18:00:00
244,176,3.2,2025-02-10T18:00:00
312,283,2.2,2025-02-10T19:00:00
358,266,1.0,2025-02-10T19:00:00
476,289,4.1,2025-02-10T19:00:00
146,287,4.8,2025-02-10T20:00:00
207,17,3.2,2025-02-10T20:00:00
256,52,3.3,2025-02-10T20:00:00
354,182,5.0,2025-02-10T21:00:00
1,229,3.6,2025-02-10T22:00:00
275,263,4.4,2025-02-10T22:00:00
96,139,5.0,2025-02-10T23:00:00
188,102,3.7,2025-02-11T00:00:00
215,148,3.7,2025-02-11T00:00:00
324,162,3.6,2025-02-11T00:00:00
370,102,2.6,2025-02-11T00:00:00
15,50,4.3,2025-02-11T01:00:00
316,71,4.6,2025-02-11T01:00:00
379,37,2.6,2025-02-11T01:00:00
63,274,4.7,2025-02-11T02:00:00
229,39,5.0,2025-02-11T02:00:00
243,178,3.7,2025-02-11T02:00:00
372,261,3.7,2025-02-11T02:00:00
195,226,3.1,2025-02-11T03:00:00
99,190,5.0,2025-02-11T04:00:00
239,171,3.8,2025-02-11T04:00:00
226,32,3.6,2025-02-11T05:00:00
170,23,3.6,2025-02-11T06:00:00
424,42,4.2,2025-02-11T06:00:00
271,55,4.4,2025-02-11T09:00:00
318,20,4.5,2025-02-11T11:00:00
419,222,4.2,2025-02-11T11:00:00
471,266,3.0,2025-02-11T12:00:00
50,222,2.7,2025-02-11T13:00:00
164,273,5.0,2025-02-11T13:00:00
212,48,2.3,2025-02-11T13:00:00
274,70,4.0,2025-02-11T13:00:00
140,292,4.6,2025-02-11T14:00:00
244,34,2.5,2025-02-11T14:00:00
39,122,4.6,2025-02-11T15:00:00
293,84,5.0,2025-02-11T15:00:00
43,226,2.2,2025-02-11T16:00:00
134,225,1.6,2025-02-11T16:00:00
229,74,5.0,2025-02-11T16:00:00
195,45,3.9,2025-02-11T17:00:00
319,5,5.0,2025-02-11T18:00:00
358,249,2.9,2025-02-11T18:00:00
311,29,2.0,2025-02-11T19:00:00
403,44,4.8,2025-02-11T19:00:00
495,172,2.8,2025-02-11T20:00:00
305,179,4.8,2025-02-11T22:00:00
347,75,4.3,2025-02-11T22:00:00
474,161,4.0,2025-02-11T22:00:00
290,57,3.7,2025-02-12T00:00:00
372,253,3.0,2025-02-12T00:00:00
239,294,4.3,2025-02-12T01:00:00
243,174,2.8,2025-02-12T01:00:00
226,15,3.8,2025-02-12T02:00:00
104,122,5.0,2025-02-12T03:00:00
99,161,4.4,2025-02-12T04:00:00
137,161,1.4,2025-02-12T04:00:00
138,142,3.6,2025-02-12T04:00:00
338,259,4.6,2025-02-12T04:00:00
431,253,3.3,2025-02-12T04:00:00
458,27,4.3,2025-02-12T04:00:00
6,88,2.0,2025-02-12T06:00:00
389,6,4.3,2025-02-12T06:00:00
497,172,3.3,2025-02-12T06:00:00
229,29,4.1,2025-02-12T07:00:00
214,164,2.8,2025-02-12T09:00:00
379,42,3.3,2025-02-12T09:00:00
278,149,4.4,2025-02-12T11:00:00
338,300,5.0,2025-02-12T11:00:00
15,31,5.0,2025-02-12T12:00:00
347,70,4.8,2025-02-12T12:00:00
168,292,5.0,2025-02-12T13:00:00
206,274,2.4,2025-02-12T13:00:00
63,257,5.0,2025-02-12T14:00:00
252,161,4.1,2025-02-12T14:00:00
370,164,3.6,2025-02-12T14:00:00
469,133,3.3,2025-02-12T14:00:00
173,34,1.9,2025-02-12T15:00:00
180,250,3.7,2025-02-12T15:00:00
237,55,3.5,2025-02-12T15:00:00
326,50,2.3,2025-02-12T16:00:00
72,29,2.7,2025-02-12T17:00:00
208,276,5.0,2025-02-12T17:00:00
214,172,2.8,2025-02-12T17:00:00
419,209,4.6,2025-02-12T17:00:00
66,181,4.1,2025-02-12T19:00:00
212,122,2.8,2025-02-12T20:00:00
79,219,4.5,2025-02-12T21:00:00
302,162,2.2,2025-02-12T21:00:00
312,121,3.9,2025-02-12T21:00:00
358,231,1.6,2025-02-12T21:00:00
430,258,4.6,2025-02-12T21:00:00
140,276,3.6,2025-02-12T22:00:00
308,148,2.5,2025-02-12T23:00:00
395,209,4.3,2025-02-12T23:00:00
350,292,3.5,2025-02-13T00:00:00
476,48,3.5,2025-02-13T00:00:00
443,236,3.2,2025-02-13T01:00:00
39,74,2.4,2025-02-13T02:00:00
214,156,2.6,2025-02-13T02:00:00
46,122,2.3,2025-02-13T03:00:00
77,240,3.6,2025-02-13T03:00:00
352,102,4.7,2025-02-13T03:00:00
426,277,2.7,2025-02-13T04:00:00
175,41,4.0,2025-02-13T05:00:00
356,165,3.3,2025-02-13T06:00:00
442,74,3.2,2025-02-13T06:00:00
3,273,2.6,2025-02-13T07:00:00
476,60,3.9,2025-02-13T07:00:00
86,172,4.6,2025-02-13T08:00:00
35,277,2.6,2025-02-13T09:00:00
103,149,3.3,2025-02-13T09:00:00
120,275,4.4,2025-02-13T09:00:00
178,99,4.9,2025-02-13T09:00:00
274,48,4.3,2025-02-13T09:00:00
474,181,4.2,2025-02-13T09:00:00
164,4,3.8,2025-02-13T10:00:00
278,74,3.2,2025-02-13T10:00:00
13,48,4.8,2025-02-13T11:00:00
293,277,3.7,2025-02-13T11:00:00
1,2,1.8,2025-02-13T12:00:00
27,42,4.3,2025-02-13T12:00:00
271,172,2.8,2025-02-13T12:00:00
443,142,3.6,2025-02-13T12:00:00
499,178,3.9,2025-02-13T12:00:00
128,89,3.6,2025-02-13T13:00:00
190,175,4.7,2025-02-13T13:00:00
215,108,4.7,2025-02-13T13:00:00
449,178,3.3,2025-02-13T14:00:00
261,209,4.4,2025-02-13T15:00:00
149,292,4.6,2025-02-13T16:00:00
220,209,3.2,2025-02-13T19:00:00
97,107,4.1,2025-02-13T20:00:00
216,122,3.4,2025-02-13T20:00:00
188,153,1.7,2025-02-13T21:00:00
274,207,3.6,2025-02-13T21:00:00
197,55,4.3,2025-02-13T22:00:00
204,176,3.2,2025-02-13T22:00:00
215,5,3.1,2025-02-13T22:00:00
326,64,4.1,2025-02-13T22:00:00
344,300,3.7,2025-02-13T22:00:00
164,249,5.0,2025-02-13T23:00:00
170,141,3.2,2025-02-14T00:00:00
261,94,2.5,2025-02-14T00:00:00
243,196,4.2,2025-02-14T01:00:00
252,153,5.0,2025-02-14T01:00:00
239,197,4.4,2025-02-14T02:00:00
458,17,4.3,2025-02-14T02:00:00
194,277,5.0,2025-02-14T03:00:00
201,89,5.0,2025-02-14T03:00:00
302,108,3.3,2025-02-14T04:00:00
352,108,5.0,2025-02-14T04:00:00
354,216,4.7,2025-02-14T04:00:00
324,209,3.5,2025-02-14T05:00:00
253,49,1.4,2025-02-14T06:00:00
416,209,4.3,2025-02-14T06:00:00
350,284,5.0,2025-02-14T07:00:00
422,165,4.9,2025-02-14T07:00:00
359,122,4.3,2025-02-14T08:00:00
27,187,3.4,2025-02-14T09:00:00
46,164,3.3,2025-02-14T09:00:00
86,176,5.0,2025-02-14T09:00:00
356,300,4.7,2025-02-14T09:00:00
495,271,4.2,2025-02-14T09:00:00
253,183,3.8,2025-02-14T10:00:00
256,108,5.0,2025-02-14T10:00:00
270,46,4.4,2025-02-14T10:00:00
50,249,4.1,2025-02-14T11:00:00
400,138,3.4,2025-02-14T11:00:00
66,171,3.9,2025-02-14T12:00:00
311,42,4.1,2025-02-14T12:00:00
446,28,3.8,2025-02-14T12:00:00
458,42,5.0,2025-02-14T12:00:00
214,50,1.4,2025-02-14T13:00:00
15,209,3.0,2025-02-14T14:00:00
99,175,5.0,2025-02-14T14:00:00
350,253,4.0,2025-02-14T14:00:00
168,41,4.5,2025-02-14T15:00:00
201,247,3.4,2025-02-14T15:00:00
229,28,4.6,2025-02-14T15:00:00
293,196,3.3,2025-02-14T15:00:00
354,243,5.0,2025-02-14T15:00:00
138,108,3.6,2025-02-14T16:00:00
146,280,4.8,2025-02-14T17:00:00
178,178,4.0,2025-02-14T17:00:00
372,274,3.0,2025-02-14T17:00:00
27,266,2.8,2025-02-14T18:00:00
96,88,3.8,2025-02-14T18:00:00
275,258,5.0,2025-02-14T18:00:00
278,29,4.1,2025-02-14T18:00:00
369,18,3.8,2025-02-14T18:00:00
424,5,4.9,2025-02-14T18:00:00
43,29,2.6,2025-02-14T19:00:00
195,48,4.1,2025-02-14T19:00:00
208,57,4.5,2025-02-14T19:00:00
318,4,3.1,2025-02-14T19:00:00
352,114,4.6,2025-02-14T19:00:00
207,267,3.7,2025-02-14T20:00:00
212,164,3.3,2025-02-14T20:00:00
471,153,5.0,2025-02-14T20:00:00
185,74,5.0,2025-02-14T21:00:00
395,34,3.5,2025-02-14T21:00:00
403,222,3.9,2025-02-14T22:00:00
134,297,3.2,2025-02-14T23:00:00
206,179,2.9,2025-02-15T00:00:00
253,196,3.4,2025-02-15T01:00:00
316,100,3.1,2025-02-15T01:00:00
3,77,3.5,2025-02-15T02:00:00
13,24,5.0,2025-02-15T02:00:00
416,122,4.2,2025-02-15T02:00:00
79,2,3.0,2025-02-15T03:00:00
185,171,4.7,2025-02-15T03:00:00
400,231,4.4,2025-02-15T03:00:00
137,282,3.5,2025-02-15T04:00:00
175,2,4.0,2025-02-15T04:00:00
244,164,4.3,2025-02-15T04:00:00
104,197,4.9,2025-02-15T06:00:00
370,70,3.2,2025-02-15T06:00:00
379,176,2.9,2025-02-15T06:00:00
15,35,3.6,2025-02-15T07:00:00
86,107,3.8,2025-02-15T07:00:00
178,250,2.8,2025-02-15T09:00:00
497,209,2.2,2025-02-15T09:00:00
160,217,4.1,2025-02-15T10:00:00
194,213,3.4,2025-02-15T10:00:00
389,34,3.8,2025-02-15T10:00:00
424,184,2.2,2025-02-15T10:00:00
190,259,4.5,2025-02-15T11:00:00
430,55,4.1,2025-02-15T11:00:00
431,106,3.6,2025-02-15T11:00:00
168,277,5.0,2025-02-15T12:00:00
354,155,4.8,2025-02-15T12:00:00
426,122,3.1,2025-02-15T12:00:00
458,217,5.0,2025-02-15T12:00:00
63,2,3.2,2025-02-15T13:00:00
188,131,4.2,2025-02-15T13:00:00
27,35,3.4,2025-02-15T14:00:00
72,200,4.3,2025-02-15T14:00:00
345,280,3.8,2025-02-15T14:00:00
6,59,4.5,2025-02-15T15:00:00
476,288,3.9,2025-02-15T15:00:00
50,211,4.0,2025-02-15T16:00:00
120,258,3.5,2025-02-15T16:00:00
232,219,4.6,2025-02-15T17:00:00
103,29,2.3,2025-02-15T18:00:00
229,12,4.4,2025-02-15T18:00:00
237,79,3.2,2025-02-15T18:00:00
290,280,2.6,2025-02-15T18:00:00
319,122,4.5,2025-02-15T18:00:00
442,267,5.0,2025-02-15T18:00:00
305,152,4.7,2025-02-15T19:00:00
338,266,3.2,2025-02-15T19:00:00
72,178,4.2,2025-02-15T20:00:00
149,257,4.4,2025-02-15T20:00:00
160,5,3.1,2025-02-15T20:00:00
180,186,3.9,2025-02-15T20:00:00
253,267,2.8,2025-02-15T20:00:00
309,257,5.0,2025-02-15T21:00:00
386,210,3.4,2025-02-15T21:00:00
140,284,4.2,2025-02-15T22:00:00
226,6,4.7,2025-02-15T23:00:00
389,41,5.0,2025-02-16T00:00:00
469,143,2.8,2025-02-16T00:00:00
243,152,3.7,2025-02-16T01:00:00
201,280,2.6,2025-02-16T02:00:00
419,49,3.4,2025-02-16T02:00:00
77,109,4.0,2025-02-16T03:00:00
194,123,5.0,2025-02-16T03:00:00
261,226,5.0,2025-02-16T04:00:00
324,45,5.0,2025-02-16T04:00:00
326,74,3.5,2025-02-16T04:00:00
345,277,3.8,2025-02-16T04:00:00
350,266,3.6,2025-02-16T04:00:00
66,18,2.8,2025-02-16T05:00:00
72,217,4.1,2025-02-16T05:00:00
239,18,4.9,2025-02-16T05:00:00
379,27,4.3,2025-02-16T05:00:00
474,176,5.0,2025-02-16T05:00:00
207,261,4.9,2025-02-16T06:00:00
347,280,4.6,2025-02-16T06:00:00
220,216,4.1,2025-02-16T07:00:00
449,74,3.1,2025-02-16T07:00:00
1,122,2.9,2025-02-16T08:00:00
65,18,3.7,2025-02-16T08:00:00
134,24,1.6,2025-02-16T08:00:00
175,5,4.3,2025-02-16T08:00:00
370,18,3.0,2025-02-16T08:00:00
141,37,3.7,2025-02-16T09:00:00
345,287,4.8,2025-02-16T09:00:00
96,145,3.9,2025-02-16T10:00:00
173,31,1.9,2025-02-16T10:00:00
389,122,4.3,2025-02-16T11:00:00
442,285,4.0,2025-02-16T11:00:00
308,213,3.5,2025-02-16T12:00:00
50,122,3.2,2025-02-16T13:00:00
39,42,2.8,2025-02-16T14:00:00
274,250,4.7,2025-02-16T14:00:00
372,17,2.4,2025-02-16T14:00:00
422,170,4.1,2025-02-16T14:00:00
160,157,2.3,2025-02-16T15:00:00
215,249,3.0,2025-02-16T15:00:00
358,9,1.3,2025-02-16T16:00:00
458,32,4.7,2025-02-16T16:00:00
146,291,4.9,2025-02-16T17:00:00
419,242,3.8,2025-02-16T17:00:00
128,45,3.6,2025-02-16T18:00:00
151,87,4.4,2025-02-16T18:00:00
164,122,3.3,2025-02-16T18:00:00
212,155,2.9,2025-02-16T18:00:00
253,189,3.5,2025-02-16T18:00:00
271,183,3.6,2025-02-16T18:00:00
395,45,3.0,2025-02-16T18:00:00
312,117,3.9,2025-02-16T19:00:00
66,192,4.1,2025-02-16T20:00:00
134,264,3.1,2025-02-16T20:00:00
352,142,4.1,2025-02-16T20:00:00
354,198,4.7,2025-02-16T20:00:00
86,189,4.5,2025-02-16T21:00:00
430,253,3.9,2025-02-16T21:00:00
476,291,3.7,2025-02-16T21:00:00
194,110,4.5,2025-02-16T22:00:00
226,48,3.8,2025-02-16T22:00:00
35,87,4.6,2025-02-17T00:00:00
344,57,5.0,2025-02-17T00:00:00
443,178,4.1,2025-02-17T00:00:00
195,41,3.5,2025-02-17T01:00:00
197,244,3.9,2025-02-17T01:00:00
311,132,4.3,2025-02-17T02:00:00
140,265,4.7,2025-02-17T04:00:00
206,174,3.0,2025-02-17T04:00:00
208,291,5.0,2025-02-17T04:00:00
345,275,3.6,2025-02-17T05:00:00
216,256,4.5,2025-02-17T06:00:00
149,255,4.5,2025-02-17T07:00:00
178,42,3.7,2025-02-17T07:00:00
356,287,5.0,2025-02-17T07:00:00
358,229,2.3,2025-02-17T07:00:00
386,201,3.9,2025-02-17T08:00:00
99,164,4.7,2025-02-17T09:00:00
190,12,4.8,2025-02-17T09:00:00
120,147,3.6,2025-02-17T10:00:00
128,42,5.0,2025-02-17T10:00:00
170,102,5.0,2025-02-17T10:00:00
359,110,4.7,2025-02-17T10:00:00
499,17,3.0,2025-02-17T10:00:00
138,150,4.1,2025-02-17T11:00:00
256,176,3.6,2025-02-17T11:00:00
302,64,4.4,2025-02-17T11:00:00
50,43,3.0,2025-02-17T12:00:00
270,165,3.2,2025-02-17T12:00:00
293,71,3.9,2025-02-17T12:00:00
316,266,2.3,2025-02-17T12:00:00
79,156,3.3,2025-02-17T13:00:00
46,195,3.6,2025-02-17T14:00:00
190,214,4.9,2025-02-17T14:00:00
204,6,4.5,2025-02-17T14:00:00
164,245,5.0,2025-02-17T15:00:00
96,118,3.9,2025-02-17T16:00:00
195,249,4.7,2025-02-17T16:00:00
103,79,2.9,2025-02-17T17:00:00
319,249,4.3,2025-02-17T17:00:00
338,257,4.5,2025-02-17T17:00:00
97,165,4.0,2025-02-17T18:00:00
104,129,5.0,2025-02-17T18:00:00
305,196,5.0,2025-02-17T18:00:00
474,209,4.7,2025-02-17T18:00:00
495,184,4.2,2025-02-17T18:00:00
216,285,5.0,2025-02-17T19:00:00
356,277,5.0,2025-02-17T20:00:00
66,178,3.9,2025-02-17T21:00:00
419,244,4.2,2025-02-17T21:00:00
469,178,3.3,2025-02-17T21:00:00
170,119,4.1,2025-02-17T22:00:00
173,147,2.8,2025-02-17T22:00:00
212,182,2.4,2025-02-17T22:00:00
446,292,2.6,2025-02-17T22:00:00
199,178,2.2,2025-02-17T23:00:00
278,219,4.4,2025-02-17T23:00:00
13,31,4.6,2025-02-18T00:00:00
39,183,4.9,2025-02-18T00:00:00
471,74,4.0,2025-02-18T00:00:00
180,268,4.0,2025-02-18T01:00:00
252,173,4.3,2025-02-18T01:00:00
344,99,4.8,2025-02-18T01:00:00
400,102,4.2,2025-02-18T01:00:00
185,227,4.4,2025-02-18T02:00:00
453,178,4.1,2025-02-18T02:00:00
309,270,4.3,2025-02-18T03:00:00
77,77,3.7,2025-02-18T04:00:00
369,183,2.8,2025-02-18T04:00:00
430,280,4.3,2025-02-18T04:00:00
499,135,3.5,2025-02-18T04:00:00
261,190,3.5,2025-02-18T05:00:00
278,45,4.5,2025-02-18T05:00:00
416,217,3.1,2025-02-18T06:00:00
426,290,2.8,2025-02-18T06:00:00
3,267,3.4,2025-02-18T07:00:00
214,161,2.5,2025-02-18T07:00:00
86,184,4.0,2025-02-18T08:00:00
372,288,3.6,2025-02-18T08:00:00
379,48,2.1,2025-02-18T09:00:00
275,298,4.6,2025-02-18T10:00:00
313,40,3.2,2025-02-18T10:00:00
424,27,3.3,2025-02-18T10:00:00
138,178,2.7,2025-02-18T11:00:00
43,217,3.4,2025-02-18T12:00:00
256,113,4.6,2025-02-18T12:00:00
403,261,4.9,2025-02-18T12:00:00
476,97,4.0,2025-02-18T12:00:00
168,289,4.7,2025-02-18T13:00:00
229,171,4.9,2025-02-18T14:00:00
302,72,3.4,2025-02-18T14:00:00
318,19,4.6,2025-02-18T14:00:00
372,284,3.9,2025-02-18T14:00:00
128,17,4.4,2025-02-18T15:00:00
15,6,4.0,2025-02-18T17:00:00
293,60,5.0,2025-02-18T18:00:00
63,55,4.1,2025-02-18T20:00:00
65,42,2.2,2025-02-18T20:00:00
137,64,3.3,2025-02-18T20:00:00
50,280,3.1,2025-02-18T21:00:00
168,42,3.2,2025-02-18T21:00:00
422,162,4.3,2025-02-18T21:00:00
312,111,3.8,2025-02-18T22:00:00
352,149,5.0,2025-02-18T22:00:00
146,266,4.4,2025-02-18T23:00:00
244,122,4.2,2025-02-18T23:00:00
426,284,4.8,2025-02-18T23:00:00
188,132,4.7,2025-02-19T00:00:00
215,46,3.5,2025-02-19T00:00:00
226,277,2.5,2025-02-19T00:00:00
311,109,4.0,2025-02-19T00:00:00
379,143,2.5,2025-02-19T00:00:00
232,17,3.2,2025-02-19T01:00:00
239,213,3.4,2025-02-19T01:00:00
356,275,4.6,2025-02-19T01:00:00
316,64,4.6,2025-02-19T02:00:00
350,286,4.6,2025-02-19T02:00:00
499,165,3.4,2025-02-19T02:00:00
389,89,5.0,2025-02-19T04:00:00
430,74,4.3,2025-02-19T04:00:00
469,121,5.0,2025-02-19T04:00:00
6,122,4.1,2025-02-19T05:00:00
79,122,3.0,2025-02-19T05:00:00
237,62,5.0,2025-02-19T05:00:00
99,122,3.6,2025-02-19T06:00:00
103,281,2.6,2025-02-19T06:00:00
442,259,4.4,2025-02-19T06:00:00
43,231,1.9,2025-02-19T07:00:00
46,199,3.4,2025-02-19T07:00:00
199,141,5.0,2025-02-19T09:00:00
344,271,5.0,2025-02-19T09:00:00
431,172,1.7,2025-02-19T09:00:00
270,164,2.8,2025-02-19T10:00:00
274,216,4.3,2025-02-19T10:00:00
354,190,4.1,2025-02-19T11:00:00
27,152,3.7,2025-02-19T12:00:00
197,58,3.9,2025-02-19T12:00:00
316,264,2.2,2025-02-19T12:00:00
253,55,4.4,2025-02-19T13:00:00
416,212,3.9,2025-02-19T13:00:00
220,213,4.3,2025-02-19T14:00:00
443,161,4.1,2025-02-19T14:00:00
72,188,3.9,2025-02-19T15:00:00
476,75,4.0,2025-02-19T15:00:00
194,87,4.9,2025-02-19T16:00:00
290,147,4.5,2025-02-19T16:00:00
151,122,5.0,2025-02-19T17:00:00
352,45,4.5,2025-02-19T17:00:00
449,270,3.6,2025-02-19T17:00:00
326,122,3.9,2025-02-19T18:00:00
469,238,3.8,2025-02-19T18:00:00
35,199,4.7,2025-02-19T20:00:00
207,277,4.3,2025-02-19T20:00:00
140,280,4.7,2025-02-19T21:00:00
237,99,4.2,2025-02-19T21:00:00
6,5,2.4,2025-02-19T22:00:00
160,269,3.8,2025-02-19T22:00:00
190,122,4.6,2025-02-19T22:00:00
338,271,5.0,2025-02-19T22:00:00
431,222,2.6,2025-02-19T22:00:00
39,213,3.8,2025-02-20T00:00:00
170,209,2.9,2025-02-20T00:00:00
243,166,4.0,2025-02-20T00:00:00
326,55,3.4,2025-02-20T00:00:00
175,29,5.0,2025-02-20T01:00:00
149,122,4.0,2025-02-20T02:00:00
403,68,5.0,2025-02-20T02:00:00
141,17,5.0,2025-02-20T03:00:00
180,164,4.3,2025-02-20T03:00:00
271,95,4.2,2025-02-20T03:00:00
370,51,3.5,2025-02-20T03:00:00
146,267,4.5,2025-02-20T04:00:00
319,164,3.3,2025-02-20T04:00:00
362,74,4.0,2025-02-20T04:00:00
419,249,4.8,2025-02-20T04:00:00
469,216,2.9,2025-02-20T04:00:00
79,222,3.9,2025-02-20T05:00:00
395,183,4.2,2025-02-20T05:00:00
347,209,5.0,2025-02-20T06:00:00
443,239,4.0,2025-02-20T06:00:00
195,219,2.9,2025-02-20T07:00:00
318,164,2.9,2025-02-20T07:00:00
344,90,4.0,2025-02-20T07:00:00
316,73,4.3,2025-02-20T08:00:00
215,143,4.3,2025-02-20T09:00:00
345,300,4.8,2025-02-20T09:00:00
356,271,4.5,2025-02-20T09:00:00
419,238,5.0,2025-02-20T09:00:00
72,163,3.5,2025-02-20T10:00:00
96,79,4.2,2025-02-20T10:00:00
164,259,5.0,2025-02-20T10:00:00
308,8,2.3,2025-02-20T10:00:00
137,116,4.2,2025-02-20T11:00:00
104,74,4.2,2025-02-20T12:00:00
185,76,5.0,2025-02-20T12:00:00
220,214,3.8,2025-02-20T12:00:00
243,176,4.9,2025-02-20T12:00:00
318,6,4.5,2025-02-20T12:00:00
352,21,1.8,2025-02-20T12:00:00
134,148,2.7,2025-02-20T13:00:00
362,89,3.5,2025-02-20T13:00:00
128,48,3.5,2025-02-20T14:00:00
141,29,4.0,2025-02-20T14:00:00
356,253,3.4,2025-02-20T15:00:00
458,201,5.0,2025-02-20T15:00:00
66,187,4.8,2025-02-20T16:00:00
252,266,3.7,2025-02-20T16:00:00
308,74,2.2,2025-02-20T16:00:00
430,42,4.6,2025-02-20T16:00:00
13,10,4.3,2025-02-20T17:00:00
63,297,5.0,2025-02-20T17:00:00
352,74,5.0,2025-02-20T17:00:00
128,29,5.0,2025-02-20T18:00:00
206,99,2.7,2025-02-20T18:00:00
276,272,3.5,2025-02-20T18:00:00
495,159,4.1,2025-02-20T18:00:00
146,149,5.0,2025-02-20T19:00:00
208,270,5.0,2025-02-20T19:00:00
358,44,1.0,2025-02-20T19:00:00
77,115,5.0,2025-02-20T20:00:00
160,270,5.0,2025-02-20T20:00:00
170,118,3.8,2025-02-20T20:00:00
137,132,4.2,2025-02-20T21:00:00
207,122,3.0,2025-02-20T21:00:00
239,12,4.6,2025-02-20T21:00:00
256,129,4.0,2025-02-20T21:00:00
386,246,4.2,2025-02-20T21:00:00
443,20,3.2,2025-02-20T21:00:00
3,243,3.9,2025-02-20T22:00:00
442,277,4.8,2025-02-20T22:00:00
215,31,4.0,2025-02-20T23:00:00
403,5,3.9,2025-02-21T00:00:00
43,246,3.2,2025-02-21T01:00:00
120,132,2.4,2025-02-21T01:00:00
474,241,4.6,2025-02-21T01:00:00
65,122,2.3,2025-02-21T02:00:00
204,141,3.6,2025-02-21T02:00:00
168,298,4.4,2025-02-21T03:00:00
256,259,2.9,2025-02-21T03:00:00
370,97,2.9,2025-02-21T03:00:00
237,75,2.4,2025-02-21T04:00:00
305,45,2.7,2025-02-21T04:00:00
312,148,3.6,2025-02-21T04:00:00
372,285,3.7,2025-02-21T04:00:00
27,20,3.9,2025-02-21T05:00:00
274,28,3.3,2025-02-21T06:00:00
386,122,2.2,2025-02-21T06:00:00
446,87,4.7,2025-02-21T06:00:00
359,145,4.0,2025-02-21T07:00:00
474,15,2.5,2025-02-21T07:00:00
293,63,5.0,2025-02-21T08:00:00
188,101,4.3,2025-02-21T09:00:00
190,101,4.5,2025-02-21T09:00:00
253,89,3.5,2025-02-21T09:00:00
27,181,2.5,2025-02-21T10:00:00
43,222,3.9,2025-02-21T10:00:00
79,245,4.4,2025-02-21T10:00:00
216,270,3.8,2025-02-21T10:00:00
261,219,4.9,2025-02-21T12:00:00
309,186,4.3,2025-02-21T12:00:00
344,92,4.7,2025-02-21T12:00:00
3,207,4.6,2025-02-21T13:00:00
243,298,2.4,2025-02-21T13:00:00
453,164,3.8,2025-02-21T13:00:00
13,45,4.2,2025-02-21T14:00:00
212,165,3.1,2025-02-21T14:00:00
256,179,4.3,2025-02-21T14:00:00
278,5,5.0,2025-02-21T14:00:00
326,215,2.9,2025-02-21T14:00:00
379,223,2.0,2025-02-21T14:00:00
400,164,2.6,2025-02-21T14:00:00
471,42,3.9,2025-02-21T14:00:00
499,196,3.7,2025-02-21T15:00:00
65,48,2.8,2025-02-21T16:00:00
239,36,4.3,2025-02-21T16:00:00
290,74,3.2,2025-02-21T16:00:00
97,144,4.3,2025-02-21T17:00:00
103,198,1.9,2025-02-21T17:00:00
190,50,2.9,2025-02-21T17:00:00
195,213,3.9,2025-02-21T18:00:00
319,42,5.0,2025-02-21T19:00:00
369,129,2.5,2025-02-21T19:00:00
141,147,4.6,2025-02-21T20:00:00
96,97,4.8,2025-02-21T21:00:00
97,119,4.2,2025-02-21T21:00:00
214,176,2.7,2025-02-21T21:00:00
302,207,2.5,2025-02-21T21:00:00
173,247,2.6,2025-02-21T22:00:00
311,270,3.3,2025-02-21T22:00:00
313,143,4.5,2025-02-21T22:00:00
469,148,3.8,2025-02-21T22:00:00
232,172,5.0,2025-02-21T23:00:00
274,209,4.5,2025-02-21T23:00:00
275,202,3.7,2025-02-21T23:00:00
422,183,4.1,2025-02-21T23:00:00
458,244,4.0,2025-02-21T23:00:00
50,227,3.5,2025-02-22T00:00:00
134,127,3.3,2025-02-22T00:00:00
316,255,3.7,2025-02-22T00:00:00
86,198,4.2,2025-02-22T01:00:00
140,299,4.9,2025-02-22T01:00:00
151,161,3.4,2025-02-22T01:00:00
104,42,5.0,2025-02-22T02:00:00
146,164,3.3,2025-02-22T02:00:00
35,180,4.7,2025-02-22T03:00:00
345,271,4.2,2025-02-22T03:00:00
426,176,2.3,2025-02-22T03:00:00
134,269,3.7,2025-02-22T04:00:00
190,126,5.0,2025-02-22T04:00:00
302,189,3.3,2025-02-22T05:00:00
372,266,3.8,2025-02-22T05:00:00
19,161,3.8,2025-02-22T06:00:00
216,257,4.1,2025-02-22T06:00:00
424,6,3.0,2025-02-22T06:00:00
476,278,3.7,2025-02-22T06:00:00
495,282,2.8,2025-02-22T06:00:00
173,102,2.7,2025-02-22T07:00:00
220,249,3.5,2025-02-22T07:00:00
229,2,4.7,2025-02-22T07:00:00
293,267,3.6,2025-02-22T07:00:00
326,2,3.0,2025-02-22T07:00:00
215,165,3.0,2025-02-22T08:00:00
316,243,3.1,2025-02-22T08:00:00
16,266,3.0,2025-02-22T09:00:00
39,164,5.0,2025-02-22T09:00:00
199,122,4.1,2025-02-22T09:00:00
318,31,5.0,2025-02-22T09:00:00
3,189,2.3,2025-02-22T10:00:00
140,290,3.4,2025-02-22T10:00:00
194,70,5.0,2025-02-22T10:00:00
232,74,3.4,2025-02-22T10:00:00
379,45,3.7,2025-02-22T10:00:00
395,79,4.1,2025-02-22T10:00:00
97,195,4.9,2025-02-22T11:00:00
138,145,2.6,2025-02-22T11:00:00
195,42,3.9,2025-02-22T11:00:00
312,74,2.3,2025-02-22T11:00:00
370,67,3.2,2025-02-22T11:00:00
15,225,2.6,2025-02-22T12:00:00
206,176,3.6,2025-02-22T12:00:00
278,193,2.9,2025-02-22T12:00:00
424,153,3.8,2025-02-22T12:00:00
446,12,3.5,2025-02-22T12:00:00
66,168,3.9,2025-02-22T13:00:00
86,162,5.0,2025-02-22T14:00:00
197,89,5.0,2025-02-22T14:00:00
476,274,4.1,2025-02-22T15:00:00
204,119,3.7,2025-02-22T16:00:00
359,247,3.3,2025-02-22T16:00:00
290,165,2.7,2025-02-22T17:00:00
99,179,3.8,2025-02-22T18:00:00
338,231,3.8,2025-02-22T18:00:00
350,65,1.7,2025-02-22T18:00:00
354,188,5.0,2025-02-22T18:00:00
426,209,3.1,2025-02-22T18:00:00
474,169,3.6,2025-02-22T19:00:00
46,172,3.4,2025-02-22T20:00:00
120,89,4.1,2025-02-22T20:00:00
244,27,3.4,2025-02-22T20:00:00
274,300,2.6,2025-02-22T20:00:00
50,250,4.9,2025-02-22T21:00:00
226,108,3.4,2025-02-22T21:00:00
43,74,2.6,2025-02-22T22:00:00
180,206,4.8,2025-02-22T22:00:00
188,213,2.1,2025-02-22T22:00:00
309,266,4.8,2025-02-22T22:00:00
362,129,1.9,2025-02-22T22:00:00
469,160,2.7,2025-02-22T22:00:00
66,160,3.6,2025-02-22T23:00:00
128,16,4.4,2025-02-23T00:00:00
146,277,5.0,2025-02-23T00:00:00
185,89,5.0,2025-02-23T00:00:00
141,132,5.0,2025-02-23T01:00:00
389,287,3.5,2025-02-23T01:00:00
86,179,3.1,2025-02-23T02:00:00
271,87,3.1,2025-02-23T04:00:00
278,145,4.2,2025-02-23T04:00:00
305,200,4.1,2025-02-23T04:00:00
43,248,2.4,2025-02-23T05:00:00
128,27,4.7,2025-02-23T05:00:00
416,244,4.4,2025-02-23T05:00:00
149,164,3.7,2025-02-23T06:00:00
270,42,2.8,2025-02-23T06:00:00
443,122,4.3,2025-02-23T07:00:00
243,172,4.0,2025-02-23T08:00:00
3,246,4.2,2025-02-23T09:00:00
206,183,4.5,2025-02-23T09:00:00
471,187,4.6,2025-02-23T09:00:00
499,42,3.6,2025-02-23T09:00:00
141,257,3.9,2025-02-23T10:00:00
347,300,4.7,2025-02-23T10:00:00
35,89,3.6,2025-02-23T11:00:00
220,220,4.1,2025-02-23T11:00:00
6,45,1.9,2025-02-23T12:00:00
149,261,3.8,2025-02-23T12:00:00
352,195,4.2,2025-02-23T12:00:00
446,71,3.2,2025-02-23T12:00:00
453,157,4.1,2025-02-23T12:00:00
130,216,3.1,2025-02-23T13:00:00
206,197,4.5,2025-02-23T13:00:00
369,246,3.1,2025-02-23T13:00:00
424,11,4.4,2025-02-23T13:00:00
449,92,3.5,2025-02-23T13:00:00
50,136,2.7,2025-02-23T14:00:00
204,266,2.7,2025-02-23T14:00:00
215,42,4.2,2025-02-23T14:00:00
311,149,3.9,2025-02-23T14:00:00
312,197,4.0,2025-02-23T14:00:00
180,223,3.6,2025-02-23T15:00:00
318,5,5.0,2025-02-23T15:00:00
443,48,3.9,2025-02-23T15:00:00
86,186,3.3,2025-02-23T16:00:00
252,185,2.9,2025-02-23T16:00:00
190,102,5.0,2025-02-23T17:00:00
229,200,3.4,2025-02-23T17:00:00
359,141,5.0,2025-02-23T17:00:00
395,74,4.2,2025-02-23T17:00:00
243,186,4.6,2025-02-23T18:00:00
72,158,5.0,2025-02-23T19:00:00
134,74,2.4,2025-02-23T19:00:00
244,178,5.0,2025-02-23T19:00:00
344,110,3.1,2025-02-23T19:00:00
6,91,3.5,2025-02-23T20:00:00
173,183,2.0,2025-02-23T20:00:00
431,4,2.6,2025-02-23T20:00:00
457,45,3.0,2025-02-23T20:00:00
474,186,4.2,2025-02-23T20:00:00
164,212,5.0,2025-02-23T22:00:00
137,296,3.8,2025-02-23T23:00:00
442,271,4.0,2025-02-23T23:00:00
120,261,4.7,2025-02-24T00:00:00
77,94,4.3,2025-02-24T01:00:00
146,253,4.1,2025-02-24T01:00:00
240,164,2.7,2025-02-24T01:00:00
276,250,3.0,2025-02-24T01:00:00
16,46,3.1,2025-02-24T02:00:00
63,261,4.9,2025-02-24T02:00:00
358,98,1.4,2025-02-24T02:00:00
103,141,3.5,2025-02-24T03:00:00
197,198,5.0,2025-02-24T03:00:00
293,55,4.7,2025-02-24T03:00:00
359,107,4.2,2025-02-24T03:00:00
419,219,4.7,2025-02-24T03:00:00
356,162,3.0,2025-02-24T04:00:00
19,267,4.5,2025-02-24T05:00:00
270,50,4.0,2025-02-24T05:00:00
275,74,4.3,2025-02-24T05:00:00
319,74,4.3,2025-02-24T05:00:00
13,145,5.0,2025-02-24T06:00:00
99,153,4.5,2025-02-24T06:00:00
173,149,2.5,2025-02-24T06:00:00
214,89,1.0,2025-02-24T06:00:00
240,32,4.0,2025-02-24T06:00:00
151,40,3.2,2025-02-24T07:00:00
208,196,4.4,2025-02-24T07:00:00
237,281,3.8,2025-02-24T07:00:00
426,297,4.5,2025-02-24T07:00:00
499,164,3.5,2025-02-24T07:00:00
35,102,3.6,2025-02-24T08:00:00
316,284,3.4,2025-02-24T08:00:00
215,48,4.2,2025-02-24T09:00:00
318,44,4.7,2025-02-24T10:00:00
340,267,4.2,2025-02-24T10:00:00
356,299,4.1,2025-02-24T10:00:00
389,198,3.9,2025-02-24T10:00:00
430,300,4.6,2025-02-24T10:00:00
442,276,4.2,2025-02-24T10:00:00
168,55,3.3,2025-02-24T11:00:00
244,179,4.6,2025-02-24T11:00:00
207,274,4.3,2025-02-24T12:00:00
253,145,2.8,2025-02-24T12:00:00
449,266,3.5,2025-02-24T12:00:00
96,209,3.8,2025-02-24T13:00:00
208,258,5.0,2025-02-24T14:00:00
243,288,3.2,2025-02-24T14:00:00
400,249,2.5,2025-02-24T14:00:00
39,182,4.9,2025-02-24T15:00:00
120,79,5.0,2025-02-24T15:00:00
240,16,4.6,2025-02-24T15:00:00
256,104,4.0,2025-02-24T15:00:00
77,57,4.1,2025-02-24T16:00:00
140,298,5.0,2025-02-24T16:00:00
443,266,3.6,2025-02-24T16:00:00
79,216,4.3,2025-02-24T18:00:00
252,196,3.9,2025-02-24T18:00:00
97,196,3.6,2025-02-24T19:00:00
160,266,4.1,2025-02-24T19:00:00
370,52,3.7,2025-02-24T19:00:00
424,129,2.5,2025-02-24T19:00:00
170,89,3.1,2025-02-24T20:00:00
190,150,5.0,2025-02-24T20:00:00
212,193,2.5,2025-02-24T20:00:00
344,266,4.4,2025-02-24T21:00:00
354,196,5.0,2025-02-24T21:00:00
403,149,4.7,2025-02-24T21:00:00
64,109,3.5,2025-02-24T22:00:00
185,122,4.4,2025-02-24T22:00:00
362,42,3.7,2025-02-25T00:00:00
216,4,3.0,2025-02-25T01:00:00
276,209,3.9,2025-02-25T01:00:00
386,214,2.9,2025-02-25T01:00:00
312,102,3.4,2025-02-25T02:00:00
431,115,3.8,2025-02-25T02:00:00
63,262,5.0,2025-02-25T04:00:00
188,14,3.4,2025-02-25T04:00:00
39,198,4.5,2025-02-25T05:00:00
290,141,3.2,2025-02-25T05:00:00
109,19,3.1,2025-02-25T06:00:00
422,178,4.2,2025-02-25T06:00:00
104,144,5.0,2025-02-25T07:00:00
138,102,2.8,2025-02-25T07:00:00
261,216,4.4,2025-02-25T08:00:00
278,123,3.0,2025-02-25T08:00:00
379,209,1.4,2025-02-25T08:00:00
443,155,4.8,2025-02-25T08:00:00
446,179,1.8,2025-02-25T08:00:00
239,8,4.0,2025-02-25T09:00:00
469,209,3.4,2025-02-25T09:00:00
27,288,5.0,2025-02-25T10:00:00
141,74,3.5,2025-02-25T10:00:00
195,8,3.8,2025-02-25T10:00:00
430,232,2.9,2025-02-25T11:00:00
43,247,2.5,2025-02-25T12:00:00
293,53,5.0,2025-02-25T12:00:00
19,258,3.5,2025-02-25T13:00:00
149,100,5.0,2025-02-25T13:00:00
305,278,3.2,2025-02-25T13:00:00
46,189,3.4,2025-02-25T14:00:00
65,230,2.5,2025-02-25T15:00:00
168,269,3.8,2025-02-25T16:00:00
226,45,3.8,2025-02-25T16:00:00
302,45,3.0,2025-02-25T16:00:00
313,122,3.6,2025-02-25T16:00:00
458,164,3.8,2025-02-25T16:00:00
25,209,3.6,2025-02-25T17:00:00
137,163,2.4,2025-02-25T17:00:00
356,272,3.8,2025-02-25T17:00:00
372,269,4.7,2025-02-25T17:00:00
6,48,3.7,2025-02-25T18:00:00
140,29,3.2,2025-02-25T18:00:00
309,178,4.6,2025-02-25T18:00:00
471,164,5.0,2025-02-25T18:00:00
149,260,3.9,2025-02-25T19:00:00
253,164,4.4,2025-02-25T19:00:00
305,178,4.7,2025-02-25T19:00:00
15,30,2.6,2025-02-25T20:00:00
326,29,3.6,2025-02-25T20:00:00
352,123,5.0,2025-02-25T20:00:00
400,148,3.6,2025-02-25T20:00:00
3,249,3.4,2025-02-25T21:00:00
103,102,3.5,2025-02-25T21:00:00
134,280,2.4,2025-02-25T21:00:00
474,218,4.3,2025-02-25T21:00:00
130,250,3.8,2025-02-25T22:00:00
369,89,5.0,2025-02-25T22:00:00
391,161,3.2,2025-02-25T22:00:00
424,200,2.5,2025-02-25T22:00:00
194,242,3.7,2025-02-25T23:00:00
358,74,2.2,2025-02-25T23:00:00
212,198,3.3,2025-02-26T00:00:00
215,164,3.4,2025-02-26T00:00:00
237,67,4.1,2025-02-26T00:00:00
305,164,4.1,2025-02-26T00:00:00
476,92,3.7,2025-02-26T00:00:00
180,204,3.2,2025-02-26T01:00:00
495,200,3.8,2025-02-26T01:00:00
185,67,5.0,2025-02-26T02:00:00
199,123,5.0,2025-02-26T02:00:00
345,291,4.8,2025-02-26T02:00:00
442,122,2.6,2025-02-26T02:00:00
256,139,4.0,2025-02-26T03:00:00
311,60,2.4,2025-02-26T03:00:00
389,48,4.9,2025-02-26T03:00:00
104,137,5.0,2025-02-26T04:00:00
358,206,1.9,2025-02-26T04:00:00
422,161,4.2,2025-02-26T04:00:00
35,170,5.0,2025-02-26T05:00:00
140,261,5.0,2025-02-26T06:00:00
467,273,5.0,2025-02-26T06:00:00
318,176,3.1,2025-02-26T07:00:00
212,88,1.8,2025-02-26T08:00:00
229,21,5.0,2025-02-26T08:00:00
338,258,4.3,2025-02-26T08:00:00
290,89,3.4,2025-02-26T09:00:00
326,85,4.7,2025-02-26T09:00:00
232,165,4.3,2025-02-26T10:00:00
27,29,4.5,2025-02-26T11:00:00
214,232,2.6,2025-02-26T11:00:00
276,278,3.5,2025-02-26T11:00:00
319,4,4.7,2025-02-26T11:00:00
66,129,3.4,2025-02-26T12:00:00
160,255,4.5,2025-02-26T12:00:00
226,255,2.6,2025-02-26T12:00:00
350,271,3.5,2025-02-26T12:00:00
21,158,4.5,2025-02-26T13:00:00
170,60,3.6,2025-02-26T13:00:00
274,241,4.1,2025-02-26T13:00:00
138,162,2.1,2025-02-26T14:00:00
372,267,4.2,2025-02-26T14:00:00
471,165,5.0,2025-02-26T14:00:00
354,176,5.0,2025-02-26T15:00:00
430,289,3.7,2025-02-26T15:00:00
128,50,4.2,2025-02-26T16:00:00
338,29,2.7,2025-02-26T16:00:00
270,27,3.2,2025-02-26T18:00:00
309,300,3.9,2025-02-26T18:00:00
416,249,5.0,2025-02-26T18:00:00
302,107,3.2,2025-02-26T19:00:00
16,287,3.6,2025-02-26T20:00:00
453,153,4.9,2025-02-26T20:00:00
220,210,3.2,2025-02-26T21:00:00
340,265,3.9,2025-02-26T21:00:00
204,178,3.2,2025-02-26T22:00:00
271,121,3.7,2025-02-26T22:00:00
275,267,5.0,2025-02-26T22:00:00
151,144,3.7,2025-02-26T23:00:00
164,42,3.7,2025-02-26T23:00:00
319,31,5.0,2025-02-26T23:00:00
435,59,4.5,2025-02-26T23:00:00
340,216,4.1,2025-02-27T01:00:00
469,287,3.8,2025-02-27T01:00:00
449,277,4.2,2025-02-27T02:00:00
499,45,1.7,2025-02-27T02:00:00
50,61,1.9,2025-02-27T03:00:00
99,129,4.3,2025-02-27T05:00:00
185,259,4.4,2025-02-27T05:00:00
347,52,3.9,2025-02-27T05:00:00
46,178,4.0,2025-02-27T06:00:00
86,151,4.1,2025-02-27T06:00:00
96,108,3.7,2025-02-27T06:00:00
195,74,2.9,2025-02-27T06:00:00
474,197,4.6,2025-02-27T06:00:00
467,182,3.7,2025-02-27T07:00:00
72,197,3.5,2025-02-27T08:00:00
197,63,5.0,2025-02-27T08:00:00
458,223,4.4,2025-02-27T08:00:00
252,182,5.0,2025-02-27T09:00:00
344,290,4.2,2025-02-27T09:00:00
428,122,4.5,2025-02-27T09:00:00
96,5,4.2,2025-02-27T10:00:00
151,148,5.0,2025-02-27T10:00:00
206,87,2.6,2025-02-27T10:00:00
256,209,3.8,2025-02-27T10:00:00
309,190,4.1,2025-02-27T10:00:00
170,149,3.9,2025-02-27T11:00:00
173,136,3.7,2025-02-27T11:00:00
426,189,1.9,2025-02-27T11:00:00
99,141,4.5,2025-02-27T12:00:00
190,138,5.0,2025-02-27T12:00:00
46,87,1.9,2025-02-27T13:00:00
79,206,4.1,2025-02-27T13:00:00
290,122,2.6,2025-02-27T13:00:00
391,48,4.4,2025-02-27T13:00:00
440,122,3.7,2025-02-27T13:00:00
64,194,4.2,2025-02-27T14:00:00
375,32,4.5,2025-02-27T14:00:00
453,167,4.5,2025-02-27T14:00:00
21,153,4.7,2025-02-27T15:00:00
66,158,5.0,2025-02-27T15:00:00
146,260,4.6,2025-02-27T15:00:00
446,79,3.5,2025-02-27T15:00:00
471,197,4.8,2025-02-27T15:00:00
35,194,5.0,2025-02-27T16:00:00
164,261,5.0,2025-02-27T16:00:00
208,55,4.1,2025-02-27T16:00:00
344,55,4.7,2025-02-27T16:00:00
120,40,3.6,2025-02-27T17:00:00
212,74,2.7,2025-02-27T17:00:00
458,30,4.4,2025-02-27T17:00:00
141,180,4.4,2025-02-27T18:00:00
457,189,3.1,2025-02-27T18:00:00
138,149,3.0,2025-02-27T19:00:00
160,228,4.0,2025-02-27T19:00:00
171,48,3.6,2025-02-27T19:00:00
170,29,3.0,2025-02-27T20:00:00
188,196,3.0,2025-02-27T20:00:00
243,155,3.7,2025-02-27T20:00:00
419,220,5.0,2025-02-27T20:00:00
43,75,4.2,2025-02-27T21:00:00
352,148,5.0,2025-02-27T21:00:00
428,112,4.1,2025-02-27T21:00:00
430,274,5.0,2025-02-27T21:00:00
431,104,3.5,2025-02-27T21:00:00
316,94,4.3,2025-02-27T22:00:00
195,201,3.6,2025-02-28T00:00:00
6,164,2.4,2025-02-28T01:00:00
27,280,3.4,2025-02-28T01:00:00
63,282,4.6,2025-02-28T01:00:00
207,257,4.1,2025-02-28T01:00:00
362,47,3.5,2025-02-28T02:00:00
370,297,3.9,2025-02-28T02:00:00
97,74,2.7,2025-02-28T03:00:00
99,165,5.0,2025-02-28T03:00:00
194,17,4.1,2025-02-28T03:00:00
240,17,4.1,2025-02-28T03:00:00
359,74,4.1,2025-02-28T03:00:00
109,155,3.6,2025-02-28T04:00:00
130,236,3.5,2025-02-28T04:00:00
311,134,3.4,2025-02-28T04:00:00
319,15,3.5,2025-02-28T05:00:00
13,253,2.7,2025-02-28T06:00:00
15,47,3.4,2025-02-28T06:00:00
149,66,4.4,2025-02-28T06:00:00
208,4,3.9,2025-02-28T06:00:00
244,238,3.3,2025-02-28T06:00:00
443,180,4.9,2025-02-28T06:00:00
39,155,3.4,2025-02-28T07:00:00
253,74,4.3,2025-02-28T07:00:00
96,71,3.5,2025-02-28T08:00:00
173,277,2.6,2025-02-28T09:00:00
214,165,3.1,2025-02-28T09:00:00
215,28,3.2,2025-02-28T09:00:00
305,153,4.9,2025-02-28T09:00:00
319,6,4.6,2025-02-28T09:00:00
428,125,3.4,2025-02-28T09:00:00
243,209,3.5,2025-02-28T10:00:00
39,193,4.6,2025-02-28T11:00:00
356,74,3.8,2025-02-28T11:00:00
103,74,2.7,2025-02-28T12:00:00
199,108,4.7,2025-02-28T12:00:00
21,195,4.0,2025-02-28T13:00:00
77,48,2.6,2025-02-28T13:00:00
373,122,5.0,2025-02-28T13:00:00
430,271,4.5,2025-02-28T13:00:00
318,34,3.8,2025-02-28T14:00:00
141,122,5.0,2025-02-28T15:00:00
239,166,3.9,2025-02-28T15:00:00
386,209,2.7,2025-02-28T15:00:00
50,220,3.6,2025-02-28T16:00:00
232,164,4.7,2025-02-28T16:00:00
400,9,3.0,2025-02-28T16:00:00
403,279,4.2,2025-02-28T16:00:00
476,49,1.6,2025-02-28T16:00:00
25,164,3.2,2025-02-28T17:00:00
345,299,3.6,2025-02-28T17:00:00
229,34,4.9,2025-02-28T18:00:00
293,79,5.0,2025-02-28T18:00:00
312,233,3.7,2025-02-28T18:00:00
194,141,5.0,2025-02-28T19:00:00
270,17,3.4,2025-02-28T19:00:00
21,189,5.0,2025-02-28T20:00:00
362,38,4.4,2025-02-28T20:00:00
147,63,4.0,2025-02-28T21:00:00
370,161,3.0,2025-02-28T22:00:00
386,223,3.7,2025-02-28T22:00:00
416,216,4.9,2025-02-28T22:00:00
6,57,4.9,2025-02-28T23:00:00
350,254,4.2,2025-02-28T23:00:00
237,80,4.1,2025-03-01T00:00:00
403,99,5.0,2025-03-01T01:00:00
147,74,3.0,2025-03-01T02:00:00
278,48,3.9,2025-03-01T02:00:00
474,266,4.7,2025-03-01T02:00:00
170,164,3.3,2025-03-01T03:00:00
275,54,2.8,2025-03-01T03:00:00
313,29,3.1,2025-03-01T03:00:00
319,45,5.0,2025-03-01T03:00:00
428,123,4.8,2025-03-01T03:00:00
442,280,3.9,2025-03-01T03:00:00
79,90,2.0,2025-03-01T05:00:00
449,271,3.6,2025-03-01T05:00:00
253,156,3.5,2025-03-01T06:00:00
278,168,3.3,2025-03-01T06:00:00
344,275,4.7,2025-03-01T06:00:00
426,293,4.2,2025-03-01T06:00:00
65,34,3.4,2025-03-01T07:00:00
112,45,3.8,2025-03-01T07:00:00
164,266,5.0,2025-03-01T07:00:00
261,89,3.1,2025-03-01T07:00:00
358,89,2.5,2025-03-01T07:00:00
13,127,4.4,2025-03-01T08:00:00
226,23,2.7,2025-03-01T08:00:00
340,209,4.2,2025-03-01T08:00:00
19,254,3.9,2025-03-01T09:00:00
134,149,2.1,2025-03-01T09:00:00
256,126,5.0,2025-03-01T09:00:00
151,89,3.2,2025-03-01T10:00:00
168,34,4.3,2025-03-01T10:00:00
372,277,3.1,2025-03-01T10:00:00
440,115,3.1,2025-03-01T10:00:00
137,29,2.4,2025-03-01T11:00:00
352,140,5.0,2025-03-01T11:00:00
391,18,4.2,2025-03-01T11:00:00
424,164,3.5,2025-03-01T11:00:00
271,267,2.1,2025-03-01T12:00:00
356,298,4.6,2025-03-01T12:00:00
495,264,3.6,2025-03-01T12:00:00
64,155,5.0,2025-03-01T13:00:00
326,106,2.6,2025-03-01T13:00:00
474,219,3.9,2025-03-01T13:00:00
3,205,3.9,2025-03-01T14:00:00
130,233,3.4,2025-03-01T14:00:00
160,209,5.0,2025-03-01T14:00:00
140,263,4.4,2025-03-01T16:00:00
147,89,4.7,2025-03-01T16:00:00
220,246,4.2,2025-03-01T17:00:00
86,161,4.5,2025-03-01T18:00:00
345,249,3.6,2025-03-01T18:00:00
13,41,3.4,2025-03-01T19:00:00
137,143,4.3,2025-03-01T19:00:00
252,179,3.7,2025-03-01T19:00:00
428,137,3.3,2025-03-01T19:00:00
180,189,4.4,2025-03-01T20:00:00
188,162,2.7,2025-03-01T20:00:00
422,148,2.5,2025-03-01T20:00:00
457,48,4.1,2025-03-01T20:00:00
453,161,4.9,2025-03-01T21:00:00
369,138,4.0,2025-03-01T22:00:00
435,79,3.6,2025-03-01T22:00:00
146,258,4.5,2025-03-01T23:00:00
197,10,3.6,2025-03-01T23:00:00
275,262,4.4,2025-03-01T23:00:00
467,45,4.1,2025-03-01T23:00:00
471,161,5.0,2025-03-01T23:00:00
6,289,2.4,2025-03-02T00:00:00
104,142,5.0,2025-03-02T00:00:00
130,223,4.1,2025-03-02T00:00:00
311,142,3.9,2025-03-02T00:00:00
389,261,3.6,2025-03-02T00:00:00
149,289,4.0,2025-03-02T01:00:00
237,57,4.9,2025-03-02T01:00:00
340,249,5.0,2025-03-02T01:00:00
64,266,5.0,2025-03-02T02:00:00
109,10,3.8,2025-03-02T02:00:00
458,52,2.8,2025-03-02T02:00:00
35,164,4.7,2025-03-02T03:00:00
206,253,2.7,2025-03-02T03:00:00
338,200,3.8,2025-03-02T03:00:00
469,129,3.7,2025-03-02T03:00:00
97,176,4.1,2025-03-02T04:00:00
72,122,3.1,2025-03-02T05:00:00
212,178,3.3,2025-03-02T05:00:00
316,173,2.6,2025-03-02T05:00:00
318,266,3.1,2025-03-02T05:00:00
403,273,4.7,2025-03-02T05:00:00
171,162,4.0,2025-03-02T06:00:00
354,217,4.3,2025-03-02T06:00:00
359,160,4.7,2025-03-02T06:00:00
232,189,4.6,2025-03-02T07:00:00
290,55,3.3,2025-03-02T07:00:00
319,217,3.2,2025-03-02T07:00:00
446,75,3.4,2025-03-02T07:00:00
120,91,4.0,2025-03-02T08:00:00
138,127,3.9,2025-03-02T08:00:00
323,210,2.4,2025-03-02T08:00:00
434,74,4.7,2025-03-02T08:00:00
476,189,2.4,2025-03-02T09:00:00
151,106,4.2,2025-03-02T10:00:00
276,256,3.6,2025-03-02T10:00:00
425,180,4.7,2025-03-02T10:00:00
338,122,3.6,2025-03-02T11:00:00
99,73,3.1,2025-03-02T12:00:00
274,12,3.3,2025-03-02T12:00:00
96,246,3.4,2025-03-02T13:00:00
495,162,5.0,2025-03-02T13:00:00
15,23,3.5,2025-03-02T14:00:00
188,135,3.8,2025-03-02T14:00:00
347,87,4.5,2025-03-02T14:00:00
16,291,4.2,2025-03-02T15:00:00
99,266,4.5,2025-03-02T16:00:00
290,101,3.1,2025-03-02T16:00:00
302,66,4.5,2025-03-02T16:00:00
372,299,4.0,2025-03-02T16:00:00
458,250,4.0,2025-03-02T16:00:00
43,249,4.0,2025-03-02T17:00:00
104,89,5.0,2025-03-02T17:00:00
309,284,3.2,2025-03-02T17:00:00
63,283,5.0,2025-03-02T18:00:00
214,170,2.7,2025-03-02T18:00:00
400,149,3.0,2025-03-02T18:00:00
340,212,4.7,2025-03-02T19:00:00
369,249,3.7,2025-03-02T19:00:00
431,180,1.6,2025-03-02T19:00:00
443,198,5.0,2025-03-02T19:00:00
25,18,1.9,2025-03-02T20:00:00
96,131,4.1,2025-03-02T20:00:00
239,249,3.5,2025-03-02T20:00:00
370,77,4.6,2025-03-02T20:00:00
440,259,5.0,2025-03-02T20:00:00
141,9,4.1,2025-03-02T21:00:00
174,122,1.7,2025-03-02T21:00:00
204,111,4.5,2025-03-02T21:00:00
232,286,4.2,2025-03-02T21:00:00
229,5,5.0,2025-03-02T22:00:00
375,115,4.3,2025-03-02T22:00:00
50,272,3.7,2025-03-02T23:00:00
99,163,5.0,2025-03-03T00:00:00
215,111,5.0,2025-03-03T00:00:00
305,161,3.6,2025-03-03T00:00:00
403,60,4.8,2025-03-03T00:00:00
476,280,3.1,2025-03-03T00:00:00
39,119,4.1,2025-03-03T01:00:00
185,71,5.0,2025-03-03T01:00:00
424,176,3.1,2025-03-03T01:00:00
66,130,4.3,2025-03-03T02:00:00
96,46,2.9,2025-03-03T02:00:00
244,189,4.6,2025-03-03T02:00:00
373,39,4.5,2025-03-03T02:00:00
276,216,3.5,2025-03-03T03:00:00
290,105,3.9,2025-03-03T03:00:00
389,1,5.0,2025-03-03T03:00:00
428,141,3.3,2025-03-03T03:00:00
243,198,3.9,2025-03-03T04:00:00
79,238,3.8,2025-03-03T05:00:00
278,141,4.2,2025-03-03T05:00:00
352,109,5.0,2025-03-03T05:00:00
46,158,4.4,2025-03-03T06:00:00
173,145,2.2,2025-03-03T06:00:00
345,42,4.3,2025-03-03T06:00:00
449,251,3.9,2025-03-03T06:00:00
373,183,4.5,2025-03-03T07:00:00
431,121,4.0,2025-03-03T07:00:00
27,18,4.0,2025-03-03T08:00:00
199,144,4.1,2025-03-03T08:00:00
261,189,3.5,2025-03-03T08:00:00
358,247,2.0,2025-03-03T08:00:00
326,90,4.1,2025-03-03T09:00:00
403,216,4.4,2025-03-03T09:00:00
316,79,3.7,2025-03-03T10:00:00
19,164,4.1,2025-03-03T11:00:00
65,2,3.4,2025-03-03T11:00:00
140,135,3.7,2025-03-03T11:00:00
185,57,5.0,2025-03-03T11:00:00
350,260,4.4,2025-03-03T12:00:00
362,93,2.1,2025-03-03T12:00:00
446,70,3.3,2025-03-03T12:00:00
293,176,4.4,2025-03-03T13:00:00
453,135,2.9,2025-03-03T13:00:00
137,35,3.3,2025-03-03T14:00:00
170,101,4.2,2025-03-03T15:00:00
290,87,3.3,2025-03-03T15:00:00
400,29,3.3,2025-03-03T15:00:00
25,195,3.6,2025-03-03T16:00:00
97,222,3.0,2025-03-03T16:00:00
226,74,2.5,2025-03-03T16:00:00
256,152,3.0,2025-03-03T16:00:00
419,205,5.0,2025-03-03T16:00:00
449,249,3.7,2025-03-03T16:00:00
138,103,3.2,2025-03-03T18:00:00
79,229,4.3,2025-03-03T19:00:00
188,110,4.1,2025-03-03T19:00:00
358,219,2.1,2025-03-03T20:00:00
243,165,4.7,2025-03-03T21:00:00
474,153,4.4,2025-03-03T21:00:00
495,161,4.3,2025-03-03T21:00:00
212,172,3.2,2025-03-03T22:00:00
372,280,3.6,2025-03-03T22:00:00
389,266,4.7,2025-03-03T22:00:00
77,76,5.0,2025-03-03T23:00:00
199,31,3.1,2025-03-03T23:00:00
207,185,2.8,2025-03-03T23:00:00
3,89,4.4,2025-03-04T00:00:00
90,40,2.2,2025-03-04T00:00:00
195,204,3.7,2025-03-04T00:00:00
208,267,5.0,2025-03-04T00:00:00
252,184,4.3,2025-03-04T00:00:00
302,83,5.0,2025-03-04T00:00:00
313,115,4.3,2025-03-04T00:00:00
112,17,3.6,2025-03-04T01:00:00
239,45,5.0,2025-03-04T01:00:00
240,216,3.2,2025-03-04T01:00:00
244,171,3.1,2025-03-04T01:00:00
274,31,3.0,2025-03-04T01:00:00
344,195,3.1,2025-03-04T01:00:00
46,174,3.3,2025-03-04T02:00:00
323,250,2.5,2025-03-04T02:00:00
352,164,3.9,2025-03-04T02:00:00
141,5,4.8,2025-03-04T03:00:00
168,215,2.4,2025-03-04T03:00:00
426,158,1.9,2025-03-04T03:00:00
86,152,4.3,2025-03-04T04:00:00
430,251,4.3,2025-03-04T04:00:00
97,145,4.2,2025-03-04T05:00:00
120,232,4.5,2025-03-04T05:00:00
35,196,4.2,2025-03-04T06:00:00
199,145,4.4,2025-03-04T06:00:00
239,44,4.0,2025-03-04T06:00:00
244,29,4.1,2025-03-04T06:00:00
318,23,4.1,2025-03-04T06:00:00
416,74,3.6,2025-03-04T06:00:00
65,6,3.3,2025-03-04T07:00:00
96,277,3.0,2025-03-04T07:00:00
99,290,3.3,2025-03-04T07:00:00
103,142,4.4,2025-03-04T07:00:00
109,122,2.2,2025-03-04T07:00:00
174,209,2.4,2025-03-04T07:00:00
253,52,4.3,2025-03-04T07:00:00
319,17,4.6,2025-03-04T07:00:00
72,32,4.3,2025-03-04T08:00:00
149,277,5.0,2025-03-04T08:00:00
180,178,3.0,2025-03-04T08:00:00
194,67,5.0,2025-03-04T08:00:00
354,205,5.0,2025-03-04T08:00:00
356,285,5.0,2025-03-04T08:00:00
386,222,2.7,2025-03-04T09:00:00
422,248,2.4,2025-03-04T09:00:00
120,256,3.8,2025-03-04T10:00:00
164,216,4.6,2025-03-04T10:00:00
220,226,4.0,2025-03-04T10:00:00
270,5,4.9,2025-03-04T10:00:00
326,164,3.9,2025-03-04T10:00:00
6,272,2.1,2025-03-04T11:00:00
372,298,3.2,2025-03-04T11:00:00
290,198,2.3,2025-03-04T12:00:00
356,122,4.0,2025-03-04T12:00:00
173,141,4.2,2025-03-04T13:00:00
253,178,4.4,2025-03-04T14:00:00
370,13,2.1,2025-03-04T14:00:00
50,241,4.0,2025-03-04T15:00:00
354,74,3.5,2025-03-04T15:00:00
430,261,4.8,2025-03-04T15:00:00
86,78,4.2,2025-03-04T16:00:00
96,38,2.8,2025-03-04T16:00:00
147,231,2.8,2025-03-04T16:00:00
188,74,2.1,2025-03-04T16:00:00
340,277,4.6,2025-03-04T16:00:00
27,257,4.5,2025-03-04T17:00:00
276,263,4.0,2025-03-04T17:00:00
13,40,4.2,2025-03-04T18:00:00
293,42,4.5,2025-03-04T18:00:00
426,155,2.8,2025-03-04T18:00:00
434,29,5.0,2025-03-04T18:00:00
21,269,3.4,2025-03-04T19:00:00
63,196,3.3,2025-03-04T19:00:00
64,272,4.4,2025-03-04T19:00:00
130,202,3.6,2025-03-04T19:00:00
206,182,5.0,2025-03-04T19:00:00
362,122,2.6,2025-03-04T19:00:00
391,19,5.0,2025-03-04T19:00:00
197,189,3.9,2025-03-04T20:00:00
467,56,4.7,2025-03-04T20:00:00
134,259,3.9,2025-03-04T21:00:00
137,164,3.3,2025-03-04T21:00:00
319,50,5.0,2025-03-04T21:00:00
39,162,4.0,2025-03-04T22:00:00
77,108,4.5,2025-03-04T22:00:00
232,202,3.5,2025-03-05T00:00:00
275,268,4.4,2025-03-05T00:00:00
204,110,4.2,2025-03-05T01:00:00
271,89,3.4,2025-03-05T01:00:00
276,238,3.5,2025-03-05T01:00:00
375,122,4.4,2025-03-05T01:00:00
389,147,3.5,2025-03-05T01:00:00
422,171,4.2,2025-03-05T02:00:00
471,198,4.4,2025-03-05T02:00:00
442,266,3.8,2025-03-05T03:00:00
170,17,2.7,2025-03-05T04:00:00
195,10,3.6,2025-03-05T04:00:00
400,55,3.6,2025-03-05T04:00:00
458,26,4.0,2025-03-05T04:00:00
3,201,4.0,2025-03-05T05:00:00
160,247,4.8,2025-03-05T05:00:00
345,279,4.8,2025-03-05T05:00:00
425,178,4.4,2025-03-05T05:00:00
469,150,2.8,2025-03-05T05:00:00
171,17,1.9,2025-03-05T06:00:00
226,50,3.8,2025-03-05T07:00:00
244,157,4.5,2025-03-05T07:00:00
208,273,3.8,2025-03-05T08:00:00
300,243,4.5,2025-03-05T08:00:00
457,122,2.1,2025-03-05T08:00:00
19,289,4.4,2025-03-05T09:00:00
86,190,3.7,2025-03-05T09:00:00
212,153,4.4,2025-03-05T09:00:00
237,266,2.8,2025-03-05T09:00:00
35,248,4.1,2025-03-05T10:00:00
162,164,2.9,2025-03-05T10:00:00
373,294,3.5,2025-03-05T11:00:00
160,219,4.2,2025-03-05T12:00:00
226,34,2.5,2025-03-05T12:00:00
370,162,2.5,2025-03-05T12:00:00
458,31,4.7,2025-03-05T12:00:00
104,193,3.3,2025-03-05T13:00:00
215,125,4.8,2025-03-05T13:00:00
229,41,4.9,2025-03-05T13:00:00
338,273,4.1,2025-03-05T13:00:00
374,29,3.9,2025-03-05T13:00:00
435,74,5.0,2025-03-05T14:00:00
440,293,5.0,2025-03-05T14:00:00
185,94,4.9,2025-03-05T15:00:00
253,85,3.9,2025-03-05T15:00:00
347,25,4.4,2025-03-05T15:00:00
430,282,5.0,2025-03-05T15:00:00
483,141,3.2,2025-03-05T15:00:00
146,25,3.4,2025-03-05T16:00:00
151,150,5.0,2025-03-05T16:00:00
16,267,3.8,2025-03-05T17:00:00
278,209,2.9,2025-03-05T17:00:00
359,55,4.0,2025-03-05T17:00:00
425,184,4.1,2025-03-05T17:00:00
6,2,3.2,2025-03-05T18:00:00
212,161,3.9,2025-03-05T18:00:00
309,74,4.1,2025-03-05T18:00:00
311,10,2.1,2025-03-05T18:00:00
97,29,3.1,2025-03-05T20:00:00
352,126,4.4,2025-03-05T20:00:00
449,294,3.3,2025-03-05T20:00:00
220,267,3.3,2025-03-05T21:00:00
370,123,3.0,2025-03-05T21:00:00
112,42,4.0,2025-03-05T22:00:00
180,161,5.0,2025-03-05T22:00:00
457,84,2.6,2025-03-05T22:00:00
261,10,3.4,2025-03-05T23:00:00
495,165,2.8,2025-03-05T23:00:00
358,70,2.4,2025-03-06T00:00:00
66,277,3.3,2025-03-06T01:00:00
214,178,2.7,2025-03-06T01:00:00
229,46,4.7,2025-03-06T02:00:00
425,183,4.8,2025-03-06T02:00:00
72,31,4.4,2025-03-06T03:00:00
278,120,3.6,2025-03-06T03:00:00
316,245,3.1,2025-03-06T05:00:00
453,17,3.4,2025-03-06T05:00:00
416,208,4.7,2025-03-06T06:00:00
25,196,4.2,2025-03-06T07:00:00
270,4,3.5,2025-03-06T07:00:00
104,104,5.0,2025-03-06T08:00:00
271,170,2.6,2025-03-06T08:00:00
140,296,5.0,2025-03-06T09:00:00
240,42,5.0,2025-03-06T09:00:00
419,210,4.6,2025-03-06T09:00:00
350,79,3.2,2025-03-06T10:00:00
400,140,5.0,2025-03-06T10:00:00
403,52,5.0,2025-03-06T10:00:00
428,136,3.6,2025-03-06T10:00:00
449,67,4.0,2025-03-06T10:00:00
467,180,4.7,2025-03-06T10:00:00
197,42,4.3,2025-03-06T11:00:00
391,45,4.3,2025-03-06T11:00:00
171,166,3.9,2025-03-06T12:00:00
432,209,3.9,2025-03-06T12:00:00
64,162,4.2,2025-03-06T13:00:00
195,141,1.8,2025-03-06T13:00:00
369,209,4.3,2025-03-06T13:00:00
431,292,1.6,2025-03-06T13:00:00
443,174,4.1,2025-03-06T13:00:00
469,284,2.9,2025-03-06T13:00:00
471,162,5.0,2025-03-06T13:00:00
3,223,5.0,2025-03-06T14:00:00
43,241,3.4,2025-03-06T15:00:00
319,233,3.8,2025-03-06T15:00:00
160,277,3.2,2025-03-06T16:00:00
207,269,3.7,2025-03-06T16:00:00
326,75,4.5,2025-03-06T17:00:00
27,259,3.7,2025-03-06T18:00:00
316,41,3.1,2025-03-06T19:00:00
424,86,2.9,2025-03-06T19:00:00
340,201,4.4,2025-03-06T20:00:00
474,175,3.9,2025-03-06T20:00:00
207,258,5.0,2025-03-06T22:00:00
72,49,4.2,2025-03-06T23:00:00
97,42,3.4,2025-03-07T00:00:00
173,27,1.3,2025-03-07T00:00:00
305,199,3.5,2025-03-07T00:00:00
345,234,4.6,2025-03-07T00:00:00
372,281,4.6,2025-03-07T00:00:00
373,45,5.0,2025-03-07T00:00:00
446,202,3.5,2025-03-07T00:00:00
465,204,4.7,2025-03-07T00:00:00
86,166,4.1,2025-03-07T01:00:00
293,67,4.9,2025-03-07T01:00:00
215,298,4.1,2025-03-07T03:00:00
374,42,4.1,2025-03-07T03:00:00
256,117,4.7,2025-03-07T05:00:00
326,299,3.6,2025-03-07T05:00:00
419,227,4.6,2025-03-07T05:00:00
425,48,4.6,2025-03-07T05:00:00
426,276,5.0,2025-03-07T05:00:00
10,37,4.0,2025-03-07T06:00:00
65,74,2.0,2025-03-07T06:00:00
96,107,5.0,2025-03-07T06:00:00
146,153,4.5,2025-03-07T06:00:00
162,17,2.2,2025-03-07T06:00:00
313,140,4.0,2025-03-07T06:00:00
362,266,1.6,2025-03-07T06:00:00
109,17,2.9,2025-03-07T07:00:00
391,38,3.4,2025-03-07T07:00:00
449,37,2.2,2025-03-07T07:00:00
90,122,4.3,2025-03-07T08:00:00
112,74,2.8,2025-03-07T08:00:00
137,149,4.4,2025-03-07T08:00:00
149,294,5.0,2025-03-07T08:00:00
151,259,4.7,2025-03-07T08:00:00
214,171,2.5,2025-03-07T08:00:00
302,187,3.1,2025-03-07T08:00:00
147,209,2.4,2025-03-07T09:00:00
434,42,4.3,2025-03-07T09:00:00
162,162,4.0,2025-03-07T11:00:00
239,16,4.6,2025-03-07T11:00:00
240,36,3.9,2025-03-07T11:00:00
426,291,4.3,2025-03-07T11:00:00
46,155,4.3,2025-03-07T12:00:00
79,204,3.8,2025-03-07T12:00:00
138,141,3.4,2025-03-07T12:00:00
309,267,3.4,2025-03-07T12:00:00
318,18,4.3,2025-03-07T12:00:00
70,170,3.3,2025-03-07T13:00:00
226,267,1.4,2025-03-07T13:00:00
160,238,4.0,2025-03-07T16:00:00
188,209,2.5,2025-03-07T16:00:00
243,191,4.3,2025-03-07T16:00:00
252,178,4.4,2025-03-07T16:00:00
347,189,5.0,2025-03-07T16:00:00
403,19,4.7,2025-03-07T16:00:00
446,55,3.9,2025-03-07T16:00:00
173,266,2.3,2025-03-07T17:00:00
204,2,2.5,2025-03-07T17:00:00
199,209,3.6,2025-03-07T18:00:00
274,274,2.6,2025-03-07T18:00:00
386,238,3.0,2025-03-07T18:00:00
439,74,4.4,2025-03-07T18:00:00
141,162,4.6,2025-03-07T19:00:00
3,42,3.2,2025-03-07T20:00:00
77,128,4.9,2025-03-07T20:00:00
318,17,4.2,2025-03-07T20:00:00
344,59,3.7,2025-03-07T20:00:00
354,122,3.8,2025-03-07T20:00:00
483,164,4.3,2025-03-07T20:00:00
65,45,3.8,2025-03-07T21:00:00
103,45,2.6,2025-03-07T21:00:00
431,114,1.7,2025-03-07T22:00:00
449,290,3.3,2025-03-07T22:00:00
495,55,2.5,2025-03-07T22:00:00
46,236,2.9,2025-03-07T23:00:00
86,5,3.6,2025-03-07T23:00:00
99,280,2.9,2025-03-07T23:00:00
180,176,3.9,2025-03-07T23:00:00
215,123,5.0,2025-03-07T23:00:00
239,141,1.6,2025-03-07T23:00:00
428,149,3.4,2025-03-07T23:00:00
50,207,4.0,2025-03-08T00:00:00
97,206,3.8,2025-03-08T00:00:00
164,220,5.0,2025-03-08T01:00:00
174,249,3.8,2025-03-08T01:00:00
271,176,3.7,2025-03-08T01:00:00
323,216,2.3,2025-03-08T01:00:00
358,79,3.6,2025-03-08T01:00:00
389,155,3.8,2025-03-08T01:00:00
422,193,4.2,2025-03-08T01:00:00
474,264,2.9,2025-03-08T01:00:00
243,158,3.4,2025-03-08T02:00:00
25,176,3.6,2025-03-08T03:00:00
39,161,3.2,2025-03-08T03:00:00
168,255,4.4,2025-03-08T03:00:00
188,262,1.8,2025-03-08T03:00:00
274,242,4.3,2025-03-08T03:00:00
345,293,4.3,2025-03-08T03:00:00
375,238,3.5,2025-03-08T03:00:00
416,210,3.7,2025-03-08T04:00:00
431,89,1.7,2025-03-08T04:00:00
240,209,3.4,2025-03-08T05:00:00
244,50,3.2,2025-03-08T05:00:00
6,216,2.5,2025-03-08T06:00:00
226,16,3.3,2025-03-08T06:00:00
261,178,3.8,2025-03-08T06:00:00
185,95,4.3,2025-03-08T07:00:00
120,58,4.7,2025-03-08T08:00:00
194,212,4.2,2025-03-08T08:00:00
206,122,2.5,2025-03-08T08:00:00
270,39,3.0,2025-03-08T08:00:00
356,289,5.0,2025-03-08T08:00:00
134,277,2.5,2025-03-08T09:00:00
300,55,3.8,2025-03-08T09:00:00
474,227,4.3,2025-03-08T09:00:00
137,123,4.7,2025-03-08T10:00:00
214,183,3.1,2025-03-08T10:00:00
290,56,4.4,2025-03-08T10:00:00
432,249,5.0,2025-03-08T10:00:00
19,266,5.0,2025-03-08T11:00:00
274,29,5.0,2025-03-08T11:00:00
428,205,3.2,2025-03-08T11:00:00
130,218,3.7,2025-03-08T12:00:00
256,103,4.6,2025-03-08T12:00:00
319,18,5.0,2025-03-08T12:00:00
374,45,4.5,2025-03-08T12:00:00
168,268,4.4,2025-03-08T13:00:00
276,280,3.3,2025-03-08T13:00:00
469,135,5.0,2025-03-08T13:00:00
13,129,4.2,2025-03-08T14:00:00
63,275,4.1,2025-03-08T14:00:00
434,102,4.2,2025-03-08T14:00:00
147,261,2.6,2025-03-08T15:00:00
220,206,4.6,2025-03-08T15:00:00
208,269,4.9,2025-03-08T17:00:00
63,265,4.6,2025-03-08T18:00:00
212,154,3.0,2025-03-08T18:00:00
229,10,4.9,2025-03-08T18:00:00
232,166,5.0,2025-03-08T18:00:00
338,252,4.4,2025-03-08T18:00:00
369,220,4.9,2025-03-08T18:00:00
435,209,3.8,2025-03-08T18:00:00
483,29,5.0,2025-03-08T18:00:00
21,176,5.0,2025-03-08T19:00:00
112,186,3.1,2025-03-08T19:00:00
424,133,2.4,2025-03-08T19:00:00
372,291,4.5,2025-03-08T20:00:00
399,23,4.6,2025-03-08T20:00:00
422,236,3.2,2025-03-08T20:00:00
93,40,4.9,2025-03-08T21:00:00
440,254,4.0,2025-03-08T21:00:00
173,273,1.3,2025-03-08T22:00:00
197,87,4.6,2025-03-08T22:00:00
229,18,4.3,2025-03-08T22:00:00
338,213,3.3,2025-03-08T22:00:00
453,158,3.7,2025-03-08T22:00:00
35,154,5.0,2025-03-08T23:00:00
234,164,3.2,2025-03-08T23:00:00
252,17,2.9,2025-03-08T23:00:00
278,102,4.1,2025-03-08T23:00:00
435,75,3.2,2025-03-08T23:00:00
471,209,4.1,2025-03-08T23:00:00
138,277,2.6,2025-03-09T00:00:00
430,281,4.4,2025-03-09T00:00:00
104,117,5.0,2025-03-09T01:00:00
244,185,4.2,2025-03-09T01:00:00
323,223,3.4,2025-03-09T02:00:00
458,300,5.0,2025-03-09T04:00:00
146,265,4.3,2025-03-09T05:00:00
373,182,4.2,2025-03-09T05:00:00
419,226,4.6,2025-03-09T06:00:00
72,34,4.4,2025-03-09T07:00:00
375,150,5.0,2025-03-09T07:00:00
160,212,4.8,2025-03-09T08:00:00
352,211,4.7,2025-03-09T08:00:00
16,275,3.2,2025-03-09T09:00:00
180,182,3.4,2025-03-09T09:00:00
199,102,4.9,2025-03-09T09:00:00
244,173,4.1,2025-03-09T09:00:00
226,102,2.4,2025-03-09T10:00:00
350,263,4.8,2025-03-09T10:00:00
3,222,4.0,2025-03-09T11:00:00
253,123,3.3,2025-03-09T11:00:00
305,122,3.3,2025-03-09T11:00:00
338,79,4.8,2025-03-09T11:00:00
359,147,5.0,2025-03-09T11:00:00
432,215,4.0,2025-03-09T11:00:00
66,162,3.6,2025-03-09T12:00:00
137,150,3.8,2025-03-09T12:00:00
140,253,5.0,2025-03-09T12:00:00
207,149,3.7,2025-03-09T12:00:00
293,122,4.3,2025-03-09T12:00:00
356,280,5.0,2025-03-09T12:00:00
21,188,4.3,2025-03-09T13:00:00
313,87,2.4,2025-03-09T13:00:00
370,59,3.1,2025-03-09T13:00:00
311,277,2.8,2025-03-09T14:00:00
483,148,4.8,2025-03-09T14:00:00
151,149,5.0,2025-03-09T15:00:00
195,227,2.3,2025-03-09T15:00:00
432,212,4.0,2025-03-09T15:00:00
440,292,5.0,2025-03-09T15:00:00
27,189,3.5,2025-03-09T16:00:00
99,178,4.2,2025-03-09T16:00:00
425,29,3.2,2025-03-09T16:00:00
457,10,3.9,2025-03-09T16:00:00
6,300,3.0,2025-03-09T17:00:00
138,138,4.3,2025-03-09T17:00:00
141,55,3.8,2025-03-09T17:00:00
316,257,3.4,2025-03-09T17:00:00
354,58,3.2,2025-03-09T17:00:00
467,74,4.5,2025-03-09T17:00:00
174,201,3.1,2025-03-09T18:00:00
302,68,4.8,2025-03-09T18:00:00
97,261,3.1,2025-03-09T19:00:00
261,246,4.0,2025-03-09T19:00:00
370,24,3.7,2025-03-09T19:00:00
469,127,2.6,2025-03-09T19:00:00
79,249,4.1,2025-03-09T20:00:00
109,46,2.8,2025-03-09T20:00:00
171,30,3.0,2025-03-09T20:00:00
278,111,3.9,2025-03-09T20:00:00
290,81,3.1,2025-03-09T20:00:00
419,203,5.0,2025-03-09T20:00:00
93,249,4.1,2025-03-09T21:00:00
149,272,4.2,2025-03-09T21:00:00
64,270,3.5,2025-03-09T23:00:00
65,5,2.9,2025-03-09T23:00:00
134,273,3.8,2025-03-09T23:00:00
188,119,4.3,2025-03-09T23:00:00
204,142,3.3,2025-03-09T23:00:00
234,210,2.8,2025-03-10T00:00:00
400,176,3.2,2025-03-10T00:00:00
3,248,4.7,2025-03-10T01:00:00
443,156,4.8,2025-03-10T01:00:00
226,5,2.9,2025-03-10T02:00:00
391,122,2.9,2025-03-10T02:00:00
10,42,3.4,2025-03-10T03:00:00
419,100,4.1,2025-03-10T03:00:00
77,172,3.9,2025-03-10T04:00:00
146,163,3.7,2025-03-10T04:00:00
179,97,3.4,2025-03-10T04:00:00
112,79,3.0,2025-03-10T05:00:00
414,102,4.1,2025-03-10T05:00:00
96,123,4.2,2025-03-10T06:00:00
151,270,3.9,2025-03-10T06:00:00
134,209,1.1,2025-03-10T08:00:00
465,217,4.6,2025-03-10T08:00:00
243,193,3.8,2025-03-10T09:00:00
70,159,2.0,2025-03-10T10:00:00
252,159,4.7,2025-03-10T10:00:00
326,48,3.1,2025-03-10T10:00:00
372,300,4.2,2025-03-10T10:00:00
369,74,4.5,2025-03-10T11:00:00
43,236,3.7,2025-03-10T12:00:00
130,246,3.1,2025-03-10T12:00:00
164,248,5.0,2025-03-10T12:00:00
437,267,2.5,2025-03-10T12:00:00
214,189,3.3,2025-03-10T13:00:00
432,221,4.7,2025-03-10T13:00:00
362,55,3.4,2025-03-10T14:00:00
27,264,3.9,2025-03-10T15:00:00
16,278,4.6,2025-03-10T16:00:00
66,195,4.1,2025-03-10T16:00:00
50,5,2.9,2025-03-10T17:00:00
270,13,4.4,2025-03-10T17:00:00
439,5,3.9,2025-03-10T17:00:00
300,89,3.9,2025-03-10T18:00:00
399,161,4.6,2025-03-10T18:00:00
340,232,4.7,2025-03-10T19:00:00
446,4,3.4,2025-03-10T19:00:00
208,297,5.0,2025-03-10T20:00:00
229,11,4.5,2025-03-10T20:00:00
173,87,2.6,2025-03-10T21:00:00
215,145,5.0,2025-03-10T21:00:00
375,35,4.3,2025-03-10T21:00:00
389,253,3.2,2025-03-10T21:00:00
465,122,4.5,2025-03-10T21:00:00
305,165,4.7,2025-03-10T22:00:00
430,269,4.3,2025-03-10T22:00:00
46,188,4.1,2025-03-10T23:00:00
103,128,3.0,2025-03-10T23:00:00
323,219,3.2,2025-03-10T23:00:00
424,18,4.8,2025-03-10T23:00:00
440,282,4.4,2025-03-10T23:00:00
449,267,3.9,2025-03-10T23:00:00
300,209,3.0,2025-03-11T00:00:00
344,64,4.3,2025-03-11T00:00:00
495,198,4.5,2025-03-11T00:00:00
374,1,3.1,2025-03-11T01:00:00
137,216,3.1,2025-03-11T02:00:00
309,164,4.8,2025-03-11T02:00:00
458,6,4.2,2025-03-11T02:00:00
467,279,3.8,2025-03-11T02:00:00
316,57,4.4,2025-03-11T03:00:00
375,141,4.4,2025-03-11T03:00:00
168,259,4.4,2025-03-11T04:00:00
239,17,4.5,2025-03-11T04:00:00
400,279,3.4,2025-03-11T04:00:00
403,122,2.9,2025-03-11T04:00:00
426,269,3.8,2025-03-11T04:00:00
65,89,1.6,2025-03-11T05:00:00
86,260,3.0,2025-03-11T05:00:00
338,293,4.3,2025-03-11T05:00:00
424,24,3.9,2025-03-11T05:00:00
39,137,3.4,2025-03-11T06:00:00
70,277,4.8,2025-03-11T06:00:00
162,161,4.3,2025-03-11T06:00:00
290,86,3.5,2025-03-11T06:00:00
358,250,3.1,2025-03-11T06:00:00
90,144,4.5,2025-03-11T07:00:00
179,266,2.9,2025-03-11T07:00:00
270,48,3.8,2025-03-11T07:00:00
318,277,3.0,2025-03-11T08:00:00
400,74,3.0,2025-03-11T09:00:00
453,151,3.2,2025-03-11T09:00:00
185,216,3.0,2025-03-11T10:00:00
276,246,3.3,2025-03-11T10:00:00
77,150,4.8,2025-03-11T11:00:00
300,217,4.3,2025-03-11T11:00:00
79,153,1.8,2025-03-11T12:00:00
109,21,4.2,2025-03-11T12:00:00
171,127,3.5,2025-03-11T12:00:00
386,242,3.8,2025-03-11T12:00:00
28,122,4.6,2025-03-11T14:00:00
63,200,2.6,2025-03-11T14:00:00
174,167,1.9,2025-03-11T15:00:00
261,235,4.1,2025-03-11T15:00:00
422,172,3.8,2025-03-11T15:00:00
453,179,3.7,2025-03-11T15:00:00
120,249,4.3,2025-03-11T16:00:00
256,207,3.7,2025-03-11T16:00:00
347,78,4.0,2025-03-11T16:00:00
469,161,3.7,2025-03-11T16:00:00
19,276,4.5,2025-03-11T17:00:00
194,145,5.0,2025-03-11T17:00:00
220,247,4.0,2025-03-11T17:00:00
240,29,4.4,2025-03-11T17:00:00
369,44,3.1,2025-03-11T18:00:00
72,27,4.6,2025-03-11T19:00:00
293,72,4.6,2025-03-11T19:00:00
375,145,3.8,2025-03-11T19:00:00
6,72,4.6,2025-03-11T20:00:00
311,107,4.4,2025-03-11T20:00:00
356,260,4.3,2025-03-11T20:00:00
471,189,4.0,2025-03-11T20:00:00
138,87,2.4,2025-03-11T21:00:00
141,84,4.0,2025-03-11T21:00:00
147,70,3.9,2025-03-11T21:00:00
232,198,3.7,2025-03-11T21:00:00
271,90,3.1,2025-03-11T21:00:00
345,259,5.0,2025-03-11T21:00:00
70,201,4.0,2025-03-11T22:00:00
104,75,3.6,2025-03-11T22:00:00
149,280,4.2,2025-03-11T22:00:00
234,209,5.0,2025-03-11T22:00:00
195,44,3.3,2025-03-11T23:00:00
199,126,3.9,2025-03-11T23:00:00
229,44,5.0,2025-03-11T23:00:00
374,22,3.6,2025-03-11T23:00:00
425,194,3.8,2025-03-11T23:00:00
431,29,1.9,2025-03-11T23:00:00
354,270,4.5,2025-03-12T00:00:00
356,269,4.6,2025-03-12T00:00:00
428,5,2.8,2025-03-12T00:00:00
474,242,3.5,2025-03-12T00:00:00
197,161,5.0,2025-03-12T01:00:00
313,45,3.0,2025-03-12T01:00:00
403,75,5.0,2025-03-12T01:00:00
6,79,4.3,2025-03-12T02:00:00
25,175,4.7,2025-03-12T02:00:00
215,195,2.9,2025-03-12T02:00:00
274,27,3.7,2025-03-12T04:00:00
471,179,4.4,2025-03-12T04:00:00
79,267,3.4,2025-03-12T05:00:00
206,48,2.9,2025-03-12T05:00:00
226,161,2.7,2025-03-12T05:00:00
372,271,3.7,2025-03-12T05:00:00
443,108,4.3,2025-03-12T05:00:00
35,183,4.7,2025-03-12T06:00:00
374,44,3.5,2025-03-12T07:00:00
434,8,3.6,2025-03-12T09:00:00
13,119,4.1,2025-03-12T10:00:00
112,27,4.4,2025-03-12T10:00:00
171,172,4.1,2025-03-12T10:00:00
435,42,3.3,2025-03-12T10:00:00
160,250,4.8,2025-03-12T11:00:00
173,103,3.1,2025-03-12T11:00:00
373,259,5.0,2025-03-12T11:00:00
425,200,4.1,2025-03-12T11:00:00
432,74,3.1,2025-03-12T11:00:00
370,238,3.4,2025-03-12T12:00:00
206,172,3.6,2025-03-12T13:00:00
350,259,3.0,2025-03-12T13:00:00
171,189,3.6,2025-03-12T14:00:00
391,42,4.9,2025-03-12T15:00:00
340,259,5.0,2025-03-12T16:00:00
345,295,3.9,2025-03-12T16:00:00
359,102,4.7,2025-03-12T16:00:00
70,122,3.3,2025-03-12T17:00:00
96,142,4.4,2025-03-12T17:00:00
97,175,4.3,2025-03-12T17:00:00
212,176,3.7,2025-03-12T17:00:00
274,238,4.1,2025-03-12T17:00:00
374,264,3.3,2025-03-12T17:00:00
446,246,2.4,2025-03-12T17:00:00
10,74,2.1,2025-03-12T18:00:00
414,122,3.9,2025-03-12T18:00:00
338,272,5.0,2025-03-12T19:00:00
352,231,3.2,2025-03-12T19:00:00
270,58,3.2,2025-03-12T20:00:00
344,45,3.8,2025-03-12T20:00:00
426,265,4.7,2025-03-12T20:00:00
21,162,3.6,2025-03-12T21:00:00
239,48,4.6,2025-03-12T21:00:00
356,177,2.7,2025-03-12T21:00:00
3,216,4.6,2025-03-12T22:00:00
99,206,4.2,2025-03-12T22:00:00
240,48,4.7,2025-03-12T22:00:00
243,29,3.6,2025-03-12T22:00:00
97,157,3.7,2025-03-12T23:00:00
140,279,3.2,2025-03-12T23:00:00
372,257,4.2,2025-03-13T00:00:00
90,216,2.9,2025-03-13T01:00:00
134,284,3.7,2025-03-13T01:00:00
180,162,4.8,2025-03-13T01:00:00
350,257,3.9,2025-03-13T01:00:00
453,260,3.4,2025-03-13T01:00:00
93,43,4.4,2025-03-13T02:00:00
293,75,3.6,2025-03-13T02:00:00
356,189,4.2,2025-03-13T02:00:00
471,160,4.7,2025-03-13T02:00:00
253,37,2.8,2025-03-13T04:00:00
311,138,4.3,2025-03-13T04:00:00
168,40,3.8,2025-03-13T05:00:00
185,54,5.0,2025-03-13T05:00:00
426,258,4.3,2025-03-13T05:00:00
234,263,3.2,2025-03-13T06:00:00
430,45,3.3,2025-03-13T06:00:00
437,209,3.7,2025-03-13T06:00:00
457,165,4.0,2025-03-13T06:00:00
28,87,2.8,2025-03-13T07:00:00
206,166,4.2,2025-03-13T07:00:00
212,203,2.8,2025-03-13T07:00:00
350,74,3.3,2025-03-13T07:00:00
19,122,3.2,2025-03-13T08:00:00
197,34,4.4,2025-03-13T08:00:00
495,154,4.7,2025-03-13T08:00:00
130,191,2.2,2025-03-13T09:00:00
64,294,4.6,2025-03-13T10:00:00
90,103,3.7,2025-03-13T10:00:00
256,148,4.7,2025-03-13T10:00:00
27,2,3.6,2025-03-13T11:00:00
43,205,3.9,2025-03-13T11:00:00
35,70,4.3,2025-03-13T12:00:00
50,238,3.7,2025-03-13T14:00:00
326,89,4.8,2025-03-13T14:00:00
372,122,2.8,2025-03-13T14:00:00
483,122,5.0,2025-03-13T14:00:00
168,273,5.0,2025-03-13T16:00:00
261,211,4.6,2025-03-13T16:00:00
278,3,3.4,2025-03-13T16:00:00
432,205,4.1,2025-03-13T16:00:00
63,286,4.4,2025-03-13T17:00:00
90,176,3.3,2025-03-13T17:00:00
375,109,5.0,2025-03-13T17:00:00
391,16,4.3,2025-03-13T17:00:00
43,245,3.1,2025-03-13T18:00:00
195,223,4.2,2025-03-13T18:00:00
199,74,3.5,2025-03-13T19:00:00
290,266,3.5,2025-03-13T19:00:00
358,42,1.0,2025-03-13T19:00:00
86,85,3.7,2025-03-13T20:00:00
151,108,4.3,2025-03-13T20:00:00
437,180,3.7,2025-03-13T20:00:00
440,109,5.0,2025-03-13T20:00:00
16,281,3.4,2025-03-13T21:00:00
149,209,4.8,2025-03-13T21:00:00
204,179,2.8,2025-03-13T21:00:00
256,29,3.3,2025-03-13T21:00:00
389,32,4.0,2025-03-13T21:00:00
458,237,4.6,2025-03-13T21:00:00
39,172,5.0,2025-03-13T22:00:00
120,273,5.0,2025-03-13T22:00:00
185,55,5.0,2025-03-13T22:00:00
188,181,3.4,2025-03-13T22:00:00
214,191,3.9,2025-03-13T22:00:00
419,277,4.1,2025-03-13T22:00:00
162,6,3.1,2025-03-13T23:00:00
370,45,2.9,2025-03-13T23:00:00
46,182,4.1,2025-03-14T00:00:00
109,5,3.7,2025-03-14T00:00:00
146,135,2.9,2025-03-14T00:00:00
323,209,3.6,2025-03-14T00:00:00
43,42,2.6,2025-03-14T01:00:00
65,291,1.5,2025-03-14T01:00:00
311,140,4.0,2025-03-14T01:00:00
350,277,3.2,2025-03-14T01:00:00
103,119,3.4,2025-03-14T02:00:00
362,29,4.0,2025-03-14T02:00:00
439,212,3.4,2025-03-14T02:00:00
21,180,4.4,2025-03-14T03:00:00
66,196,4.3,2025-03-14T03:00:00
130,238,4.2,2025-03-14T03:00:00
239,27,5.0,2025-03-14T03:00:00
326,98,3.7,2025-03-14T03:00:00
234,246,5.0,2025-03-14T04:00:00
313,112,4.5,2025-03-14T04:00:00
226,31,3.9,2025-03-14T05:00:00
344,24,2.9,2025-03-14T06:00:00
347,55,5.0,2025-03-14T06:00:00
352,219,4.6,2025-03-14T06:00:00
252,172,3.4,2025-03-14T07:00:00
229,272,3.2,2025-03-14T08:00:00
398,55,4.7,2025-03-14T08:00:00
399,45,4.2,2025-03-14T08:00:00
465,27,4.0,2025-03-14T08:00:00
374,5,4.4,2025-03-14T09:00:00
6,96,4.5,2025-03-14T10:00:00
77,249,3.4,2025-03-14T10:00:00
104,111,5.0,2025-03-14T10:00:00
193,164,3.5,2025-03-14T10:00:00
354,161,4.4,2025-03-14T10:00:00
449,268,2.8,2025-03-14T10:00:00
293,29,3.5,2025-03-14T11:00:00
21,166,4.8,2025-03-14T12:00:00
137,89,2.8,2025-03-14T12:00:00
112,189,2.5,2025-03-14T13:00:00
311,129,4.0,2025-03-14T13:00:00
434,62,3.6,2025-03-14T13:00:00
208,300,4.8,2025-03-14T15:00:00
271,193,3.1,2025-03-14T15:00:00
305,198,4.1,2025-03-14T15:00:00
437,122,1.8,2025-03-14T15:00:00
467,261,4.9,2025-03-14T16:00:00
141,62,3.6,2025-03-14T17:00:00
403,79,5.0,2025-03-14T17:00:00
446,61,3.9,2025-03-14T17:00:00
481,50,5.0,2025-03-14T17:00:00
134,282,2.4,2025-03-14T18:00:00
93,42,3.9,2025-03-14T19:00:00
316,10,3.8,2025-03-14T19:00:00
386,245,4.7,2025-03-14T19:00:00
400,130,4.0,2025-03-14T19:00:00
426,42,3.5,2025-03-14T19:00:00
430,292,5.0,2025-03-14T19:00:00
309,280,4.8,2025-03-14T20:00:00
424,145,3.1,2025-03-14T20:00:00
10,15,2.9,2025-03-14T21:00:00
104,52,4.9,2025-03-14T21:00:00
174,232,3.2,2025-03-14T21:00:00
220,182,3.9,2025-03-14T21:00:00
215,216,4.5,2025-03-14T22:00:00
414,74,4.3,2025-03-14T23:00:00
471,122,4.2,2025-03-14T23:00:00
70,260,3.5,2025-03-15T00:00:00
72,162,3.2,2025-03-15T00:00:00
179,102,3.2,2025-03-15T00:00:00
338,89,3.9,2025-03-15T00:00:00
300,74,3.2,2025-03-15T02:00:00
90,249,3.1,2025-03-15T03:00:00
188,89,2.4,2025-03-15T03:00:00
276,122,1.8,2025-03-15T03:00:00
380,232,4.8,2025-03-15T03:00:00
99,108,4.0,2025-03-15T05:00:00
318,123,2.9,2025-03-15T05:00:00
431,111,4.2,2025-03-15T05:00:00
97,156,3.9,2025-03-15T06:00:00
369,87,4.1,2025-03-15T06:00:00
458,236,3.8,2025-03-15T06:00:00
70,271,4.2,2025-03-15T07:00:00
386,58,2.9,2025-03-15T07:00:00
25,74,2.4,2025-03-15T08:00:00
439,237,3.8,2025-03-15T08:00:00
13,89,3.4,2025-03-15T09:00:00
79,269,4.9,2025-03-15T09:00:00
194,176,5.0,2025-03-15T09:00:00
345,266,4.0,2025-03-15T09:00:00
232,178,3.9,2025-03-15T10:00:00
137,290,3.4,2025-03-15T11:00:00
147,75,3.1,2025-03-15T11:00:00
316,88,4.3,2025-03-15T11:00:00
326,172,2.3,2025-03-15T11:00:00
432,42,3.7,2025-03-15T11:00:00
440,270,4.4,2025-03-15T11:00:00
344,210,3.7,2025-03-15T12:00:00
425,164,3.7,2025-03-15T12:00:00
50,242,4.4,2025-03-15T13:00:00
234,89,4.1,2025-03-15T13:00:00
220,2,3.2,2025-03-15T14:00:00
435,249,3.6,2025-03-15T14:00:00
474,213,3.6,2025-03-15T14:00:00
185,250,3.0,2025-03-15T15:00:00
422,157,3.0,2025-03-15T15:00:00
431,141,3.7,2025-03-15T15:00:00
469,87,3.9,2025-03-15T15:00:00
46,201,2.1,2025-03-15T16:00:00
112,39,4.2,2025-03-15T16:00:00
168,5,3.7,2025-03-15T17:00:00
194,255,5.0,2025-03-15T17:00:00
232,182,3.3,2025-03-15T18:00:00
391,29,3.2,2025-03-15T18:00:00
66,197,4.0,2025-03-15T19:00:00
432,224,4.1,2025-03-15T19:00:00
359,5,2.5,2025-03-15T20:00:00
138,123,2.7,2025-03-15T21:00:00
239,19,5.0,2025-03-15T21:00:00
253,100,2.8,2025-03-15T21:00:00
430,231,3.5,2025-03-15T21:00:00
160,256,4.2,2025-03-15T22:00:00
257,209,4.3,2025-03-15T22:00:00
240,50,4.7,2025-03-15T23:00:00
39,228,2.8,2025-03-16T00:00:00
204,209,3.0,2025-03-16T00:00:00
278,127,5.0,2025-03-16T00:00:00
457,198,4.7,2025-03-16T00:00:00
467,79,3.7,2025-03-16T01:00:00
96,91,5.0,2025-03-16T02:00:00
274,74,3.5,2025-03-16T02:00:00
375,191,2.5,2025-03-16T02:00:00
400,110,4.5,2025-03-16T02:00:00
414,274,3.9,2025-03-16T02:00:00
232,162,5.0,2025-03-16T03:00:00
104,184,4.5,2025-03-16T04:00:00
425,250,3.2,2025-03-16T04:00:00
180,25,3.4,2025-03-16T05:00:00
305,155,3.3,2025-03-16T05:00:00
443,209,3.9,2025-03-16T05:00:00
171,151,2.4,2025-03-16T06:00:00
63,255,3.8,2025-03-16T07:00:00
193,2,3.9,2025-03-16T07:00:00
46,271,3.0,2025-03-16T08:00:00
90,204,2.5,2025-03-16T08:00:00
140,275,5.0,2025-03-16T08:00:00
160,261,4.3,2025-03-16T08:00:00
347,41,5.0,2025-03-16T08:00:00
373,148,4.9,2025-03-16T08:00:00
483,133,3.8,2025-03-16T08:00:00
3,242,3.6,2025-03-16T09:00:00
16,122,1.9,2025-03-16T09:00:00
195,211,3.5,2025-03-16T09:00:00
214,177,2.3,2025-03-16T09:00:00
243,162,4.1,2025-03-16T09:00:00
467,255,5.0,2025-03-16T09:00:00
66,199,4.3,2025-03-16T10:00:00
77,271,2.7,2025-03-16T10:00:00
471,180,5.0,2025-03-16T10:00:00
253,198,4.1,2025-03-16T11:00:00
63,292,3.9,2025-03-16T12:00:00
398,216,4.4,2025-03-16T12:00:00
437,50,4.2,2025-03-16T12:00:00
474,296,3.4,2025-03-16T12:00:00
195,232,3.1,2025-03-16T13:00:00
352,280,3.7,2025-03-16T13:00:00
13,39,5.0,2025-03-16T14:00:00
356,279,3.8,2025-03-16T14:00:00
28,144,4.6,2025-03-16T15:00:00
112,49,3.4,2025-03-16T15:00:00
212,200,4.4,2025-03-16T15:00:00
120,209,2.9,2025-03-16T16:00:00
323,202,3.2,2025-03-16T16:00:00
439,243,4.1,2025-03-16T16:00:00
313,111,4.0,2025-03-16T17:00:00
134,262,2.7,2025-03-16T19:00:00
338,64,4.8,2025-03-16T19:00:00
19,18,3.4,2025-03-16T20:00:00
70,259,4.6,2025-03-16T20:00:00
458,49,5.0,2025-03-16T20:00:00
488,216,4.9,2025-03-16T20:00:00
64,280,4.0,2025-03-16T21:00:00
403,295,5.0,2025-03-16T21:00:00
86,267,3.5,2025-03-16T22:00:00
39,267,3.6,2025-03-16T23:00:00
160,244,4.2,2025-03-16T23:00:00
370,261,3.1,2025-03-16T23:00:00
453,163,4.3,2025-03-16T23:00:00
10,246,2.7,2025-03-17T00:00:00
137,142,3.5,2025-03-17T00:00:00
149,179,4.6,2025-03-17T00:00:00
226,49,4.3,2025-03-17T00:00:00
271,178,3.9,2025-03-17T00:00:00
372,265,4.0,2025-03-17T00:00:00
104,213,5.0,2025-03-17T02:00:00
146,270,3.9,2025-03-17T02:00:00
197,70,5.0,2025-03-17T02:00:00
214,175,3.2,2025-03-17T02:00:00
481,10,4.2,2025-03-17T03:00:00
199,29,4.3,2025-03-17T04:00:00
239,108,4.1,2025-03-17T04:00:00
290,91,3.8,2025-03-17T04:00:00
419,273,3.5,2025-03-17T04:00:00
35,206,3.6,2025-03-17T05:00:00
261,223,5.0,2025-03-17T05:00:00
305,160,4.0,2025-03-17T05:00:00
362,189,4.0,2025-03-17T05:00:00
21,38,2.1,2025-03-17T06:00:00
46,176,3.4,2025-03-17T06:00:00
162,74,2.7,2025-03-17T06:00:00
206,79,2.3,2025-03-17T06:00:00
168,29,4.2,2025-03-17T07:00:00
374,275,3.0,2025-03-17T07:00:00
424,209,2.5,2025-03-17T08:00:00
453,74,2.6,2025-03-17T08:00:00
488,144,3.0,2025-03-17T08:00:00
130,243,4.0,2025-03-17T09:00:00
300,249,3.8,2025-03-17T09:00:00
65,115,1.5,2025-03-17T10:00:00
318,209,3.1,2025-03-17T10:00:00
274,232,4.9,2025-03-17T11:00:00
389,25,4.4,2025-03-17T11:00:00
21,70,3.9,2025-03-17T12:00:00
215,146,4.6,2025-03-17T12:00:00
350,5,2.8,2025-03-17T12:00:00
25,189,2.3,2025-03-17T13:00:00
43,229,2.4,2025-03-17T13:00:00
86,183,5.0,2025-03-17T13:00:00
151,104,5.0,2025-03-17T13:00:00
109,74,2.4,2025-03-17T14:00:00
309,272,4.7,2025-03-17T14:00:00
330,36,3.6,2025-03-17T14:00:00
370,75,5.0,2025-03-17T14:00:00
474,217,3.6,2025-03-17T14:00:00
6,206,2.6,2025-03-17T15:00:00
208,298,5.0,2025-03-17T15:00:00
256,145,3.3,2025-03-17T15:00:00
257,210,5.0,2025-03-17T16:00:00
276,266,3.3,2025-03-17T16:00:00
204,108,2.5,2025-03-17T17:00:00
293,98,5.0,2025-03-17T17:00:00
380,233,5.0,2025-03-17T17:00:00
440,149,4.9,2025-03-17T17:00:00
151,142,5.0,2025-03-17T18:00:00
358,45,1.7,2025-03-17T19:00:00
252,183,4.1,2025-03-17T21:00:00
374,74,2.7,2025-03-17T21:00:00
426,222,4.3,2025-03-17T21:00:00
46,162,3.8,2025-03-17T22:00:00
145,32,4.0,2025-03-17T22:00:00
400,200,2.8,2025-03-17T22:00:00
90,279,2.7,2025-03-17T23:00:00
160,259,4.8,2025-03-17T23:00:00
240,173,3.9,2025-03-17T23:00:00
261,229,4.1,2025-03-17T23:00:00
467,259,5.0,2025-03-17T23:00:00
79,279,5.0,2025-03-18T00:00:00
214,206,1.0,2025-03-18T00:00:00
271,189,3.7,2025-03-18T00:00:00
352,145,5.0,2025-03-18T00:00:00
432,164,3.2,2025-03-18T00:00:00
10,197,2.6,2025-03-18T01:00:00
77,274,3.4,2025-03-18T01:00:00
93,247,4.1,2025-03-18T01:00:00
326,82,4.2,2025-03-18T02:00:00
138,257,2.7,2025-03-18T03:00:00
290,73,3.4,2025-03-18T03:00:00
434,122,3.1,2025-03-18T03:00:00
21,177,4.6,2025-03-18T04:00:00
64,289,5.0,2025-03-18T04:00:00
194,241,4.5,2025-03-18T04:00:00
300,219,4.3,2025-03-18T04:00:00
414,163,4.3,2025-03-18T04:00:00
446,280,2.3,2025-03-18T04:00:00
120,298,4.7,2025-03-18T05:00:00
141,102,5.0,2025-03-18T05:00:00
174,218,3.1,2025-03-18T05:00:00
293,51,5.0,2025-03-18T05:00:00
465,150,4.5,2025-03-18T05:00:00
424,44,4.2,2025-03-18T06:00:00
140,260,4.7,2025-03-18T07:00:00
253,161,3.3,2025-03-18T08:00:00
354,197,4.4,2025-03-18T08:00:00
399,31,3.7,2025-03-18T08:00:00
425,195,4.5,2025-03-18T08:00:00
63,267,4.4,2025-03-18T09:00:00
443,29,4.7,2025-03-18T09:00:00
174,216,3.4,2025-03-18T11:00:00
179,267,3.0,2025-03-18T11:00:00
260,251,4.4,2025-03-18T11:00:00
375,147,4.6,2025-03-18T11:00:00
435,89,4.3,2025-03-18T11:00:00
338,59,4.5,2025-03-18T13:00:00
3,163,3.0,2025-03-18T14:00:00
66,182,3.7,2025-03-18T14:00:00
120,279,3.5,2025-03-18T14:00:00
188,147,4.2,2025-03-18T14:00:00
232,161,5.0,2025-03-18T14:00:00
253,162,4.1,2025-03-18T14:00:00
278,2,4.0,2025-03-18T14:00:00
432,245,3.8,2025-03-18T14:00:00
330,89,3.6,2025-03-18T15:00:00
344,287,4.5,2025-03-18T15:00:00
419,225,4.5,2025-03-18T15:00:00
483,2,4.3,2025-03-18T15:00:00
274,42,3.5,2025-03-18T16:00:00
318,10,3.4,2025-03-18T16:00:00
345,268,4.8,2025-03-18T16:00:00
86,157,3.9,2025-03-18T17:00:00
88,87,3.3,2025-03-18T18:00:00
290,134,3.8,2025-03-18T18:00:00
46,183,4.4,2025-03-18T19:00:00
93,29,4.9,2025-03-18T19:00:00
137,133,4.6,2025-03-18T19:00:00
316,85,4.9,2025-03-18T19:00:00
323,213,3.5,2025-03-18T19:00:00
50,214,3.9,2025-03-18T20:00:00
120,257,4.5,2025-03-18T20:00:00
185,72,5.0,2025-03-18T20:00:00
197,195,5.0,2025-03-18T20:00:00
389,16,3.7,2025-03-18T20:00:00
47,161,4.4,2025-03-18T21:00:00
130,74,3.6,2025-03-18T21:00:00
72,95,3.8,2025-03-18T22:00:00
220,176,2.4,2025-03-18T22:00:00
97,89,3.5,2025-03-18T23:00:00
193,29,4.6,2025-03-18T23:00:00
243,151,4.0,2025-03-18T23:00:00
64,251,4.3,2025-03-19T00:00:00
79,257,3.0,2025-03-19T00:00:00
239,4,5.0,2025-03-19T00:00:00
359,129,4.3,2025-03-19T00:00:00
65,209,3.1,2025-03-19T01:00:00
369,122,4.8,2025-03-19T01:00:00
356,267,5.0,2025-03-19T02:00:00
424,29,5.0,2025-03-19T03:00:00
446,48,4.1,2025-03-19T03:00:00
10,34,3.8,2025-03-19T04:00:00
99,246,3.8,2025-03-19T04:00:00
104,141,5.0,2025-03-19T04:00:00
21,185,4.3,2025-03-19T05:00:00
93,218,4.8,2025-03-19T05:00:00
147,51,2.8,2025-03-19T05:00:00
199,219,3.1,2025-03-19T05:00:00
290,71,3.6,2025-03-19T05:00:00
305,187,4.7,2025-03-19T05:00:00
373,110,5.0,2025-03-19T05:00:00
386,249,4.4,2025-03-19T05:00:00
457,44,3.3,2025-03-19T05:00:00
180,224,3.8,2025-03-19T06:00:00
16,290,4.0,2025-03-19T07:00:00
195,179,2.3,2025-03-19T07:00:00
112,29,5.0,2025-03-19T08:00:00
252,87,2.8,2025-03-19T09:00:00
430,197,3.4,2025-03-19T09:00:00
440,290,4.2,2025-03-19T09:00:00
109,198,1.2,2025-03-19T10:00:00
120,246,3.5,2025-03-19T10:00:00
138,114,3.4,2025-03-19T10:00:00
171,42,4.5,2025-03-19T10:00:00
223,78,4.6,2025-03-19T10:00:00
391,41,4.2,2025-03-19T11:00:00
234,222,4.4,2025-03-19T12:00:00
437,184,2.9,2025-03-19T12:00:00
188,216,3.2,2025-03-19T13:00:00
347,248,4.4,2025-03-19T13:00:00
469,164,2.7,2025-03-19T13:00:00
471,166,4.4,2025-03-19T13:00:00
19,291,4.5,2025-03-19T14:00:00
369,232,4.7,2025-03-19T14:00:00
398,164,2.6,2025-03-19T14:00:00
425,25,5.0,2025-03-19T14:00:00
474,229,4.3,2025-03-19T14:00:00
168,17,4.0,2025-03-19T15:00:00
179,148,2.3,2025-03-19T15:00:00
215,147,4.9,2025-03-19T15:00:00
344,292,4.1,2025-03-19T15:00:00
431,129,2.7,2025-03-19T15:00:00
16,252,3.7,2025-03-19T16:00:00
160,74,3.4,2025-03-19T16:00:00
86,173,5.0,2025-03-19T17:00:00
214,300,2.0,2025-03-19T17:00:00
278,119,4.4,2025-03-19T17:00:00
372,279,3.4,2025-03-19T17:00:00
380,209,5.0,2025-03-19T18:00:00
483,41,4.5,2025-03-19T18:00:00
374,27,4.3,2025-03-19T19:00:00
223,279,3.3,2025-03-19T20:00:00
316,69,3.9,2025-03-19T20:00:00
439,254,4.7,2025-03-19T20:00:00
180,195,4.6,2025-03-19T21:00:00
465,206,5.0,2025-03-19T21:00:00
467,87,5.0,2025-03-19T21:00:00
179,74,3.9,2025-03-19T22:00:00
313,108,4.6,2025-03-19T22:00:00
345,267,4.8,2025-03-19T22:00:00
6,64,4.4,2025-03-19T23:00:00
35,287,5.0,2025-03-19T23:00:00
146,257,3.9,2025-03-19T23:00:00
163,74,5.0,2025-03-19T23:00:00
300,229,3.5,2025-03-19T23:00:00
3,281,3.3,2025-03-20T00:00:00
39,116,4.5,2025-03-20T00:00:00
369,228,4.6,2025-03-20T00:00:00
65,17,3.2,2025-03-20T01:00:00
90,164,3.6,2025-03-20T01:00:00
113,52,4.6,2025-03-20T01:00:00
212,150,2.2,2025-03-20T01:00:00
278,279,3.4,2025-03-20T01:00:00
96,221,3.2,2025-03-20T02:00:00
256,59,3.7,2025-03-20T02:00:00
309,189,4.0,2025-03-20T02:00:00
323,203,3.0,2025-03-20T02:00:00
488,242,3.3,2025-03-20T02:00:00
204,16,3.2,2025-03-20T03:00:00
234,231,3.3,2025-03-20T04:00:00
66,209,2.3,2025-03-20T05:00:00
149,99,5.0,2025-03-20T06:00:00
443,162,5.0,2025-03-20T06:00:00
195,13,3.4,2025-03-20T07:00:00
223,17,2.5,2025-03-20T07:00:00
300,71,4.2,2025-03-20T07:00:00
424,60,3.1,2025-03-20T07:00:00
426,252,4.0,2025-03-20T07:00:00
440,111,4.4,2025-03-20T07:00:00
453,182,3.0,2025-03-20T07:00:00
458,165,3.8,2025-03-20T07:00:00
134,89,2.0,2025-03-20T08:00:00
403,73,5.0,2025-03-20T08:00:00
469,137,3.7,2025-03-20T08:00:00
163,122,5.0,2025-03-20T09:00:00
28,131,4.3,2025-03-20T10:00:00
145,41,4.8,2025-03-20T10:00:00
108,272,3.4,2025-03-20T11:00:00
232,266,3.9,2025-03-20T11:00:00
278,223,3.8,2025-03-20T11:00:00
43,232,3.9,2025-03-20T12:00:00
137,45,2.9,2025-03-20T12:00:00
330,122,3.7,2025-03-20T12:00:00
398,244,3.2,2025-03-20T12:00:00
19,178,4.1,2025-03-20T13:00:00
72,48,3.6,2025-03-20T13:00:00
140,188,3.6,2025-03-20T13:00:00
204,153,3.7,2025-03-20T13:00:00
206,163,3.8,2025-03-20T13:00:00
266,141,4.6,2025-03-20T13:00:00
276,240,3.6,2025-03-20T13:00:00
97,192,5.0,2025-03-20T14:00:00
240,122,2.6,2025-03-20T14:00:00
400,146,4.5,2025-03-20T14:00:00
425,161,4.5,2025-03-20T14:00:00
194,125,5.0,2025-03-20T15:00:00
399,49,4.3,2025-03-20T15:00:00
96,111,4.2,2025-03-20T16:00:00
104,139,4.9,2025-03-20T16:00:00
63,252,4.2,2025-03-20T17:00:00
130,213,4.2,2025-03-20T17:00:00
271,67,2.7,2025-03-20T17:00:00
419,74,4.5,2025-03-20T17:00:00
465,242,4.6,2025-03-20T17:00:00
134,108,3.6,2025-03-20T18:00:00
21,173,4.3,2025-03-20T19:00:00
64,277,5.0,2025-03-20T19:00:00
70,281,4.7,2025-03-20T19:00:00
226,44,3.6,2025-03-20T19:00:00
257,215,4.8,2025-03-20T19:00:00
274,145,3.3,2025-03-20T19:00:00
180,249,4.6,2025-03-20T20:00:00
256,60,3.8,2025-03-20T20:00:00
261,222,4.3,2025-03-20T20:00:00
316,48,3.3,2025-03-20T20:00:00
434,256,2.4,2025-03-20T20:00:00
88,249,1.5,2025-03-20T21:00:00
193,122,2.9,2025-03-20T21:00:00
481,60,3.1,2025-03-20T21:00:00
90,108,3.9,2025-03-20T22:00:00
149,52,5.0,2025-03-20T22:00:00
375,113,4.9,2025-03-20T22:00:00
65,46,3.9,2025-03-20T23:00:00
358,94,3.1,2025-03-20T23:00:00
293,154,3.5,2025-03-21T00:00:00
77,148,4.0,2025-03-21T01:00:00
162,122,3.1,2025-03-21T01:00:00
215,260,2.6,2025-03-21T01:00:00
261,249,4.2,2025-03-21T01:00:00
338,52,4.4,2025-03-21T01:00:00
373,74,3.7,2025-03-21T01:00:00
220,232,5.0,2025-03-21T02:00:00
419,232,4.7,2025-03-21T02:00:00
425,196,4.2,2025-03-21T02:00:00
426,257,3.6,2025-03-21T02:00:00
193,45,3.3,2025-03-21T04:00:00
362,19,3.4,2025-03-21T04:00:00
6,246,1.9,2025-03-21T05:00:00
174,164,1.3,2025-03-21T05:00:00
313,150,4.2,2025-03-21T05:00:00
160,91,3.7,2025-03-21T06:00:00
25,158,3.7,2025-03-21T07:00:00
90,149,4.0,2025-03-21T07:00:00
223,93,3.2,2025-03-21T07:00:00
352,267,3.2,2025-03-21T07:00:00
120,153,4.5,2025-03-21T08:00:00
146,269,4.4,2025-03-21T08:00:00
86,155,4.6,2025-03-21T09:00:00
424,15,4.3,2025-03-21T10:00:00
386,219,4.1,2025-03-21T12:00:00
414,266,4.0,2025-03-21T13:00:00
151,134,5.0,2025-03-21T14:00:00
212,168,4.3,2025-03-21T14:00:00
370,63,4.6,2025-03-21T14:00:00
90,111,5.0,2025-03-21T15:00:00
208,102,4.5,2025-03-21T15:00:00
256,119,5.0,2025-03-21T16:00:00
326,176,2.1,2025-03-21T16:00:00
79,192,2.6,2025-03-21T17:00:00
93,45,4.1,2025-03-21T17:00:00
419,122,3.3,2025-03-21T17:00:00
453,172,3.0,2025-03-21T17:00:00
488,209,3.8,2025-03-21T17:00:00
72,39,4.0,2025-03-21T18:00:00
220,89,3.3,2025-03-21T18:00:00
141,42,5.0,2025-03-21T19:00:00
179,263,3.1,2025-03-21T19:00:00
199,42,4.0,2025-03-21T19:00:00
271,84,3.6,2025-03-21T19:00:00
435,98,3.9,2025-03-21T19:00:00
39,141,4.6,2025-03-21T20:00:00
46,209,3.0,2025-03-21T20:00:00
65,4,3.3,2025-03-21T20:00:00
77,262,3.4,2025-03-21T20:00:00
290,243,1.7,2025-03-21T20:00:00
151,114,4.2,2025-03-21T21:00:00
185,219,5.0,2025-03-21T21:00:00
330,209,4.7,2025-03-21T21:00:00
352,150,4.7,2025-03-21T22:00:00
354,168,4.3,2025-03-21T22:00:00
193,269,2.9,2025-03-21T23:00:00
276,258,4.0,2025-03-21T23:00:00
483,5,5.0,2025-03-21T23:00:00
305,176,4.2,2025-03-22T00:00:00
443,179,5.0,2025-03-22T00:00:00
152,246,4.7,2025-03-22T01:00:00
240,74,4.0,2025-03-22T02:00:00
260,58,3.9,2025-03-22T02:00:00
338,209,3.8,2025-03-22T02:00:00
10,41,3.8,2025-03-22T03:00:00
50,42,2.2,2025-03-22T03:00:00
352,168,5.0,2025-03-22T03:00:00
66,172,3.8,2025-03-22T04:00:00
214,151,3.1,2025-03-22T04:00:00
439,280,3.6,2025-03-22T04:00:00
35,193,5.0,2025-03-22T05:00:00
204,250,3.1,2025-03-22T05:00:00
300,238,3.6,2025-03-22T05:00:00
453,199,3.8,2025-03-22T05:00:00
234,115,3.0,2025-03-22T06:00:00
380,217,5.0,2025-03-22T06:00:00
47,179,3.5,2025-03-22T07:00:00
146,292,4.4,2025-03-22T07:00:00
266,114,5.0,2025-03-22T07:00:00
318,122,3.2,2025-03-22T07:00:00
332,122,3.7,2025-03-22T07:00:00
443,172,4.5,2025-03-22T07:00:00
72,184,4.7,2025-03-22T08:00:00
430,238,2.8,2025-03-22T08:00:00
458,10,4.9,2025-03-22T08:00:00
488,226,3.7,2025-03-22T08:00:00
99,170,5.0,2025-03-22T10:00:00
180,198,2.3,2025-03-22T10:00:00
313,127,3.6,2025-03-22T10:00:00
432,213,3.4,2025-03-22T10:00:00
28,104,5.0,2025-03-22T11:00:00
194,96,4.4,2025-03-22T11:00:00
145,43,4.5,2025-03-22T12:00:00
356,274,4.9,2025-03-22T12:00:00
453,183,2.9,2025-03-22T12:00:00
457,160,2.9,2025-03-22T12:00:00
471,183,5.0,2025-03-22T12:00:00
6,275,2.5,2025-03-22T13:00:00
97,163,4.7,2025-03-22T13:00:00
243,184,3.7,2025-03-22T13:00:00
253,165,3.8,2025-03-22T13:00:00
276,207,4.4,2025-03-22T14:00:00
300,70,3.4,2025-03-22T14:00:00
347,79,4.3,2025-03-22T14:00:00
424,17,3.1,2025-03-22T14:00:00
86,160,5.0,2025-03-22T15:00:00
93,220,4.7,2025-03-22T15:00:00
293,164,3.6,2025-03-22T15:00:00
43,48,2.4,2025-03-22T17:00:00
147,79,3.9,2025-03-22T17:00:00
149,281,4.3,2025-03-22T17:00:00
174,183,2.9,2025-03-22T17:00:00
474,200,4.9,2025-03-22T17:00:00
141,3,5.0,2025-03-22T18:00:00
300,218,3.6,2025-03-22T18:00:00
369,257,4.3,2025-03-22T18:00:00
414,55,3.0,2025-03-22T18:00:00
10,17,4.7,2025-03-22T19:00:00
188,164,2.8,2025-03-22T20:00:00
389,238,4.8,2025-03-22T20:00:00
481,14,3.9,2025-03-22T20:00:00
97,213,3.1,2025-03-22T21:00:00
120,292,4.7,2025-03-22T21:00:00
432,206,3.9,2025-03-22T21:00:00
147,55,2.8,2025-03-22T22:00:00
375,94,3.8,2025-03-22T22:00:00
431,266,1.8,2025-03-22T22:00:00
437,45,3.8,2025-03-22T22:00:00
446,247,2.7,2025-03-22T22:00:00
163,55,5.0,2025-03-22T23:00:00
63,288,3.0,2025-03-23T00:00:00
352,209,3.1,2025-03-23T00:00:00
434,174,4.4,2025-03-23T00:00:00
35,57,3.2,2025-03-23T01:00:00
330,199,3.5,2025-03-23T01:00:00
65,29,3.6,2025-03-23T02:00:00
252,192,5.0,2025-03-23T02:00:00
391,17,4.1,2025-03-23T03:00:00
64,181,5.0,2025-03-23T04:00:00
109,42,2.8,2025-03-23T04:00:00
257,146,4.4,2025-03-23T04:00:00
358,75,3.4,2025-03-23T04:00:00
112,300,4.0,2025-03-23T05:00:00
372,270,4.8,2025-03-23T05:00:00
3,226,4.4,2025-03-23T06:00:00
160,152,2.8,2025-03-23T06:00:00
256,150,5.0,2025-03-23T06:00:00
386,226,3.1,2025-03-23T06:00:00
271,154,3.9,2025-03-23T07:00:00
380,89,4.2,2025-03-23T07:00:00
398,89,4.6,2025-03-23T07:00:00
163,89,5.0,2025-03-23T08:00:00
214,162,3.2,2025-03-23T08:00:00
323,249,2.6,2025-03-23T08:00:00
326,18,3.8,2025-03-23T08:00:00
138,45,1.9,2025-03-23T09:00:00
419,233,4.5,2025-03-23T09:00:00
426,262,4.6,2025-03-23T09:00:00
171,29,4.0,2025-03-23T10:00:00
432,246,4.9,2025-03-23T10:00:00
453,196,4.3,2025-03-23T10:00:00
488,280,4.3,2025-03-23T10:00:00
195,140,2.3,2025-03-23T11:00:00
344,252,4.7,2025-03-23T13:00:00
130,222,3.3,2025-03-23T14:00:00
260,74,3.7,2025-03-23T14:00:00
469,259,2.8,2025-03-23T14:00:00
104,136,5.0,2025-03-23T15:00:00
467,89,5.0,2025-03-23T15:00:00
19,34,2.9,2025-03-23T16:00:00
65,204,3.7,2025-03-23T16:00:00
112,1,3.0,2025-03-23T16:00:00
316,54,3.6,2025-03-23T16:00:00
380,249,5.0,2025-03-23T16:00:00
28,209,3.7,2025-03-23T17:00:00
91,4,5.0,2025-03-23T17:00:00
108,292,3.5,2025-03-23T17:00:00
151,45,2.3,2025-03-23T17:00:00
256,216,3.2,2025-03-23T17:00:00
137,5,1.3,2025-03-23T18:00:00
323,212,3.9,2025-03-23T18:00:00
437,3,4.5,2025-03-23T18:00:00
50,216,5.0,2025-03-23T19:00:00
64,265,4.4,2025-03-23T19:00:00
138,214,3.0,2025-03-23T19:00:00
152,209,3.8,2025-03-23T19:00:00
226,30,2.3,2025-03-23T19:00:00
345,161,2.5,2025-03-23T19:00:00
79,270,4.6,2025-03-23T20:00:00
162,165,4.5,2025-03-23T20:00:00
195,122,3.1,2025-03-23T20:00:00
332,74,4.5,2025-03-23T20:00:00
483,17,3.5,2025-03-23T20:00:00
278,125,4.1,2025-03-23T21:00:00
432,266,3.5,2025-03-23T21:00:00
461,25,2.7,2025-03-23T21:00:00
109,50,2.4,2025-03-23T23:00:00
309,209,2.8,2025-03-23T23:00:00
316,97,4.6,2025-03-23T23:00:00
465,261,4.1,2025-03-23T23:00:00
63,293,4.3,2025-03-24T00:00:00
81,266,4.9,2025-03-24T00:00:00
373,117,4.8,2025-03-24T00:00:00
375,87,4.3,2025-03-24T00:00:00
425,170,3.3,2025-03-24T00:00:00
77,210,3.0,2025-03-24T01:00:00
113,83,4.3,2025-03-24T01:00:00
93,240,5.0,2025-03-24T02:00:00
347,182,5.0,2025-03-24T02:00:00
358,275,1.6,2025-03-24T02:00:00
439,294,5.0,2025-03-24T02:00:00
97,45,4.0,2025-03-24T03:00:00
220,261,2.3,2025-03-24T03:00:00
432,29,3.6,2025-03-24T03:00:00
88,118,3.7,2025-03-24T04:00:00
313,133,4.0,2025-03-24T04:00:00
70,293,4.0,2025-03-24T06:00:00
99,75,3.1,2025-03-24T06:00:00
104,71,5.0,2025-03-24T06:00:00
206,161,5.0,2025-03-24T06:00:00
488,212,3.7,2025-03-24T07:00:00
163,75,5.0,2025-03-24T08:00:00
399,12,5.0,2025-03-24T08:00:00
140,122,3.5,2025-03-24T09:00:00
232,257,3.2,2025-03-24T09:00:00
290,47,2.4,2025-03-24T09:00:00
35,101,4.2,2025-03-24T10:00:00
96,75,4.0,2025-03-24T10:00:00
465,209,5.0,2025-03-24T10:00:00
180,167,4.9,2025-03-24T11:00:00
215,137,4.5,2025-03-24T13:00:00
323,165,2.3,2025-03-24T13:00:00
120,70,4.4,2025-03-24T14:00:00
134,270,3.1,2025-03-24T14:00:00
179,149,3.4,2025-03-24T14:00:00
240,26,4.0,2025-03-24T14:00:00
260,71,3.5,2025-03-24T14:00:00
437,12,4.4,2025-03-24T14:00:00
180,274,4.2,2025-03-24T15:00:00
391,25,4.9,2025-03-24T15:00:00
21,39,3.5,2025-03-24T16:00:00
234,240,4.5,2025-03-24T17:00:00
266,122,3.7,2025-03-24T17:00:00
323,243,2.6,2025-03-24T17:00:00
358,99,2.5,2025-03-24T17:00:00
434,79,4.2,2025-03-24T17:00:00
443,192,4.1,2025-03-24T17:00:00
212,45,2.6,2025-03-24T18:00:00
326,31,3.6,2025-03-24T18:00:00
330,216,4.6,2025-03-24T18:00:00
97,137,3.4,2025-03-24T19:00:00
204,49,2.7,2025-03-24T19:00:00
274,202,3.7,2025-03-24T19:00:00
276,264,2.5,2025-03-24T19:00:00
152,216,5.0,2025-03-24T20:00:00
194,73,5.0,2025-03-24T20:00:00
426,46,3.5,2025-03-24T20:00:00
435,87,4.5,2025-03-24T20:00:00
171,49,4.2,2025-03-24T21:00:00
188,294,3.2,2025-03-24T21:00:00
261,164,4.0,2025-03-24T21:00:00
488,285,4.2,2025-03-24T21:00:00
96,86,4.0,2025-03-24T22:00:00
146,298,5.0,2025-03-24T22:00:00
72,60,3.1,2025-03-24T23:00:00
223,31,2.9,2025-03-24T23:00:00
252,177,4.1,2025-03-25T00:00:00
253,58,3.7,2025-03-25T00:00:00
362,62,3.0,2025-03-25T00:00:00
380,212,4.9,2025-03-25T00:00:00
419,101,3.3,2025-03-25T00:00:00
432,243,4.3,2025-03-25T00:00:00
3,152,2.7,2025-03-25T01:00:00
28,123,2.8,2025-03-25T01:00:00
145,9,4.8,2025-03-25T01:00:00
185,99,5.0,2025-03-25T01:00:00
25,187,3.3,2025-03-25T02:00:00
471,158,5.0,2025-03-25T02:00:00
474,29,3.0,2025-03-25T02:00:00
66,148,3.3,2025-03-25T03:00:00
256,263,3.0,2025-03-25T03:00:00
446,295,2.3,2025-03-25T03:00:00
152,247,4.7,2025-03-25T04:00:00
389,15,4.8,2025-03-25T04:00:00
90,101,3.6,2025-03-25T05:00:00
130,249,4.4,2025-03-25T05:00:00
155,254,3.7,2025-03-25T05:00:00
271,273,2.6,2025-03-25T05:00:00
398,223,4.3,2025-03-25T05:00:00
137,144,4.8,2025-03-25T06:00:00
141,4,4.1,2025-03-25T06:00:00
344,253,5.0,2025-03-25T06:00:00
46,160,3.9,2025-03-25T07:00:00
138,155,2.5,2025-03-25T07:00:00
86,275,3.9,2025-03-25T08:00:00
193,5,4.1,2025-03-25T08:00:00
372,256,4.0,2025-03-25T08:00:00
386,212,3.2,2025-03-25T08:00:00
453,189,4.5,2025-03-25T08:00:00
437,43,4.5,2025-03-25T09:00:00
39,180,4.3,2025-03-25T10:00:00
253,193,3.5,2025-03-25T10:00:00
316,42,3.9,2025-03-25T10:00:00
370,55,4.2,2025-03-25T10:00:00
426,253,4.7,2025-03-25T10:00:00
481,275,2.8,2025-03-25T10:00:00
47,178,5.0,2025-03-25T11:00:00
398,213,4.5,2025-03-25T11:00:00
124,263,4.2,2025-03-25T12:00:00
332,19,3.1,2025-03-25T12:00:00
414,183,2.3,2025-03-25T12:00:00
430,122,3.4,2025-03-25T12:00:00
160,267,3.4,2025-03-25T13:00:00
193,42,5.0,2025-03-25T13:00:00
243,189,3.4,2025-03-25T13:00:00
260,55,3.6,2025-03-25T13:00:00
439,162,3.8,2025-03-25T13:00:00
134,102,2.8,2025-03-25T14:00:00
389,7,4.4,2025-03-25T15:00:00
457,176,3.9,2025-03-25T16:00:00
151,117,4.2,2025-03-25T17:00:00
318,7,3.6,2025-03-25T17:00:00
354,153,4.8,2025-03-25T17:00:00
43,211,4.0,2025-03-25T18:00:00
112,211,3.3,2025-03-25T18:00:00
199,149,5.0,2025-03-25T18:00:00
435,81,5.0,2025-03-25T18:00:00
147,198,2.9,2025-03-25T20:00:00
163,94,5.0,2025-03-25T20:00:00
46,191,4.1,2025-03-25T21:00:00
10,5,4.4,2025-03-25T22:00:00
81,122,4.5,2025-03-25T22:00:00
257,243,4.8,2025-03-25T22:00:00
458,204,5.0,2025-03-25T22:00:00
3,234,4.1,2025-03-26T00:00:00
305,242,3.2,2025-03-26T00:00:00
278,34,4.9,2025-03-26T01:00:00
356,296,5.0,2025-03-26T01:00:00
99,10,3.5,2025-03-26T03:00:00
151,251,3.4,2025-03-26T03:00:00
162,8,1.9,2025-03-26T03:00:00
257,239,4.8,2025-03-26T03:00:00
344,250,4.3,2025-03-26T03:00:00
352,103,4.8,2025-03-26T03:00:00
399,27,4.5,2025-03-26T03:00:00
112,266,2.6,2025-03-26T04:00:00
174,244,2.1,2025-03-26T04:00:00
185,86,5.0,2025-03-26T04:00:00
138,219,2.2,2025-03-26T05:00:00
64,259,5.0,2025-03-26T06:00:00
274,206,4.3,2025-03-26T06:00:00
300,79,4.5,2025-03-26T06:00:00
179,122,4.5,2025-03-26T07:00:00
180,238,3.6,2025-03-26T07:00:00
195,18,2.7,2025-03-26T07:00:00
6,41,1.7,2025-03-26T08:00:00
226,14,3.5,2025-03-26T08:00:00
97,91,4.1,2025-03-26T09:00:00
108,29,3.5,2025-03-26T09:00:00
3,209,4.1,2025-03-26T10:00:00
70,230,2.9,2025-03-26T10:00:00
147,281,1.9,2025-03-26T10:00:00
426,275,4.2,2025-03-26T10:00:00
483,10,4.3,2025-03-26T10:00:00
50,245,5.0,2025-03-26T11:00:00
369,250,5.0,2025-03-26T11:00:00
419,217,4.8,2025-03-26T11:00:00
432,210,4.0,2025-03-26T12:00:00
149,79,5.0,2025-03-26T13:00:00
293,108,3.9,2025-03-26T13:00:00
465,241,5.0,2025-03-26T13:00:00
3,164,2.5,2025-03-26T14:00:00
426,226,3.3,2025-03-26T14:00:00
226,209,2.0,2025-03-26T16:00:00
6,183,2.7,2025-03-26T17:00:00
214,279,2.3,2025-03-26T17:00:00
293,89,4.7,2025-03-26T17:00:00
453,197,3.4,2025-03-26T17:00:00
93,17,4.7,2025-03-26T18:00:00
206,162,3.9,2025-03-26T18:00:00
271,42,2.3,2025-03-26T18:00:00
313,138,3.2,2025-03-26T18:00:00
188,217,2.8,2025-03-26T19:00:00
193,257,2.4,2025-03-26T19:00:00
240,45,4.3,2025-03-26T19:00:00
109,29,3.1,2025-03-26T20:00:00
345,74,3.1,2025-03-26T20:00:00
352,241,3.7,2025-03-26T20:00:00
145,29,4.2,2025-03-26T21:00:00
362,17,3.6,2025-03-26T21:00:00
214,163,3.7,2025-03-26T22:00:00
391,50,4.9,2025-03-26T22:00:00
72,23,4.5,2025-03-27T01:00:00
362,45,3.2,2025-03-27T01:00:00
19,171,4.4,2025-03-27T02:00:00
223,224,3.3,2025-03-27T02:00:00
232,196,3.8,2025-03-27T02:00:00
439,148,3.0,2025-03-27T02:00:00
77,89,4.4,2025-03-27T03:00:00
104,102,5.0,2025-03-27T03:00:00
137,209,3.0,2025-03-27T03:00:00
152,249,3.9,2025-03-27T03:00:00
47,164,3.9,2025-03-27T05:00:00
91,20,4.8,2025-03-27T05:00:00
158,42,3.8,2025-03-27T05:00:00
373,280,3.0,2025-03-27T05:00:00
437,42,4.6,2025-03-27T05:00:00
46,179,3.9,2025-03-27T06:00:00
63,246,3.2,2025-03-27T06:00:00
398,209,3.3,2025-03-27T06:00:00
467,217,3.6,2025-03-27T06:00:00
81,145,5.0,2025-03-27T07:00:00
108,266,4.8,2025-03-27T07:00:00
124,269,3.0,2025-03-27T07:00:00
90,145,3.7,2025-03-27T08:00:00
146,74,3.6,2025-03-27T08:00:00
274,5,5.0,2025-03-27T08:00:00
446,35,4.0,2025-03-27T08:00:00
158,29,5.0,2025-03-27T09:00:00
188,266,4.0,2025-03-27T09:00:00
194,287,4.6,2025-03-27T09:00:00
35,184,5.0,2025-03-27T10:00:00
140,209,2.9,2025-03-27T11:00:00
469,196,3.3,2025-03-27T11:00:00
147,84,3.9,2025-03-27T12:00:00
155,280,4.7,2025-03-27T12:00:00
252,70,4.8,2025-03-27T12:00:00
432,208,3.7,2025-03-27T12:00:00
461,266,2.4,2025-03-27T12:00:00
65,7,3.6,2025-03-27T13:00:00
79,283,4.2,2025-03-27T13:00:00
174,238,3.0,2025-03-27T13:00:00
266,258,3.6,2025-03-27T13:00:00
113,122,3.9,2025-03-27T14:00:00
185,87,5.0,2025-03-27T14:00:00
352,129,3.9,2025-03-27T14:00:00
434,2,3.4,2025-03-27T14:00:00
199,119,4.9,2025-03-27T15:00:00
425,24,4.5,2025-03-27T15:00:00
70,299,4.1,2025-03-27T16:00:00
365,265,5.0,2025-03-27T16:00:00
47,188,4.5,2025-03-27T17:00:00
149,88,4.2,2025-03-27T17:00:00
64,264,4.9,2025-03-27T18:00:00
108,271,4.0,2025-03-27T18:00:00
290,136,4.4,2025-03-27T18:00:00
309,273,3.7,2025-03-27T18:00:00
316,171,3.7,2025-03-27T18:00:00
88,89,4.4,2025-03-27T19:00:00
96,41,3.4,2025-03-27T19:00:00
457,266,3.1,2025-03-27T19:00:00
467,122,2.8,2025-03-27T19:00:00
212,246,2.7,2025-03-27T20:00:00
215,74,3.2,2025-03-27T20:00:00
386,213,3.6,2025-03-27T20:00:00
474,222,4.2,2025-03-27T21:00:00
90,132,4.9,2025-03-27T22:00:00
130,206,3.6,2025-03-27T22:00:00
147,122,2.9,2025-03-27T22:00:00
347,293,4.7,2025-03-27T22:00:00
375,129,4.5,2025-03-27T22:00:00
214,258,1.4,2025-03-27T23:00:00
293,99,5.0,2025-03-27T23:00:00
330,248,3.0,2025-03-27T23:00:00
365,266,4.9,2025-03-27T23:00:00
469,141,3.5,2025-03-28T01:00:00
39,102,4.6,2025-03-28T02:00:00
138,274,2.6,2025-03-28T02:00:00
356,262,3.9,2025-03-28T02:00:00
439,236,4.4,2025-03-28T02:00:00
488,261,4.0,2025-03-28T02:00:00
206,212,3.4,2025-03-28T03:00:00
260,266,4.4,2025-03-28T03:00:00
443,42,4.5,2025-03-28T03:00:00
3,224,4.5,2025-03-28T04:00:00
25,190,3.2,2025-03-28T04:00:00
323,233,2.6,2025-03-28T04:00:00
193,23,4.1,2025-03-28T05:00:00
234,208,4.6,2025-03-28T05:00:00
313,82,2.5,2025-03-28T05:00:00
435,99,3.3,2025-03-28T05:00:00
112,73,2.8,2025-03-28T06:00:00
266,129,5.0,2025-03-28T06:00:00
21,179,4.0,2025-03-28T07:00:00
83,220,4.4,2025-03-28T07:00:00
130,219,2.4,2025-03-28T07:00:00
137,266,3.2,2025-03-28T07:00:00
185,266,4.2,2025-03-28T08:00:00
204,102,2.4,2025-03-28T08:00:00
212,189,4.9,2025-03-28T08:00:00
260,157,3.6,2025-03-28T09:00:00
358,48,1.1,2025-03-28T09:00:00
234,150,2.8,2025-03-28T10:00:00
481,29,5.0,2025-03-28T10:00:00
104,145,5.0,2025-03-28T11:00:00
109,30,3.8,2025-03-28T11:00:00
226,13,3.1,2025-03-28T11:00:00
261,45,3.5,2025-03-28T11:00:00
419,31,3.4,2025-03-28T11:00:00
435,70,4.0,2025-03-28T11:00:00
467,275,4.4,2025-03-28T11:00:00
172,74,3.9,2025-03-28T12:00:00
266,42,2.9,2025-03-28T13:00:00
399,11,4.4,2025-03-28T13:00:00
276,267,3.7,2025-03-28T14:00:00
317,42,2.3,2025-03-28T14:00:00
171,164,3.3,2025-03-28T15:00:00
380,230,5.0,2025-03-28T15:00:00
162,156,2.9,2025-03-28T16:00:00
318,270,2.9,2025-03-28T16:00:00
326,45,2.0,2025-03-28T16:00:00
471,201,4.7,2025-03-28T16:00:00
372,4,2.2,2025-03-28T17:00:00
373,136,5.0,2025-03-28T17:00:00
86,187,4.4,2025-03-28T18:00:00
90,87,3.3,2025-03-28T18:00:00
362,5,3.4,2025-03-28T18:00:00
363,202,4.0,2025-03-28T18:00:00
3,40,3.2,2025-03-28T19:00:00
91,6,5.0,2025-03-28T19:00:00
77,29,3.8,2025-03-28T20:00:00
155,256,3.7,2025-03-28T20:00:00
471,222,2.9,2025-03-28T20:00:00
28,55,2.7,2025-03-28T22:00:00
104,108,5.0,2025-03-28T22:00:00
112,7,4.7,2025-03-28T22:00:00
179,164,3.0,2025-03-28T23:00:00
223,81,3.3,2025-03-28T23:00:00
310,55,4.3,2025-03-28T23:00:00
370,73,4.6,2025-03-28T23:00:00
19,299,3.5,2025-03-29T00:00:00
194,209,4.9,2025-03-29T00:00:00
430,263,4.4,2025-03-29T00:00:00
43,153,1.7,2025-03-29T01:00:00
243,167,3.5,2025-03-29T01:00:00
256,208,3.0,2025-03-29T01:00:00
305,251,3.2,2025-03-29T01:00:00
160,249,4.3,2025-03-29T02:00:00
212,187,2.5,2025-03-29T02:00:00
35,16,3.9,2025-03-29T03:00:00
50,284,2.9,2025-03-29T03:00:00
66,198,3.5,2025-03-29T03:00:00
214,200,4.4,2025-03-29T03:00:00
109,164,2.4,2025-03-29T04:00:00
149,285,4.3,2025-03-29T05:00:00
354,162,5.0,2025-03-29T05:00:00
391,10,4.8,2025-03-29T05:00:00
253,177,3.4,2025-03-29T06:00:00
151,74,3.6,2025-03-29T07:00:00
70,267,3.9,2025-03-29T09:00:00
332,64,4.8,2025-03-29T09:00:00
6,40,1.6,2025-03-29T11:00:00
163,48,5.0,2025-03-29T11:00:00
357,42,3.4,2025-03-29T11:00:00
414,25,3.3,2025-03-29T11:00:00
83,213,5.0,2025-03-29T12:00:00
108,299,4.1,2025-03-29T12:00:00
453,37,2.5,2025-03-29T12:00:00
10,45,3.8,2025-03-29T13:00:00
64,198,5.0,2025-03-29T13:00:00
152,18,3.5,2025-03-29T13:00:00
435,65,5.0,2025-03-29T13:00:00
134,85,3.2,2025-03-29T14:00:00
145,42,4.9,2025-03-29T14:00:00
317,74,4.3,2025-03-29T14:00:00
365,212,2.5,2025-03-29T14:00:00
389,21,4.8,2025-03-29T14:00:00
430,161,3.8,2025-03-29T14:00:00
458,213,4.3,2025-03-29T14:00:00
140,272,4.6,2025-03-29T15:00:00
437,48,4.3,2025-03-29T15:00:00
19,172,4.0,2025-03-29T16:00:00
21,213,2.8,2025-03-29T16:00:00
83,23,3.8,2025-03-29T17:00:00
252,278,3.4,2025-03-29T17:00:00
457,29,4.6,2025-03-29T17:00:00
215,132,4.6,2025-03-29T18:00:00
260,73,4.9,2025-03-29T18:00:00
99,37,3.4,2025-03-29T19:00:00
137,42,3.8,2025-03-29T19:00:00
174,223,3.2,2025-03-29T19:00:00
300,162,2.1,2025-03-29T19:00:00
391,26,3.9,2025-03-29T19:00:00
443,182,4.4,2025-03-29T19:00:00
458,74,3.4,2025-03-29T19:00:00
10,270,2.6,2025-03-29T20:00:00
185,88,4.9,2025-03-29T20:00:00
257,87,4.6,2025-03-29T20:00:00
352,70,3.2,2025-03-29T20:00:00
435,72,3.7,2025-03-29T20:00:00
70,266,3.7,2025-03-29T21:00:00
88,122,4.0,2025-03-29T21:00:00
24,42,4.3,2025-03-29T22:00:00
63,280,4.7,2025-03-29T22:00:00
138,261,1.4,2025-03-29T22:00:00
316,68,5.0,2025-03-29T22:00:00
386,216,3.5,2025-03-29T22:00:00
481,17,5.0,2025-03-29T22:00:00
180,6,2.8,2025-03-29T23:00:00
172,258,3.6,2025-03-30T00:00:00
437,164,3.6,2025-03-30T00:00:00
443,168,5.0,2025-03-30T00:00:00
72,41,3.7,2025-03-30T01:00:00
81,213,3.7,2025-03-30T01:00:00
278,259,2.7,2025-03-30T01:00:00
461,35,4.2,2025-03-30T01:00:00
86,291,2.6,2025-03-30T02:00:00
152,217,5.0,2025-03-30T02:00:00
158,48,4.3,2025-03-30T02:00:00
426,263,4.8,2025-03-30T02:00:00
453,200,2.5,2025-03-30T02:00:00
240,8,4.6,2025-03-30T03:00:00
256,115,3.9,2025-03-30T03:00:00
66,63,2.6,2025-03-30T04:00:00
137,241,3.3,2025-03-30T04:00:00
414,141,3.8,2025-03-30T04:00:00
467,61,4.2,2025-03-30T04:00:00
194,85,4.9,2025-03-30T05:00:00
435,165,3.6,2025-03-30T05:00:00
113,74,5.0,2025-03-30T06:00:00
146,97,2.8,2025-03-30T06:00:00
234,202,3.2,2025-03-30T06:00:00
372,273,3.6,2025-03-30T06:00:00
152,222,4.3,2025-03-30T08:00:00
162,178,4.9,2025-03-30T08:00:00
326,68,3.7,2025-03-30T08:00:00
399,29,4.1,2025-03-30T08:00:00
149,59,4.7,2025-03-30T09:00:00
193,34,4.3,2025-03-30T09:00:00
243,185,4.2,2025-03-30T09:00:00
345,122,3.4,2025-03-30T10:00:00
93,209,4.3,2025-03-30T11:00:00
151,126,4.6,2025-03-30T11:00:00
188,17,2.1,2025-03-30T11:00:00
214,187,2.3,2025-03-30T11:00:00
227,33,4.5,2025-03-30T11:00:00
305,172,3.6,2025-03-30T11:00:00
341,258,2.7,2025-03-30T11:00:00
467,164,4.5,2025-03-30T11:00:00
21,164,4.8,2025-03-30T12:00:00
39,94,3.4,2025-03-30T12:00:00
91,42,5.0,2025-03-30T12:00:00
354,222,4.7,2025-03-30T12:00:00
398,79,3.6,2025-03-30T12:00:00
465,2,3.8,2025-03-30T12:00:00
79,266,4.2,2025-03-30T13:00:00
104,148,5.0,2025-03-30T13:00:00
199,136,4.3,2025-03-30T13:00:00
274,6,3.8,2025-03-30T13:00:00
323,214,3.8,2025-03-30T13:00:00
488,249,3.6,2025-03-30T13:00:00
83,206,5.0,2025-03-30T14:00:00
163,246,5.0,2025-03-30T14:00:00
372,45,2.5,2025-03-30T14:00:00
73,43,3.7,2025-03-30T15:00:00
171,74,3.4,2025-03-30T15:00:00
147,87,3.9,2025-03-30T16:00:00
232,184,4.6,2025-03-30T17:00:00
425,249,2.2,2025-03-30T17:00:00
330,238,4.3,2025-03-30T18:00:00
234,216,4.2,2025-03-30T19:00:00
46,166,4.5,2025-03-30T20:00:00
124,277,4.5,2025-03-30T20:00:00
243,11,2.1,2025-03-30T20:00:00
300,151,4.4,2025-03-30T20:00:00
488,159,3.2,2025-03-30T20:00:00
21,178,4.4,2025-03-30T21:00:00
149,67,5.0,2025-03-30T21:00:00
432,54,2.5,2025-03-30T21:00:00
474,164,3.5,2025-03-30T21:00:00
446,122,2.2,2025-03-30T22:00:00
50,244,3.7,2025-03-30T23:00:00
72,46,4.3,2025-03-30T23:00:00
117,226,3.9,2025-03-30T23:00:00
152,243,4.9,2025-03-30T23:00:00
465,216,5.0,2025-03-30T23:00:00
146,122,3.8,2025-03-31T00:00:00
434,75,4.1,2025-03-31T00:00:00
261,250,4.9,2025-03-31T01:00:00
293,284,4.8,2025-03-31T02:00:00
481,42,3.3,2025-03-31T02:00:00
131,6,3.5,2025-03-31T03:00:00
140,268,5.0,2025-03-31T03:00:00
226,38,3.9,2025-03-31T03:00:00
64,285,5.0,2025-03-31T04:00:00
194,280,4.3,2025-03-31T04:00:00
414,291,4.0,2025-03-31T04:00:00
47,151,3.8,2025-03-31T05:00:00
96,216,2.4,2025-03-31T05:00:00
252,157,5.0,2025-03-31T05:00:00
391,39,4.6,2025-03-31T05:00:00
467,71,4.8,2025-03-31T05:00:00
134,276,3.1,2025-03-31T06:00:00
172,55,4.2,2025-03-31T06:00:00
204,269,3.0,2025-03-31T06:00:00
223,164,2.4,2025-03-31T06:00:00
10,139,2.8,2025-03-31T07:00:00
253,60,4.0,2025-03-31T07:00:00
274,17,4.6,2025-03-31T07:00:00
286,178,4.7,2025-03-31T07:00:00
318,287,2.6,2025-03-31T07:00:00
77,59,5.0,2025-03-31T09:00:00
266,108,4.5,2025-03-31T09:00:00
290,75,5.0,2025-03-31T09:00:00
313,141,3.2,2025-03-31T09:00:00
358,178,1.2,2025-03-31T09:00:00
391,6,3.5,2025-03-31T09:00:00
65,47,4.4,2025-03-31T10:00:00
223,79,4.4,2025-03-31T10:00:00
99,67,3.2,2025-03-31T11:00:00
43,212,3.5,2025-03-31T12:00:00
226,1,2.9,2025-03-31T12:00:00
276,206,3.4,2025-03-31T12:00:00
316,146,3.9,2025-03-31T12:00:00
471,159,4.9,2025-03-31T12:00:00
345,12,3.6,2025-03-31T14:00:00
467,266,5.0,2025-03-31T14:00:00
90,107,4.5,2025-03-31T15:00:00
140,282,4.4,2025-03-31T15:00:00
309,271,4.5,2025-03-31T15:00:00
347,67,5.0,2025-03-31T15:00:00
356,244,3.7,2025-03-31T15:00:00
206,151,3.9,2025-03-31T16:00:00
439,249,3.1,2025-03-31T16:00:00
19,188,3.1,2025-03-31T17:00:00
24,17,4.8,2025-03-31T17:00:00
25,173,4.6,2025-03-31T17:00:00
39,178,4.4,2025-03-31T17:00:00
63,9,4.0,2025-03-31T17:00:00
145,122,3.0,2025-03-31T17:00:00
380,219,4.5,2025-03-31T17:00:00
458,212,4.5,2025-03-31T17:00:00
469,149,3.1,2025-03-31T18:00:00
138,280,2.7,2025-03-31T19:00:00
130,268,2.9,2025-03-31T20:00:00
317,87,3.5,2025-03-31T20:00:00
3,296,3.8,2025-03-31T21:00:00
255,294,3.3,2025-03-31T21:00:00
361,122,5.0,2025-03-31T21:00:00
457,162,4.6,2025-03-31T21:00:00
91,250,4.4,2025-03-31T23:00:00
222,200,5.0,2025-03-31T23:00:00
226,178,1.7,2025-03-31T23:00:00
290,133,3.6,2025-03-31T23:00:00
365,275,4.3,2025-03-31T23:00:00
481,58,3.8,2025-03-31T23:00:00
99,138,5.0,2025-04-01T00:00:00
146,295,4.8,2025-04-01T00:00:00
373,149,4.5,2025-04-01T00:00:00
47,171,4.2,2025-04-01T01:00:00
261,75,2.9,2025-04-01T01:00:00
454,70,4.0,2025-04-01T01:00:00
149,268,4.3,2025-04-01T02:00:00
256,16,4.1,2025-04-01T02:00:00
309,179,5.0,2025-04-01T02:00:00
370,122,2.2,2025-04-01T02:00:00
446,216,2.5,2025-04-01T02:00:00
453,176,2.2,2025-04-01T02:00:00
134,267,4.1,2025-04-01T03:00:00
323,238,3.2,2025-04-01T03:00:00
93,46,4.8,2025-04-01T04:00:00
214,155,3.0,2025-04-01T04:00:00
215,115,3.1,2025-04-01T04:00:00
365,257,4.3,2025-04-01T04:00:00
430,275,5.0,2025-04-01T04:00:00
53,257,3.8,2025-04-01T05:00:00
70,263,2.7,2025-04-01T05:00:00
160,55,3.5,2025-04-01T05:00:00
180,74,3.3,2025-04-01T05:00:00
357,29,4.3,2025-04-01T05:00:00
72,12,3.6,2025-04-01T06:00:00
88,99,3.1,2025-04-01T06:00:00
96,300,5.0,2025-04-01T06:00:00
155,122,4.4,2025-04-01T06:00:00
487,266,3.8,2025-04-01T06:00:00
158,8,3.9,2025-04-01T07:00:00
179,70,4.1,2025-04-01T07:00:00
19,259,3.7,2025-04-01T08:00:00
419,212,3.5,2025-04-01T08:00:00
108,183,3.5,2025-04-01T09:00:00
332,97,5.0,2025-04-01T09:00:00
386,206,3.3,2025-04-01T09:00:00
104,149,5.0,2025-04-01T10:00:00
112,31,4.4,2025-04-01T10:00:00
317,299,2.8,2025-04-01T10:00:00
35,55,3.6,2025-04-01T12:00:00
81,55,5.0,2025-04-01T12:00:00
134,111,2.7,2025-04-01T12:00:00
253,70,2.9,2025-04-01T12:00:00
471,178,4.3,2025-04-01T12:00:00
373,55,4.7,2025-04-01T13:00:00
454,74,4.1,2025-04-01T13:00:00
465,51,2.9,2025-04-01T13:00:00
434,50,4.4,2025-04-01T14:00:00
65,9,3.4,2025-04-01T15:00:00
86,158,4.7,2025-04-01T15:00:00
214,266,2.5,2025-04-01T15:00:00
243,187,5.0,2025-04-01T15:00:00
293,68,5.0,2025-04-01T15:00:00
381,189,3.4,2025-04-01T15:00:00
472,232,2.9,2025-04-01T15:00:00
155,257,3.6,2025-04-01T16:00:00
194,62,4.8,2025-04-01T16:00:00
278,128,5.0,2025-04-01T16:00:00
372,287,3.6,2025-04-01T16:00:00
73,164,4.1,2025-04-01T17:00:00
232,193,5.0,2025-04-01T17:00:00
425,6,4.4,2025-04-01T17:00:00
212,42,1.4,2025-04-01T18:00:00
363,236,4.0,2025-04-01T18:00:00
439,189,2.1,2025-04-01T18:00:00
117,206,4.5,2025-04-01T19:00:00
310,202,3.8,2025-04-01T19:00:00
386,232,2.5,2025-04-01T19:00:00
6,53,2.8,2025-04-01T20:00:00
79,242,3.4,2025-04-01T20:00:00
109,162,2.4,2025-04-01T20:00:00
222,193,5.0,2025-04-01T20:00:00
317,55,3.5,2025-04-01T20:00:00
481,5,4.9,2025-04-01T20:00:00
28,108,4.0,2025-04-01T21:00:00
419,247,3.4,2025-04-01T21:00:00
435,29,3.9,2025-04-01T22:00:00
174,237,2.6,2025-04-01T23:00:00
260,282,5.0,2025-04-01T23:00:00
70,89,3.7,2025-04-02T00:00:00
149,265,4.9,2025-04-02T00:00:00
227,87,4.7,2025-04-02T00:00:00
255,266,4.2,2025-04-02T00:00:00
363,209,3.4,2025-04-02T00:00:00
461,226,2.7,2025-04-02T00:00:00
188,11,3.8,2025-04-02T01:00:00
300,94,4.3,2025-04-02T01:00:00
117,107,3.3,2025-04-02T03:00:00
446,196,2.5,2025-04-02T03:00:00
83,228,5.0,2025-04-02T04:00:00
194,166,4.9,2025-04-02T04:00:00
330,222,4.5,2025-04-02T04:00:00
10,274,2.2,2025-04-02T05:00:00
81,176,4.3,2025-04-02T05:00:00
257,233,4.9,2025-04-02T05:00:00
399,42,5.0,2025-04-02T05:00:00
137,255,3.1,2025-04-02T06:00:00
171,6,4.1,2025-04-02T06:00:00
389,87,3.3,2025-04-02T06:00:00
437,5,3.7,2025-04-02T06:00:00
481,13,5.0,2025-04-02T06:00:00
130,161,2.8,2025-04-02T07:00:00
341,170,4.0,2025-04-02T07:00:00
286,122,3.8,2025-04-02T08:00:00
354,187,4.3,2025-04-02T08:00:00
360,164,3.2,2025-04-02T08:00:00
162,187,2.5,2025-04-02T09:00:00
185,79,4.8,2025-04-02T09:00:00
158,17,3.3,2025-04-02T10:00:00
240,10,2.9,2025-04-02T10:00:00
454,238,2.4,2025-04-02T10:00:00
6,4,2.8,2025-04-02T11:00:00
326,51,4.0,2025-04-02T11:00:00
24,216,3.5,2025-04-02T12:00:00
276,26,3.0,2025-04-02T12:00:00
389,26,5.0,2025-04-02T13:00:00
437,10,4.5,2025-04-02T13:00:00
172,12,2.8,2025-04-02T14:00:00
361,108,3.7,2025-04-02T14:00:00
461,29,3.4,2025-04-02T14:00:00
104,150,4.8,2025-04-02T15:00:00
252,197,4.1,2025-04-02T15:00:00
352,112,5.0,2025-04-02T15:00:00
426,104,3.8,2025-04-02T15:00:00
138,249,2.6,2025-04-02T16:00:00
430,209,3.3,2025-04-02T16:00:00
124,274,3.9,2025-04-02T17:00:00
214,159,2.0,2025-04-02T17:00:00
290,129,4.2,2025-04-02T17:00:00
323,89,2.4,2025-04-02T17:00:00
358,232,2.8,2025-04-02T17:00:00
469,43,2.9,2025-04-02T17:00:00
50,221,5.0,2025-04-02T19:00:00
66,183,4.0,2025-04-02T19:00:00
86,167,3.5,2025-04-02T19:00:00
398,249,4.3,2025-04-02T19:00:00
474,238,4.6,2025-04-02T19:00:00
137,257,3.2,2025-04-02T20:00:00
163,87,5.0,2025-04-02T20:00:00
443,197,4.5,2025-04-02T20:00:00
28,164,3.3,2025-04-02T21:00:00
124,122,3.5,2025-04-02T21:00:00
131,266,4.3,2025-04-02T21:00:00
134,213,2.2,2025-04-02T21:00:00
146,275,5.0,2025-04-02T21:00:00
356,297,3.9,2025-04-02T22:00:00
386,236,2.2,2025-04-02T22:00:00
199,107,3.5,2025-04-02T23:00:00
266,150,4.5,2025-04-02T23:00:00
278,22,4.5,2025-04-02T23:00:00
450,263,2.4,2025-04-02T23:00:00
226,189,2.9,2025-04-03T00:00:00
232,188,5.0,2025-04-03T00:00:00
305,189,4.1,2025-04-03T00:00:00
345,283,4.9,2025-04-03T00:00:00
108,288,4.2,2025-04-03T01:00:00
131,209,4.1,2025-04-03T01:00:00
310,122,3.5,2025-04-03T01:00:00
377,41,4.5,2025-04-03T01:00:00
46,154,4.4,2025-04-03T02:00:00
112,2,4.1,2025-04-03T02:00:00
145,214,3.3,2025-04-03T02:00:00
152,298,3.8,2025-04-03T02:00:00
174,298,1.5,2025-04-03T02:00:00
256,142,5.0,2025-04-03T02:00:00
471,196,5.0,2025-04-03T02:00:00
472,45,3.6,2025-04-03T02:00:00
83,122,3.6,2025-04-03T04:00:00
151,139,5.0,2025-04-03T04:00:00
193,26,3.8,2025-04-03T04:00:00
223,238,4.3,2025-04-03T04:00:00
253,122,2.8,2025-04-03T04:00:00
372,294,3.3,2025-04-03T04:00:00
53,277,4.7,2025-04-03T05:00:00
99,286,3.1,2025-04-03T05:00:00
155,265,4.9,2025-04-03T05:00:00
163,85,5.0,2025-04-03T05:00:00
113,54,4.4,2025-04-03T06:00:00
194,37,5.0,2025-04-03T06:00:00
274,243,4.9,2025-04-03T08:00:00
234,212,3.9,2025-04-03T09:00:00
309,263,3.9,2025-04-03T09:00:00
255,122,3.6,2025-04-03T10:00:00
305,174,4.2,2025-04-03T10:00:00
64,209,3.6,2025-04-03T11:00:00
81,102,4.9,2025-04-03T11:00:00
113,89,3.8,2025-04-03T11:00:00
140,257,4.5,2025-04-03T11:00:00
261,243,4.5,2025-04-03T11:00:00
313,277,2.5,2025-04-03T11:00:00
419,94,3.8,2025-04-03T11:00:00
73,193,3.4,2025-04-03T12:00:00
467,55,5.0,2025-04-03T12:00:00
474,74,3.2,2025-04-03T12:00:00
147,221,2.7,2025-04-03T13:00:00
370,99,4.4,2025-04-03T13:00:00
458,222,5.0,2025-04-03T13:00:00
134,242,1.9,2025-04-03T14:00:00
300,212,3.9,2025-04-03T14:00:00
414,155,3.7,2025-04-03T14:00:00
426,268,4.4,2025-04-03T14:00:00
39,41,4.3,2025-04-03T15:00:00
93,83,3.3,2025-04-03T15:00:00
310,48,3.3,2025-04-03T15:00:00
316,83,4.9,2025-04-03T15:00:00
356,293,5.0,2025-04-03T15:00:00
360,198,3.3,2025-04-03T15:00:00
432,223,3.5,2025-04-03T16:00:00
63,260,4.4,2025-04-03T17:00:00
185,63,4.3,2025-04-03T17:00:00
243,277,1.8,2025-04-03T17:00:00
419,14,3.2,2025-04-03T17:00:00
112,6,3.5,2025-04-03T20:00:00
180,188,4.2,2025-04-03T20:00:00
252,175,3.6,2025-04-03T20:00:00
439,244,3.6,2025-04-03T20:00:00
461,13,3.7,2025-04-03T20:00:00
488,283,4.1,2025-04-03T20:00:00
226,9,3.5,2025-04-03T21:00:00
10,298,3.1,2025-04-03T22:00:00
130,209,4.8,2025-04-03T22:00:00
286,154,4.3,2025-04-03T22:00:00
66,186,4.5,2025-04-03T23:00:00
204,140,5.0,2025-04-03T23:00:00
158,5,5.0,2025-04-04T00:00:00
227,74,4.6,2025-04-04T00:00:00
323,66,2.3,2025-04-04T00:00:00
391,46,4.3,2025-04-04T01:00:00
435,122,4.4,2025-04-04T01:00:00
96,127,5.0,2025-04-04T02:00:00
131,222,4.3,2025-04-04T02:00:00
188,42,2.4,2025-04-04T02:00:00
77,18,4.7,2025-04-04T03:00:00
212,195,4.1,2025-04-04T03:00:00
240,41,4.9,2025-04-04T03:00:00
453,122,2.4,2025-04-04T03:00:00
43,122,2.7,2025-04-04T04:00:00
117,223,3.2,2025-04-04T04:00:00
176,179,3.7,2025-04-04T04:00:00
363,206,2.9,2025-04-04T04:00:00
399,5,3.7,2025-04-04T04:00:00
47,249,3.2,2025-04-04T05:00:00
90,110,3.5,2025-04-04T05:00:00
437,6,5.0,2025-04-04T05:00:00
206,185,3.0,2025-04-04T06:00:00
215,185,3.7,2025-04-04T06:00:00
372,258,4.2,2025-04-04T06:00:00
425,13,4.3,2025-04-04T07:00:00
465,238,4.3,2025-04-04T07:00:00
109,41,4.1,2025-04-04T08:00:00
171,183,4.6,2025-04-04T08:00:00
179,273,2.2,2025-04-04T08:00:00
223,206,3.4,2025-04-04T08:00:00
457,42,3.9,2025-04-04T08:00:00
487,18,3.8,2025-04-04T08:00:00
108,107,4.3,2025-04-04T09:00:00
257,9,3.3,2025-04-04T10:00:00
347,61,5.0,2025-04-04T10:00:00
35,189,5.0,2025-04-04T12:00:00
260,267,3.7,2025-04-04T12:00:00
25,157,3.9,2025-04-04T13:00:00
310,2,3.9,2025-04-04T13:00:00
317,79,4.1,2025-04-04T13:00:00
380,244,5.0,2025-04-04T13:00:00
398,74,3.8,2025-04-04T13:00:00
3,238,3.0,2025-04-04T14:00:00
88,71,3.8,2025-04-04T14:00:00
117,161,2.1,2025-04-04T14:00:00
124,41,2.6,2025-04-04T14:00:00
253,99,4.4,2025-04-04T14:00:00
147,66,4.0,2025-04-04T15:00:00
162,42,2.7,2025-04-04T15:00:00
104,98,5.0,2025-04-04T16:00:00
146,256,4.2,2025-04-04T16:00:00
300,210,2.5,2025-04-04T16:00:00
487,89,3.8,2025-04-04T16:00:00
35,58,3.9,2025-04-04T17:00:00
66,5,2.8,2025-04-04T17:00:00
160,280,4.3,2025-04-04T17:00:00
365,297,3.4,2025-04-04T17:00:00
65,75,2.4,2025-04-04T18:00:00
24,89,3.6,2025-04-04T19:00:00
215,144,3.9,2025-04-04T19:00:00
149,234,4.4,2025-04-04T21:00:00
286,183,5.0,2025-04-04T21:00:00
91,170,3.9,2025-04-04T22:00:00
288,74,4.1,2025-04-04T22:00:00
357,18,4.3,2025-04-04T22:00:00
214,43,1.8,2025-04-04T23:00:00
446,64,5.0,2025-04-04T23:00:00
19,285,4.3,2025-04-05T00:00:00
70,45,3.4,2025-04-05T00:00:00
434,89,4.2,2025-04-05T00:00:00
140,21,2.2,2025-04-05T01:00:00
347,266,3.9,2025-04-05T01:00:00
86,180,3.5,2025-04-05T02:00:00
266,249,4.1,2025-04-05T02:00:00
317,217,4.1,2025-04-05T02:00:00
430,291,4.4,2025-04-05T02:00:00
467,267,3.7,2025-04-05T02:00:00
223,89,3.9,2025-04-05T03:00:00
232,249,3.8,2025-04-05T03:00:00
256,89,2.4,2025-04-05T03:00:00
257,231,4.4,2025-04-05T03:00:00
309,198,4.4,2025-04-05T03:00:00
188,129,3.2,2025-04-05T04:00:00
214,42,2.2,2025-04-05T04:00:00
454,89,3.9,2025-04-05T04:00:00
226,87,2.9,2025-04-05T05:00:00
70,270,3.3,2025-04-05T06:00:00
358,270,1.4,2025-04-05T06:00:00
243,95,3.2,2025-04-05T07:00:00
332,76,4.7,2025-04-05T07:00:00
90,258,2.3,2025-04-05T08:00:00
330,249,4.4,2025-04-05T08:00:00
399,16,5.0,2025-04-05T08:00:00
47,163,4.7,2025-04-05T09:00:00
172,144,3.0,2025-04-05T09:00:00
253,266,3.7,2025-04-05T09:00:00
381,198,3.2,2025-04-05T09:00:00
453,177,4.2,2025-04-05T09:00:00
134,135,2.9,2025-04-05T10:00:00
146,288,4.4,2025-04-05T10:00:00
278,110,5.0,2025-04-05T10:00:00
6,251,1.9,2025-04-05T11:00:00
46,277,3.7,2025-04-05T11:00:00
73,42,5.0,2025-04-05T11:00:00
323,293,2.2,2025-04-05T11:00:00
345,6,2.9,2025-04-05T11:00:00
25,29,3.0,2025-04-05T12:00:00
276,292,3.0,2025-04-05T12:00:00
313,68,3.6,2025-04-05T12:00:00
70,284,3.0,2025-04-05T13:00:00
373,177,5.0,2025-04-05T13:00:00
437,25,3.8,2025-04-05T13:00:00
260,291,4.0,2025-04-05T14:00:00
293,299,2.6,2025-04-05T14:00:00
316,75,4.4,2025-04-05T14:00:00
361,117,5.0,2025-04-05T14:00:00
79,284,4.2,2025-04-05T15:00:00
222,189,5.0,2025-04-05T15:00:00
286,205,3.3,2025-04-05T15:00:00
398,280,3.9,2025-04-05T15:00:00
474,250,2.3,2025-04-05T15:00:00
50,239,3.8,2025-04-05T16:00:00
377,26,3.4,2025-04-05T17:00:00
386,221,3.9,2025-04-05T17:00:00
66,161,3.5,2025-04-05T18:00:00
138,156,2.7,2025-04-05T18:00:00
162,197,3.1,2025-04-05T18:00:00
10,149,2.7,2025-04-05T19:00:00
471,156,4.4,2025-04-05T19:00:00
158,33,3.3,2025-04-05T20:00:00
172,66,3.7,2025-04-05T20:00:00
234,230,4.8,2025-04-05T20:00:00
47,176,5.0,2025-04-05T21:00:00
356,292,5.0,2025-04-05T21:00:00
432,234,3.8,2025-04-05T21:00:00
467,270,4.9,2025-04-05T21:00:00
83,209,4.1,2025-04-05T22:00:00
206,193,4.0,2025-04-05T22:00:00
360,278,3.4,2025-04-05T22:00:00
425,42,3.9,2025-04-05T23:00:00
461,74,3.2,2025-04-05T23:00:00
66,190,4.9,2025-04-06T00:00:00
91,17,5.0,2025-04-06T00:00:00
145,5,3.1,2025-04-06T00:00:00
151,107,5.0,2025-04-06T00:00:00
326,61,4.6,2025-04-06T00:00:00
380,224,5.0,2025-04-06T00:00:00
163,79,5.0,2025-04-06T01:00:00
199,150,4.4,2025-04-06T01:00:00
266,148,4.1,2025-04-06T01:00:00
398,46,2.9,2025-04-06T01:00:00
435,280,3.7,2025-04-06T01:00:00
488,89,2.2,2025-04-06T01:00:00
88,269,2.5,2025-04-06T02:00:00
300,227,4.2,2025-04-06T02:00:00
354,179,5.0,2025-04-06T02:00:00
437,20,5.0,2025-04-06T02:00:00
450,102,3.7,2025-04-06T02:00:00
278,250,3.0,2025-04-06T03:00:00
226,4,3.2,2025-04-06T04:00:00
227,288,3.3,2025-04-06T04:00:00
472,17,3.4,2025-04-06T04:00:00
86,67,2.9,2025-04-06T05:00:00
171,196,3.9,2025-04-06T05:00:00
386,74,2.2,2025-04-06T05:00:00
63,273,5.0,2025-04-06T06:00:00
77,102,4.7,2025-04-06T06:00:00
288,89,4.4,2025-04-06T06:00:00
450,122,3.8,2025-04-06T06:00:00
341,173,2.9,2025-04-06T07:00:00
138,250,1.7,2025-04-06T08:00:00
147,5,3.2,2025-04-06T08:00:00
305,177,4.9,2025-04-06T08:00:00
389,46,5.0,2025-04-06T08:00:00
461,48,4.6,2025-04-06T08:00:00
25,181,3.3,2025-04-06T09:00:00
64,7,3.2,2025-04-06T09:00:00
276,277,4.2,2025-04-06T09:00:00
347,51,5.0,2025-04-06T09:00:00
365,274,4.8,2025-04-06T09:00:00
6,209,2.4,2025-04-06T10:00:00
180,183,5.0,2025-04-06T10:00:00
227,89,4.5,2025-04-06T10:00:00
293,181,3.3,2025-04-06T10:00:00
352,38,2.6,2025-04-06T10:00:00
290,79,4.7,2025-04-06T11:00:00
472,6,5.0,2025-04-06T11:00:00
194,71,5.0,2025-04-06T13:00:00
439,277,3.6,2025-04-06T13:00:00
488,267,3.8,2025-04-06T13:00:00
373,132,5.0,2025-04-06T14:00:00
53,264,5.0,2025-04-06T15:00:00
130,244,3.5,2025-04-06T15:00:00
152,250,4.6,2025-04-06T15:00:00
274,233,3.8,2025-04-06T15:00:00
391,183,2.3,2025-04-06T15:00:00
46,161,3.7,2025-04-06T16:00:00
66,246,2.3,2025-04-06T16:00:00
112,48,3.8,2025-04-06T16:00:00
124,260,3.9,2025-04-06T16:00:00
443,187,5.0,2025-04-06T16:00:00
458,202,4.5,2025-04-06T16:00:00
113,94,4.7,2025-04-06T17:00:00
194,55,5.0,2025-04-06T17:00:00
28,21,3.0,2025-04-06T18:00:00
183,267,1.5,2025-04-06T18:00:00
99,250,4.4,2025-04-06T19:00:00
432,226,3.7,2025-04-06T19:00:00
439,209,4.5,2025-04-06T19:00:00
137,141,4.4,2025-04-06T20:00:00
286,132,4.3,2025-04-06T20:00:00
39,300,4.3,2025-04-06T21:00:00
174,243,2.8,2025-04-06T21:00:00
81,67,4.9,2025-04-06T23:00:00
232,263,2.8,2025-04-06T23:00:00
305,277,4.4,2025-04-06T23:00:00
357,48,5.0,2025-04-06T23:00:00
256,50,3.2,2025-04-07T00:00:00
266,189,3.4,2025-04-07T00:00:00
347,64,5.0,2025-04-07T00:00:00
134,283,4.6,2025-04-07T01:00:00
155,299,4.0,2025-04-07T01:00:00
227,70,4.2,2025-04-07T01:00:00
439,266,4.0,2025-04-07T01:00:00
146,42,3.5,2025-04-07T02:00:00
152,231,4.6,2025-04-07T02:00:00
317,253,4.4,2025-04-07T03:00:00
323,246,3.1,2025-04-07T03:00:00
354,201,4.7,2025-04-07T03:00:00
183,4,3.3,2025-04-07T04:00:00
300,228,2.8,2025-04-07T04:00:00
47,193,3.4,2025-04-07T05:00:00
185,178,5.0,2025-04-07T05:00:00
399,243,3.6,2025-04-07T05:00:00
113,92,3.2,2025-04-07T06:00:00
467,264,5.0,2025-04-07T06:00:00
405,164,4.3,2025-04-07T07:00:00
457,9,3.5,2025-04-07T07:00:00
65,10,3.7,2025-04-07T08:00:00
160,291,4.8,2025-04-07T08:00:00
212,158,2.9,2025-04-07T08:00:00
269,177,3.4,2025-04-07T08:00:00
104,125,5.0,2025-04-07T09:00:00
138,193,2.2,2025-04-07T09:00:00
326,231,3.3,2025-04-07T09:00:00
255,280,3.6,2025-04-07T10:00:00
464,74,3.9,2025-04-07T10:00:00
93,222,4.7,2025-04-07T11:00:00
373,21,4.1,2025-04-07T11:00:00
117,210,4.6,2025-04-07T12:00:00
323,201,3.4,2025-04-07T12:00:00
99,4,3.5,2025-04-07T13:00:00
112,15,3.9,2025-04-07T13:00:00
252,243,2.3,2025-04-07T13:00:00
370,206,3.5,2025-04-07T13:00:00
389,23,4.3,2025-04-07T13:00:00
180,184,4.4,2025-04-07T14:00:00
212,162,3.1,2025-04-07T14:00:00
458,232,4.0,2025-04-07T14:00:00
196,102,3.9,2025-04-07T15:00:00
356,256,4.9,2025-04-07T15:00:00
465,250,5.0,2025-04-07T15:00:00
419,207,3.2,2025-04-07T16:00:00
73,259,3.5,2025-04-07T17:00:00
274,122,3.0,2025-04-07T17:00:00
330,206,3.9,2025-04-07T17:00:00
358,63,2.4,2025-04-07T17:00:00
131,277,3.7,2025-04-07T18:00:00
232,248,4.1,2025-04-07T18:00:00
439,273,4.4,2025-04-07T18:00:00
5,179,4.2,2025-04-07T19:00:00
96,94,4.1,2025-04-07T19:00:00
316,66,4.7,2025-04-07T19:00:00
363,216,4.0,2025-04-07T19:00:00
474,199,4.0,2025-04-07T19:00:00
43,220,3.0,2025-04-07T20:00:00
77,60,5.0,2025-04-07T20:00:00
176,174,4.3,2025-04-07T20:00:00
146,274,4.1,2025-04-07T21:00:00
204,164,3.4,2025-04-07T21:00:00
357,6,4.0,2025-04-07T21:00:00
19,292,4.4,2025-04-07T22:00:00
65,28,3.1,2025-04-07T22:00:00
160,265,5.0,2025-04-07T23:00:00
174,20,1.0,2025-04-07T23:00:00
109,43,4.0,2025-04-08T00:00:00
316,25,2.5,2025-04-08T00:00:00
361,148,3.8,2025-04-08T00:00:00
363,243,3.6,2025-04-08T00:00:00
381,74,4.3,2025-04-08T00:00:00
474,193,4.8,2025-04-08T00:00:00
5,164,4.8,2025-04-08T01:00:00
90,239,2.5,2025-04-08T01:00:00
214,182,3.2,2025-04-08T01:00:00
240,35,4.7,2025-04-08T01:00:00
108,277,3.1,2025-04-08T02:00:00
253,158,2.9,2025-04-08T02:00:00
360,191,4.5,2025-04-08T02:00:00
454,225,3.7,2025-04-08T02:00:00
212,170,3.2,2025-04-08T03:00:00
276,249,4.2,2025-04-08T03:00:00
53,263,3.3,2025-04-08T04:00:00
151,110,3.8,2025-04-08T04:00:00
386,239,4.1,2025-04-08T04:00:00
405,74,3.9,2025-04-08T04:00:00
46,29,3.4,2025-04-08T05:00:00
172,269,3.8,2025-04-08T05:00:00
341,164,2.8,2025-04-08T05:00:00
468,122,3.0,2025-04-08T05:00:00
81,106,5.0,2025-04-08T06:00:00
487,284,4.7,2025-04-08T06:00:00
358,122,2.1,2025-04-08T07:00:00
461,20,3.4,2025-04-08T07:00:00
138,116,3.0,2025-04-08T08:00:00
347,29,3.7,2025-04-08T08:00:00
354,193,5.0,2025-04-08T08:00:00
3,206,4.4,2025-04-08T09:00:00
79,210,3.9,2025-04-08T09:00:00
109,6,3.1,2025-04-08T09:00:00
284,154,3.2,2025-04-08T09:00:00
310,11,3.6,2025-04-08T09:00:00
332,257,4.1,2025-04-08T09:00:00
77,103,4.8,2025-04-08T10:00:00
227,29,5.0,2025-04-08T10:00:00
380,122,3.2,2025-04-08T10:00:00
454,280,2.3,2025-04-08T10:00:00
140,273,4.6,2025-04-08T11:00:00
252,209,1.7,2025-04-08T11:00:00
257,216,4.1,2025-04-08T11:00:00
373,18,3.7,2025-04-08T11:00:00
66,155,4.1,2025-04-08T12:00:00
288,95,3.3,2025-04-08T12:00:00
290,199,3.4,2025-04-08T12:00:00
323,236,1.9,2025-04-08T13:00:00
104,106,5.0,2025-04-08T14:00:00
330,211,4.1,2025-04-08T14:00:00
446,63,4.3,2025-04-08T14:00:00
90,32,3.2,2025-04-08T15:00:00
137,74,2.5,2025-04-08T15:00:00
234,239,3.8,2025-04-08T15:00:00
453,198,4.1,2025-04-08T15:00:00
35,122,3.0,2025-04-08T16:00:00
222,153,4.9,2025-04-08T16:00:00
419,237,5.0,2025-04-08T16:00:00
24,48,4.8,2025-04-08T17:00:00
149,253,5.0,2025-04-08T17:00:00
204,126,4.1,2025-04-08T17:00:00
260,54,4.8,2025-04-08T17:00:00
313,129,3.8,2025-04-08T18:00:00
381,157,4.9,2025-04-08T18:00:00
437,36,4.0,2025-04-08T18:00:00
10,12,3.9,2025-04-08T19:00:00
215,104,4.0,2025-04-08T19:00:00
206,27,2.3,2025-04-08T20:00:00
226,10,3.5,2025-04-08T20:00:00
223,57,2.8,2025-04-08T21:00:00
227,261,3.5,2025-04-08T21:00:00
296,55,5.0,2025-04-08T21:00:00
63,271,4.4,2025-04-08T22:00:00
305,42,2.8,2025-04-08T22:00:00
434,49,4.6,2025-04-08T22:00:00
472,15,3.8,2025-04-08T22:00:00
91,197,3.7,2025-04-08T23:00:00
138,266,3.0,2025-04-08T23:00:00
486,266,1.9,2025-04-08T23:00:00
73,48,5.0,2025-04-09T00:00:00
309,277,3.1,2025-04-09T00:00:00
450,206,4.0,2025-04-09T00:00:00
317,70,4.7,2025-04-09T01:00:00
443,85,4.0,2025-04-09T01:00:00
457,183,3.2,2025-04-09T01:00:00
458,178,3.9,2025-04-09T01:00:00
77,70,4.5,2025-04-09T02:00:00
83,223,4.6,2025-04-09T02:00:00
365,253,3.9,2025-04-09T02:00:00
464,161,4.7,2025-04-09T02:00:00
109,25,2.6,2025-04-09T03:00:00
163,267,5.0,2025-04-09T03:00:00
66,299,4.4,2025-04-09T04:00:00
230,189,4.9,2025-04-09T04:00:00
256,74,4.1,2025-04-09T04:00:00
25,165,4.6,2025-04-09T05:00:00
145,74,2.9,2025-04-09T05:00:00
330,184,3.3,2025-04-09T05:00:00
370,222,2.9,2025-04-09T05:00:00
461,42,4.1,2025-04-09T05:00:00
53,141,2.9,2025-04-09T06:00:00
70,102,3.4,2025-04-09T06:00:00
183,209,3.1,2025-04-09T06:00:00
199,129,4.4,2025-04-09T06:00:00
240,11,4.1,2025-04-09T06:00:00
293,250,4.1,2025-04-09T06:00:00
316,149,2.9,2025-04-09T06:00:00
146,17,4.2,2025-04-09T07:00:00
341,277,2.9,2025-04-09T07:00:00
360,162,4.5,2025-04-09T07:00:00
124,165,2.5,2025-04-09T09:00:00
155,267,4.8,2025-04-09T09:00:00
300,233,4.0,2025-04-09T09:00:00
373,176,4.9,2025-04-09T09:00:00
88,55,4.6,2025-04-09T10:00:00
158,27,4.2,2025-04-09T10:00:00
223,250,2.2,2025-04-09T10:00:00
53,253,5.0,2025-04-09T12:00:00
86,250,4.2,2025-04-09T12:00:00
130,207,3.4,2025-04-09T12:00:00
377,43,4.0,2025-04-09T12:00:00
93,5,3.4,2025-04-09T13:00:00
316,153,3.6,2025-04-09T13:00:00
391,34,4.4,2025-04-09T13:00:00
112,182,3.8,2025-04-09T14:00:00
171,20,3.2,2025-04-09T14:00:00
162,195,3.6,2025-04-09T15:00:00
163,270,5.0,2025-04-09T15:00:00
381,112,3.1,2025-04-09T15:00:00
435,244,3.3,2025-04-09T15:00:00
138,144,4.0,2025-04-09T16:00:00
172,57,4.3,2025-04-09T17:00:00
183,48,4.1,2025-04-09T17:00:00
212,209,2.2,2025-04-09T17:00:00
257,246,4.7,2025-04-09T17:00:00
332,57,5.0,2025-04-09T17:00:00
24,122,4.1,2025-04-09T18:00:00
174,205,3.7,2025-04-09T18:00:00
204,264,2.9,2025-04-09T18:00:00
28,101,4.0,2025-04-09T19:00:00
278,46,4.4,2025-04-09T19:00:00
290,88,4.1,2025-04-09T19:00:00
465,164,3.7,2025-04-09T19:00:00
225,164,4.2,2025-04-09T20:00:00
255,255,4.6,2025-04-09T20:00:00
266,164,3.0,2025-04-09T20:00:00
468,29,3.5,2025-04-09T20:00:00
64,164,4.5,2025-04-09T21:00:00
82,164,3.6,2025-04-09T21:00:00
152,236,4.9,2025-04-09T21:00:00
99,150,4.5,2025-04-09T22:00:00
109,45,3.5,2025-04-09T22:00:00
443,261,3.4,2025-04-09T22:00:00
464,184,4.2,2025-04-09T22:00:00
39,103,4.5,2025-04-09T23:00:00
194,92,4.9,2025-04-09T23:00:00
488,214,2.9,2025-04-09T23:00:00
215,45,3.0,2025-04-10T00:00:00
274,213,4.2,2025-04-10T00:00:00
276,164,2.6,2025-04-10T00:00:00
357,17,3.3,2025-04-10T00:00:00
222,179,5.0,2025-04-10T01:00:00
47,258,3.7,2025-04-10T02:00:00
79,271,4.1,2025-04-10T02:00:00
113,59,4.7,2025-04-10T02:00:00
278,6,3.3,2025-04-10T02:00:00
290,6,3.0,2025-04-10T02:00:00
293,48,3.9,2025-04-10T02:00:00
223,74,3.0,2025-04-10T03:00:00
134,104,3.5,2025-04-10T04:00:00
155,276,5.0,2025-04-10T04:00:00
230,178,3.6,2025-04-10T04:00:00
25,174,4.3,2025-04-10T05:00:00
96,187,2.9,2025-04-10T05:00:00
225,157,4.8,2025-04-10T05:00:00
326,70,4.3,2025-04-10T05:00:00
330,32,4.2,2025-04-10T05:00:00
352,192,4.6,2025-04-10T05:00:00
389,11,5.0,2025-04-10T05:00:00
6,200,1.8,2025-04-10T06:00:00
63,295,3.8,2025-04-10T06:00:00
180,212,2.9,2025-04-10T06:00:00
222,176,5.0,2025-04-10T06:00:00
266,31,4.1,2025-04-10T07:00:00
454,51,4.3,2025-04-10T08:00:00
468,45,3.1,2025-04-10T08:00:00
64,163,3.8,2025-04-10T09:00:00
250,122,3.3,2025-04-10T10:00:00
317,250,3.6,2025-04-10T10:00:00
183,18,2.4,2025-04-10T11:00:00
439,221,4.3,2025-04-10T11:00:00
163,92,5.0,2025-04-10T12:00:00
257,232,5.0,2025-04-10T12:00:00
399,75,3.0,2025-04-10T12:00:00
419,243,4.1,2025-04-10T12:00:00
46,181,3.7,2025-04-10T13:00:00
370,79,4.6,2025-04-10T13:00:00
474,126,2.8,2025-04-10T13:00:00
10,29,3.5,2025-04-10T14:00:00
196,122,3.9,2025-04-10T14:00:00
269,156,4.6,2025-04-10T14:00:00
286,149,3.8,2025-04-10T14:00:00
473,218,3.9,2025-04-10T14:00:00
185,80,5.0,2025-04-10T15:00:00
356,284,5.0,2025-04-10T15:00:00
109,48,2.8,2025-04-10T16:00:00
155,266,3.7,2025-04-10T16:00:00
240,34,4.1,2025-04-10T16:00:00
326,138,2.6,2025-04-10T16:00:00
108,74,2.6,2025-04-10T17:00:00
468,267,2.5,2025-04-10T17:00:00
486,209,2.8,2025-04-10T17:00:00
77,42,3.2,2025-04-10T18:00:00
405,193,4.9,2025-04-10T19:00:00
117,201,4.4,2025-04-10T20:00:00
313,162,3.2,2025-04-10T20:00:00
330,227,4.5,2025-04-10T20:00:00
65,50,3.6,2025-04-10T21:00:00
171,32,4.5,2025-04-10T21:00:00
381,195,4.9,2025-04-10T21:00:00
88,74,4.3,2025-04-10T22:00:00
472,243,3.2,2025-04-10T22:00:00
284,189,2.7,2025-04-10T23:00:00
458,206,5.0,2025-04-10T23:00:00
467,12,3.3,2025-04-10T23:00:00
83,208,4.8,2025-04-11T00:00:00
130,89,3.3,2025-04-11T00:00:00
234,243,4.8,2025-04-11T00:00:00
316,6,3.1,2025-04-11T00:00:00
256,121,3.9,2025-04-11T02:00:00
274,25,3.8,2025-04-11T02:00:00
276,247,3.5,2025-04-11T02:00:00
93,219,4.3,2025-04-11T03:00:00
232,175,5.0,2025-04-11T03:00:00
204,177,3.7,2025-04-11T05:00:00
206,187,3.1,2025-04-11T05:00:00
296,70,2.6,2025-04-11T05:00:00
356,29,3.1,2025-04-11T05:00:00
358,211,2.4,2025-04-11T05:00:00
240,49,4.0,2025-04-11T06:00:00
352,111,4.9,2025-04-11T06:00:00
357,45,3.3,2025-04-11T06:00:00
457,5,3.5,2025-04-11T06:00:00
461,26,3.8,2025-04-11T06:00:00
253,152,3.7,2025-04-11T07:00:00
99,29,3.2,2025-04-11T08:00:00
145,164,2.2,2025-04-11T08:00:00
214,173,3.2,2025-04-11T08:00:00
260,274,4.6,2025-04-11T08:00:00
305,46,3.8,2025-04-11T08:00:00
151,102,3.9,2025-04-11T09:00:00
373,41,3.9,2025-04-11T09:00:00
380,238,4.4,2025-04-11T09:00:00
470,267,3.8,2025-04-11T09:00:00
117,238,5.0,2025-04-11T10:00:00
288,45,3.4,2025-04-11T10:00:00
309,161,5.0,2025-04-11T10:00:00
450,141,4.4,2025-04-11T10:00:00
453,165,3.6,2025-04-11T10:00:00
473,223,4.3,2025-04-11T10:00:00
317,6,4.9,2025-04-11T11:00:00
131,259,4.1,2025-04-11T12:00:00
81,178,4.8,2025-04-11T13:00:00
255,275,2.6,2025-04-11T13:00:00
276,293,3.0,2025-04-11T13:00:00
6,29,3.3,2025-04-11T14:00:00
70,280,3.9,2025-04-11T14:00:00
361,116,4.9,2025-04-11T14:00:00
435,94,4.5,2025-04-11T14:00:00
19,192,5.0,2025-04-11T15:00:00
91,22,4.2,2025-04-11T15:00:00
278,19,4.8,2025-04-11T15:00:00
43,107,2.2,2025-04-11T16:00:00
73,5,3.6,2025-04-11T16:00:00
104,1,3.2,2025-04-11T16:00:00
172,209,3.1,2025-04-11T16:00:00
252,102,2.5,2025-04-11T16:00:00
301,29,5.0,2025-04-11T16:00:00
454,122,2.9,2025-04-11T16:00:00
176,267,3.5,2025-04-11T17:00:00
326,229,3.4,2025-04-11T17:00:00
5,172,4.6,2025-04-11T18:00:00
446,52,3.8,2025-04-11T18:00:00
493,74,3.6,2025-04-11T18:00:00
82,122,3.6,2025-04-11T19:00:00
162,174,4.7,2025-04-11T19:00:00
363,250,3.5,2025-04-11T19:00:00
183,12,3.1,2025-04-11T20:00:00
419,221,4.2,2025-04-11T20:00:00
485,153,5.0,2025-04-11T20:00:00
160,122,2.3,2025-04-11T21:00:00
5,165,3.9,2025-04-11T22:00:00
226,128,3.3,2025-04-11T22:00:00
332,59,4.1,2025-04-11T22:00:00
434,63,5.0,2025-04-11T22:00:00
163,58,5.0,2025-04-11T23:00:00
305,72,3.9,2025-04-12T00:00:00
386,189,2.5,2025-04-12T00:00:00
230,200,4.3,2025-04-12T01:00:00
257,249,4.8,2025-04-12T01:00:00
347,83,5.0,2025-04-12T01:00:00
493,70,3.0,2025-04-12T01:00:00
3,212,4.0,2025-04-12T02:00:00
39,296,3.3,2025-04-12T02:00:00
196,148,4.2,2025-04-12T02:00:00
309,191,4.3,2025-04-12T02:00:00
434,55,5.0,2025-04-12T02:00:00
450,135,3.6,2025-04-12T02:00:00
472,42,3.9,2025-04-12T02:00:00
53,266,5.0,2025-04-12T03:00:00
137,148,3.9,2025-04-12T03:00:00
155,182,3.7,2025-04-12T03:00:00
487,285,5.0,2025-04-12T03:00:00
28,150,4.8,2025-04-12T04:00:00
131,141,2.7,2025-04-12T04:00:00
252,195,3.9,2025-04-12T05:00:00
284,165,3.7,2025-04-12T05:00:00
310,17,5.0,2025-04-12T05:00:00
354,177,4.8,2025-04-12T05:00:00
91,46,4.9,2025-04-12T06:00:00
112,25,3.6,2025-04-12T07:00:00
160,243,5.0,2025-04-12T07:00:00
290,102,3.3,2025-04-12T07:00:00
300,87,4.2,2025-04-12T07:00:00
323,263,1.1,2025-04-12T07:00:00
356,283,5.0,2025-04-12T07:00:00
487,277,4.7,2025-04-12T07:00:00
65,15,4.4,2025-04-12T08:00:00
215,106,4.8,2025-04-12T08:00:00
266,128,4.2,2025-04-12T08:00:00
399,28,4.0,2025-04-12T08:00:00
485,209,4.2,2025-04-12T08:00:00
360,196,4.1,2025-04-12T09:00:00
25,194,2.7,2025-04-12T10:00:00
91,18,4.9,2025-04-12T10:00:00
99,209,3.7,2025-04-12T11:00:00
464,42,3.0,2025-04-12T11:00:00
470,253,3.5,2025-04-12T11:00:00
88,79,4.4,2025-04-12T12:00:00
90,266,2.3,2025-04-12T12:00:00
232,130,4.3,2025-04-12T12:00:00
124,266,4.6,2025-04-12T13:00:00
206,157,4.6,2025-04-12T13:00:00
347,63,4.1,2025-04-12T13:00:00
434,20,4.6,2025-04-12T13:00:00
35,176,5.0,2025-04-12T14:00:00
131,212,5.0,2025-04-12T14:00:00
186,29,4.7,2025-04-12T14:00:00
250,129,4.9,2025-04-12T14:00:00
437,41,3.9,2025-04-12T14:00:00
176,76,4.8,2025-04-12T15:00:00
215,133,3.6,2025-04-12T15:00:00
46,170,4.1,2025-04-12T16:00:00
266,105,4.8,2025-04-12T16:00:00
332,42,3.8,2025-04-12T16:00:00
240,46,4.4,2025-04-12T17:00:00
253,82,4.3,2025-04-12T17:00:00
274,21,4.2,2025-04-12T17:00:00
450,266,3.6,2025-04-12T17:00:00
399,133,2.7,2025-04-12T18:00:00
185,75,5.0,2025-04-12T19:00:00
25,162,4.1,2025-04-12T20:00:00
66,189,4.5,2025-04-12T20:00:00
174,212,3.3,2025-04-12T20:00:00
194,75,4.2,2025-04-12T20:00:00
199,217,3.0,2025-04-12T20:00:00
227,13,5.0,2025-04-12T20:00:00
486,226,3.7,2025-04-12T20:00:00
65,60,1.9,2025-04-12T21:00:00
108,295,3.7,2025-04-12T21:00:00
260,75,4.1,2025-04-12T21:00:00
365,164,3.4,2025-04-12T21:00:00
488,17,3.3,2025-04-12T21:00:00
152,228,4.3,2025-04-12T22:00:00
180,175,3.1,2025-04-12T23:00:00
341,122,1.0,2025-04-13T00:00:00
473,249,3.3,2025-04-13T00:00:00
66,169,4.3,2025-04-13T01:00:00
119,40,4.2,2025-04-13T01:00:00
155,42,3.1,2025-04-13T01:00:00
356,251,5.0,2025-04-13T01:00:00
117,232,3.9,2025-04-13T02:00:00
146,194,3.2,2025-04-13T02:00:00
158,6,3.5,2025-04-13T02:00:00
240,23,4.4,2025-04-13T02:00:00
377,20,4.0,2025-04-13T02:00:00
381,193,5.0,2025-04-13T02:00:00
332,184,3.2,2025-04-13T03:00:00
373,12,4.7,2025-04-13T03:00:00
391,22,4.4,2025-04-13T03:00:00
439,213,3.7,2025-04-13T03:00:00
88,102,3.0,2025-04-13T04:00:00
151,101,4.0,2025-04-13T04:00:00
256,149,4.0,2025-04-13T05:00:00
43,235,1.9,2025-04-13T06:00:00
131,237,3.2,2025-04-13T06:00:00
260,148,3.8,2025-04-13T06:00:00
468,37,4.3,2025-04-13T06:00:00
10,153,2.3,2025-04-13T07:00:00
223,209,4.7,2025-04-13T07:00:00
250,102,4.0,2025-04-13T07:00:00
301,4,4.9,2025-04-13T07:00:00
93,216,3.9,2025-04-13T08:00:00
132,74,5.0,2025-04-13T08:00:00
212,218,2.5,2025-04-13T09:00:00
232,258,4.4,2025-04-13T09:00:00
266,147,3.9,2025-04-13T09:00:00
138,159,2.0,2025-04-13T10:00:00
234,17,2.4,2025-04-13T10:00:00
47,162,5.0,2025-04-13T11:00:00
79,258,3.4,2025-04-13T11:00:00
313,106,3.5,2025-04-13T11:00:00
358,216,1.8,2025-04-13T11:00:00
117,216,4.5,2025-04-13T12:00:00
437,161,2.6,2025-04-13T12:00:00
24,50,4.1,2025-04-13T13:00:00
227,42,4.7,2025-04-13T13:00:00
250,141,3.7,2025-04-13T13:00:00
63,156,3.6,2025-04-13T14:00:00
64,195,3.8,2025-04-13T14:00:00
83,230,3.9,2025-04-13T14:00:00
113,215,3.3,2025-04-13T14:00:00
130,237,3.8,2025-04-13T14:00:00
155,200,4.4,2025-04-13T14:00:00
269,183,4.9,2025-04-13T14:00:00
286,107,3.5,2025-04-13T14:00:00
493,89,3.4,2025-04-13T14:00:00
112,161,2.5,2025-04-13T15:00:00
332,62,4.3,2025-04-13T16:00:00
82,165,4.9,2025-04-13T17:00:00
91,291,5.0,2025-04-13T17:00:00
158,50,4.0,2025-04-13T17:00:00
180,197,3.5,2025-04-13T17:00:00
223,216,4.3,2025-04-13T17:00:00
257,147,4.2,2025-04-13T17:00:00
370,83,4.2,2025-04-13T17:00:00
434,59,4.7,2025-04-13T17:00:00
225,161,4.5,2025-04-13T18:00:00
296,209,4.5,2025-04-13T18:00:00
454,48,2.6,2025-04-13T18:00:00
465,202,5.0,2025-04-13T18:00:00
73,122,2.7,2025-04-13T19:00:00
113,188,3.7,2025-04-13T19:00:00
473,211,4.1,2025-04-13T19:00:00
5,210,4.5,2025-04-13T20:00:00
222,178,5.0,2025-04-13T20:00:00
461,5,2.6,2025-04-13T20:00:00
467,300,3.8,2025-04-13T20:00:00
81,127,5.0,2025-04-13T21:00:00
134,265,2.3,2025-04-13T21:00:00
214,198,3.0,2025-04-13T21:00:00
317,194,3.9,2025-04-13T21:00:00
70,265,4.7,2025-04-13T22:00:00
77,54,4.5,2025-04-13T22:00:00
255,267,3.8,2025-04-13T22:00:00
487,29,3.6,2025-04-13T22:00:00
253,195,3.2,2025-04-13T23:00:00
323,206,2.2,2025-04-13T23:00:00
19,55,3.8,2025-04-14T00:00:00
88,67,3.2,2025-04-14T00:00:00
227,45,4.3,2025-04-14T00:00:00
278,14,3.5,2025-04-14T00:00:00
341,178,2.6,2025-04-14T00:00:00
389,176,3.0,2025-04-14T00:00:00
347,54,5.0,2025-04-14T01:00:00
468,26,3.6,2025-04-14T01:00:00
486,206,2.2,2025-04-14T01:00:00
458,284,4.4,2025-04-14T02:00:00
301,2,4.7,2025-04-14T03:00:00
323,27,1.7,2025-04-14T03:00:00
330,126,3.7,2025-04-14T03:00:00
96,2,2.9,2025-04-14T04:00:00
151,216,3.3,2025-04-14T04:00:00
234,175,3.2,2025-04-14T04:00:00
485,171,5.0,2025-04-14T04:00:00
172,122,4.1,2025-04-14T05:00:00
269,161,5.0,2025-04-14T05:00:00
83,74,4.6,2025-04-14T06:00:00
240,98,2.9,2025-04-14T06:00:00
300,67,3.4,2025-04-14T07:00:00
386,231,3.5,2025-04-14T07:00:00
419,230,4.4,2025-04-14T07:00:00
176,87,3.3,2025-04-14T08:00:00
186,277,3.5,2025-04-14T08:00:00
405,178,4.8,2025-04-14T08:00:00
488,224,2.7,2025-04-14T08:00:00
171,165,4.5,2025-04-14T09:00:00
227,94,4.5,2025-04-14T10:00:00
252,151,5.0,2025-04-14T10:00:00
286,74,3.8,2025-04-14T10:00:00
491,61,2.9,2025-04-14T10:00:00
28,39,3.1,2025-04-14T11:00:00
206,191,3.9,2025-04-14T11:00:00
253,87,3.7,2025-04-14T11:00:00
290,299,1.9,2025-04-14T11:00:00
373,144,5.0,2025-04-14T11:00:00
276,279,3.0,2025-04-14T12:00:00
309,122,4.1,2025-04-14T12:00:00
77,66,4.5,2025-04-14T13:00:00
117,152,3.3,2025-04-14T13:00:00
313,149,3.3,2025-04-14T13:00:00
405,187,4.0,2025-04-14T13:00:00
66,151,4.4,2025-04-14T14:00:00
266,29,5.0,2025-04-14T14:00:00
361,115,3.9,2025-04-14T14:00:00
19,80,3.0,2025-04-14T15:00:00
109,2,3.2,2025-04-14T16:00:00
155,45,3.2,2025-04-14T16:00:00
357,44,3.8,2025-04-14T16:00:00
77,4,3.8,2025-04-14T17:00:00
296,42,3.0,2025-04-14T17:00:00
215,270,3.0,2025-04-14T18:00:00
300,246,3.0,2025-04-14T18:00:00
352,221,3.3,2025-04-14T18:00:00
354,12,4.3,2025-04-14T18:00:00
468,17,4.4,2025-04-14T18:00:00
183,42,4.3,2025-04-14T19:00:00
58,141,4.0,2025-04-14T20:00:00
108,150,3.6,2025-04-14T20:00:00
479,122,4.8,2025-04-14T20:00:00
19,176,5.0,2025-04-14T21:00:00
64,183,5.0,2025-04-14T21:00:00
250,54,4.2,2025-04-14T21:00:00
284,173,4.3,2025-04-14T22:00:00
370,92,2.8,2025-04-14T22:00:00
457,161,4.0,2025-04-14T22:00:00
137,130,2.5,2025-04-14T23:00:00
206,74,3.6,2025-04-14T23:00:00
380,115,4.1,2025-04-14T23:00:00
453,266,2.6,2025-04-14T23:00:00
274,41,5.0,2025-04-15T00:00:00
158,45,4.6,2025-04-15T01:00:00
174,162,2.9,2025-04-15T01:00:00
204,181,2.9,2025-04-15T01:00:00
256,162,3.0,2025-04-15T01:00:00
358,244,1.9,2025-04-15T01:00:00
25,192,4.6,2025-04-15T02:00:00
162,153,4.3,2025-04-15T02:00:00
194,164,4.4,2025-04-15T02:00:00
365,286,4.0,2025-04-15T02:00:00
472,48,5.0,2025-04-15T02:00:00
63,251,4.9,2025-04-15T03:00:00
163,266,4.8,2025-04-15T03:00:00
6,82,3.1,2025-04-15T04:00:00
142,178,4.4,2025-04-15T04:00:00
180,200,4.5,2025-04-15T04:00:00
99,197,5.0,2025-04-15T05:00:00
130,148,3.2,2025-04-15T05:00:00
358,90,3.8,2025-04-15T05:00:00
464,188,5.0,2025-04-15T05:00:00
93,250,4.4,2025-04-15T06:00:00
172,120,3.5,2025-04-15T06:00:00
305,25,3.6,2025-04-15T06:00:00
386,241,3.0,2025-04-15T06:00:00
310,42,4.3,2025-04-15T07:00:00
360,175,4.1,2025-04-15T07:00:00
450,34,2.9,2025-04-15T07:00:00
40,270,2.7,2025-04-15T08:00:00
89,122,4.0,2025-04-15T08:00:00
145,13,4.1,2025-04-15T08:00:00
226,26,3.4,2025-04-15T08:00:00
288,51,3.4,2025-04-15T08:00:00
365,209,2.6,2025-04-15T08:00:00
82,188,3.8,2025-04-15T09:00:00
91,27,4.6,2025-04-15T09:00:00
162,172,3.3,2025-04-15T09:00:00
222,166,5.0,2025-04-15T09:00:00
104,135,5.0,2025-04-15T10:00:00
183,27,3.5,2025-04-15T10:00:00
214,160,3.4,2025-04-15T10:00:00
242,286,5.0,2025-04-15T10:00:00
446,199,1.8,2025-04-15T10:00:00
470,259,3.1,2025-04-15T10:00:00
171,216,2.4,2025-04-15T11:00:00
81,75,5.0,2025-04-15T12:00:00
273,258,4.0,2025-04-15T12:00:00
3,122,4.7,2025-04-15T13:00:00
28,119,4.3,2025-04-15T13:00:00
132,75,4.6,2025-04-15T13:00:00
226,274,1.6,2025-04-15T13:00:00
24,13,4.5,2025-04-15T14:00:00
40,5,3.5,2025-04-15T14:00:00
79,7,2.9,2025-04-15T14:00:00
230,50,3.3,2025-04-15T14:00:00
64,187,5.0,2025-04-15T15:00:00
227,64,5.0,2025-04-15T15:00:00
10,9,2.9,2025-04-15T16:00:00
112,13,4.2,2025-04-15T16:00:00
222,161,5.0,2025-04-15T16:00:00
453,191,1.8,2025-04-15T16:00:00
28,74,3.6,2025-04-15T17:00:00
35,162,4.0,2025-04-15T17:00:00
39,189,4.7,2025-04-15T17:00:00
142,101,4.1,2025-04-15T17:00:00
288,79,3.7,2025-04-15T17:00:00
454,266,3.3,2025-04-15T17:00:00
134,29,1.5,2025-04-15T18:00:00
363,245,3.7,2025-04-15T18:00:00
370,62,3.0,2025-04-15T19:00:00
377,49,3.9,2025-04-15T19:00:00
223,210,3.7,2025-04-15T20:00:00
269,162,5.0,2025-04-15T20:00:00
356,273,4.8,2025-04-15T20:00:00
470,266,4.1,2025-04-15T20:00:00
93,211,3.6,2025-04-15T21:00:00
212,173,3.6,2025-04-15T21:00:00
357,27,3.8,2025-04-15T21:00:00
43,201,4.2,2025-04-15T22:00:00
70,291,4.1,2025-04-15T22:00:00
73,165,3.9,2025-04-15T22:00:00
206,155,4.9,2025-04-15T22:00:00
322,45,2.6,2025-04-15T22:00:00
96,54,4.3,2025-04-15T23:00:00
152,122,4.7,2025-04-15T23:00:00
39,170,4.4,2025-04-16T00:00:00
53,265,4.5,2025-04-16T00:00:00
160,294,4.3,2025-04-16T00:00:00
196,136,3.6,2025-04-16T00:00:00
226,165,1.0,2025-04-16T00:00:00
300,58,3.9,2025-04-16T00:00:00
377,42,5.0,2025-04-16T00:00:00
119,153,4.6,2025-04-16T01:00:00
162,61,2.6,2025-04-16T01:00:00
212,159,3.8,2025-04-16T01:00:00
405,200,3.1,2025-04-16T01:00:00
429,271,4.4,2025-04-16T01:00:00
434,58,4.5,2025-04-16T01:00:00
10,50,3.7,2025-04-16T02:00:00
90,136,3.7,2025-04-16T02:00:00
354,5,3.9,2025-04-16T02:00:00
496,32,4.1,2025-04-16T02:00:00
232,177,5.0,2025-04-16T03:00:00
93,74,2.8,2025-04-16T04:00:00
131,201,5.0,2025-04-16T04:00:00
317,99,4.4,2025-04-16T04:00:00
341,198,3.5,2025-04-16T04:00:00
467,23,2.7,2025-04-16T04:00:00
132,89,5.0,2025-04-16T05:00:00
391,165,3.8,2025-04-16T05:00:00
124,271,3.7,2025-04-16T06:00:00
137,256,2.8,2025-04-16T07:00:00
138,110,4.0,2025-04-16T07:00:00
252,170,4.8,2025-04-16T07:00:00
63,142,3.4,2025-04-16T08:00:00
152,206,4.3,2025-04-16T08:00:00
288,122,2.9,2025-04-16T08:00:00
467,280,4.9,2025-04-16T08:00:00
485,179,4.8,2025-04-16T08:00:00
491,74,4.2,2025-04-16T08:00:00
436,116,3.2,2025-04-16T09:00:00
479,137,4.7,2025-04-16T09:00:00
40,42,3.5,2025-04-16T10:00:00
373,150,5.0,2025-04-16T10:00:00
99,154,4.9,2025-04-16T11:00:00
225,176,3.7,2025-04-16T11:00:00
245,122,5.0,2025-04-16T11:00:00
305,209,4.3,2025-04-16T11:00:00
381,164,3.6,2025-04-16T11:00:00
450,123,4.6,2025-04-16T12:00:00
5,197,4.6,2025-04-16T13:00:00
146,285,4.7,2025-04-16T13:00:00
196,108,4.8,2025-04-16T13:00:00
419,234,4.2,2025-04-16T13:00:00
439,288,3.7,2025-04-16T13:00:00
488,259,3.5,2025-04-16T13:00:00
58,122,4.3,2025-04-16T14:00:00
399,35,4.8,2025-04-16T14:00:00
496,34,3.9,2025-04-16T14:00:00
40,266,2.7,2025-04-16T15:00:00
65,30,3.4,2025-04-16T15:00:00
301,156,5.0,2025-04-16T15:00:00
486,245,2.6,2025-04-16T15:00:00
172,148,4.5,2025-04-16T16:00:00
468,50,4.2,2025-04-16T16:00:00
470,274,3.7,2025-04-16T16:00:00
386,248,3.1,2025-04-16T17:00:00
151,141,4.8,2025-04-16T18:00:00
309,171,4.2,2025-04-16T18:00:00
458,243,4.4,2025-04-16T18:00:00
493,56,2.6,2025-04-16T18:00:00
160,246,4.6,2025-04-16T19:00:00
185,92,5.0,2025-04-16T19:00:00
347,238,3.8,2025-04-16T19:00:00
199,127,3.9,2025-04-16T20:00:00
290,82,4.1,2025-04-16T20:00:00
450,176,2.8,2025-04-16T20:00:00
488,255,4.7,2025-04-16T20:00:00
40,29,4.2,2025-04-16T21:00:00
487,299,4.4,2025-04-16T21:00:00
194,52,4.9,2025-04-16T22:00:00
389,18,4.1,2025-04-16T22:00:00
108,280,3.9,2025-04-16T23:00:00
171,31,3.5,2025-04-16T23:00:00
274,235,5.0,2025-04-16T23:00:00
28,11,3.8,2025-04-17T00:00:00
104,55,5.0,2025-04-17T00:00:00
186,24,4.7,2025-04-17T00:00:00
491,78,4.3,2025-04-17T00:00:00
250,300,3.0,2025-04-17T01:00:00
284,186,3.8,2025-04-17T01:00:00
354,26,3.1,2025-04-17T01:00:00
361,102,4.3,2025-04-17T01:00:00
132,246,3.3,2025-04-17T02:00:00
332,51,4.9,2025-04-17T02:00:00
25,180,2.9,2025-04-17T03:00:00
240,195,3.9,2025-04-17T03:00:00
386,211,2.9,2025-04-17T03:00:00
437,24,4.4,2025-04-17T03:00:00
58,87,5.0,2025-04-17T04:00:00
256,271,3.6,2025-04-17T04:00:00
234,206,4.6,2025-04-17T05:00:00
278,129,4.1,2025-04-17T05:00:00
130,50,2.9,2025-04-17T07:00:00
457,6,3.8,2025-04-17T07:00:00
64,128,2.7,2025-04-17T08:00:00
91,214,5.0,2025-04-17T08:00:00
453,171,2.9,2025-04-17T08:00:00
286,195,4.2,2025-04-17T09:00:00
434,26,4.0,2025-04-17T09:00:00
473,122,2.9,2025-04-17T09:00:00
65,164,2.0,2025-04-17T10:00:00
186,10,4.9,2025-04-17T10:00:00
330,291,2.6,2025-04-17T10:00:00
155,271,3.8,2025-04-17T11:00:00
253,64,4.5,2025-04-17T11:00:00
255,289,3.3,2025-04-17T11:00:00
465,219,5.0,2025-04-17T11:00:00
113,72,5.0,2025-04-17T12:00:00
276,276,3.1,2025-04-17T13:00:00
347,57,4.9,2025-04-17T13:00:00
66,238,3.4,2025-04-17T14:00:00
322,209,3.0,2025-04-17T14:00:00
496,20,3.5,2025-04-17T14:00:00
88,224,3.1,2025-04-17T15:00:00
124,273,3.3,2025-04-17T15:00:00
212,151,2.3,2025-04-17T15:00:00
215,128,4.4,2025-04-17T15:00:00
446,18,4.3,2025-04-17T15:00:00
458,151,3.1,2025-04-17T15:00:00
24,108,3.9,2025-04-17T16:00:00
252,74,2.5,2025-04-17T16:00:00
257,201,3.6,2025-04-17T16:00:00
461,30,4.0,2025-04-17T16:00:00
180,241,4.4,2025-04-17T17:00:00
399,38,4.3,2025-04-17T17:00:00
419,29,4.0,2025-04-17T17:00:00
434,99,4.5,2025-04-17T18:00:00
176,55,4.2,2025-04-17T19:00:00
104,45,4.8,2025-04-17T22:00:00
172,5,2.7,2025-04-17T22:00:00
352,141,5.0,2025-04-17T22:00:00
323,237,3.3,2025-04-17T23:00:00
356,5,4.3,2025-04-17T23:00:00
380,60,3.4,2025-04-17T23:00:00
113,55,3.5,2025-04-18T00:00:00
284,164,3.2,2025-04-18T00:00:00
472,41,3.5,2025-04-18T00:00:00
39,238,5.0,2025-04-18T01:00:00
81,92,5.0,2025-04-18T01:00:00
109,35,2.9,2025-04-18T01:00:00
124,259,3.1,2025-04-18T01:00:00
160,139,3.1,2025-04-18T01:00:00
162,183,3.8,2025-04-18T01:00:00
464,189,4.5,2025-04-18T01:00:00
35,73,5.0,2025-04-18T02:00:00
214,197,4.1,2025-04-18T02:00:00
32,250,4.9,2025-04-18T03:00:00
89,101,3.7,2025-04-18T03:00:00
358,246,3.5,2025-04-18T03:00:00
155,164,3.5,2025-04-18T04:00:00
227,172,2.5,2025-04-18T04:00:00
384,18,4.5,2025-04-18T04:00:00
436,181,3.7,2025-04-18T04:00:00
77,5,3.3,2025-04-18T05:00:00
117,249,3.3,2025-04-18T05:00:00
19,183,4.0,2025-04-18T06:00:00
69,122,4.4,2025-04-18T06:00:00
83,233,4.6,2025-04-18T06:00:00
146,279,3.8,2025-04-18T06:00:00
183,5,2.9,2025-04-18T06:00:00
486,210,3.3,2025-04-18T06:00:00
81,71,5.0,2025-04-18T07:00:00
131,249,3.8,2025-04-18T07:00:00
266,246,2.3,2025-04-18T07:00:00
341,189,2.9,2025-04-18T07:00:00
163,88,5.0,2025-04-18T08:00:00
487,279,4.2,2025-04-18T08:00:00
35,68,4.5,2025-04-18T09:00:00
93,48,4.0,2025-04-18T10:00:00
384,165,4.0,2025-04-18T10:00:00
396,29,3.9,2025-04-18T10:00:00
10,122,2.9,2025-04-18T11:00:00
465,228,4.2,2025-04-18T11:00:00
310,74,2.8,2025-04-18T12:00:00
444,122,4.5,2025-04-18T12:00:00
399,257,4.1,2025-04-18T13:00:00
83,246,5.0,2025-04-18T14:00:00
373,153,4.7,2025-04-18T14:00:00
174,48,2.6,2025-04-18T15:00:00
450,127,4.4,2025-04-18T15:00:00
152,238,5.0,2025-04-18T16:00:00
225,5,4.4,2025-04-18T16:00:00
296,266,2.9,2025-04-18T16:00:00
28,141,4.5,2025-04-18T17:00:00
96,42,4.3,2025-04-18T17:00:00
222,152,4.5,2025-04-18T17:00:00
323,244,2.2,2025-04-18T17:00:00
3,237,3.3,2025-04-18T18:00:00
39,266,3.3,2025-04-18T18:00:00
90,85,2.4,2025-04-18T19:00:00
112,50,3.5,2025-04-18T19:00:00
160,257,3.8,2025-04-18T19:00:00
19,277,4.6,2025-04-18T20:00:00
158,31,4.3,2025-04-18T20:00:00
245,200,3.7,2025-04-18T20:00:00
361,254,3.7,2025-04-18T20:00:00
457,164,3.6,2025-04-18T20:00:00
24,24,4.4,2025-04-18T21:00:00
145,99,3.0,2025-04-18T22:00:00
467,296,4.0,2025-04-18T22:00:00
488,250,3.7,2025-04-18T22:00:00
142,127,3.8,2025-04-18T23:00:00
204,150,3.0,2025-04-19T00:00:00
234,235,4.8,2025-04-19T00:00:00
485,178,4.7,2025-04-19T00:00:00
112,46,3.3,2025-04-19T01:00:00
43,250,2.9,2025-04-19T02:00:00
79,297,3.8,2025-04-19T02:00:00
199,89,3.3,2025-04-19T02:00:00
226,216,2.2,2025-04-19T02:00:00
230,176,4.3,2025-04-19T02:00:00
253,199,3.1,2025-04-19T02:00:00
32,209,3.2,2025-04-19T03:00:00
40,85,3.8,2025-04-19T03:00:00
132,64,4.7,2025-04-19T03:00:00
185,70,4.8,2025-04-19T03:00:00
377,45,3.7,2025-04-19T03:00:00
39,45,3.8,2025-04-19T04:00:00
288,52,4.9,2025-04-19T04:00:00
354,226,4.8,2025-04-19T04:00:00
454,79,3.7,2025-04-19T04:00:00
96,178,3.9,2025-04-19T05:00:00
124,29,3.4,2025-04-19T05:00:00
53,93,3.7,2025-04-19T06:00:00
73,29,3.8,2025-04-19T06:00:00
356,210,4.0,2025-04-19T06:00:00
360,182,4.0,2025-04-19T06:00:00
491,64,4.2,2025-04-19T06:00:00
43,206,3.0,2025-04-19T07:00:00
174,214,2.4,2025-04-19T07:00:00
204,249,3.4,2025-04-19T07:00:00
232,212,3.8,2025-04-19T07:00:00
391,11,3.6,2025-04-19T07:00:00
468,279,3.0,2025-04-19T07:00:00
82,187,4.7,2025-04-19T08:00:00
99,191,4.1,2025-04-19T08:00:00
119,191,5.0,2025-04-19T08:00:00
317,94,3.9,2025-04-19T08:00:00
373,165,3.8,2025-04-19T08:00:00
386,217,3.4,2025-04-19T08:00:00
332,89,4.3,2025-04-19T09:00:00
370,151,3.8,2025-04-19T09:00:00
81,2,3.7,2025-04-19T10:00:00
242,271,5.0,2025-04-19T10:00:00
254,48,3.2,2025-04-19T10:00:00
269,154,4.4,2025-04-19T10:00:00
357,2,4.1,2025-04-19T10:00:00
377,29,3.2,2025-04-19T10:00:00
434,17,5.0,2025-04-19T10:00:00
58,84,5.0,2025-04-19T11:00:00
194,81,5.0,2025-04-19T11:00:00
204,129,4.6,2025-04-19T11:00:00
309,123,3.2,2025-04-19T11:00:00
151,145,4.8,2025-04-19T12:00:00
273,247,3.8,2025-04-19T12:00:00
457,24,3.7,2025-04-19T12:00:00
172,70,4.5,2025-04-19T13:00:00
223,87,2.9,2025-04-19T13:00:00
470,271,4.6,2025-04-19T13:00:00
472,8,4.2,2025-04-19T13:00:00
63,263,4.3,2025-04-19T14:00:00
130,208,3.9,2025-04-19T14:00:00
322,260,4.1,2025-04-19T14:00:00
446,209,4.1,2025-04-19T14:00:00
69,74,3.4,2025-04-19T15:00:00
176,164,3.6,2025-04-19T15:00:00
212,163,3.9,2025-04-19T15:00:00
96,183,4.0,2025-04-19T16:00:00
171,184,4.4,2025-04-19T16:00:00
206,293,3.5,2025-04-19T16:00:00
226,157,2.3,2025-04-19T16:00:00
274,156,3.8,2025-04-19T16:00:00
363,232,4.1,2025-04-19T16:00:00
370,266,2.9,2025-04-19T17:00:00
419,223,4.4,2025-04-19T17:00:00
137,85,1.9,2025-04-19T18:00:00
89,200,3.1,2025-04-19T19:00:00
290,279,2.3,2025-04-19T19:00:00
296,279,3.6,2025-04-19T19:00:00
10,26,2.6,2025-04-19T20:00:00
132,70,5.0,2025-04-19T20:00:00
352,89,4.0,2025-04-19T20:00:00
429,266,4.0,2025-04-19T20:00:00
70,5,3.8,2025-04-19T21:00:00
288,54,3.9,2025-04-19T21:00:00
300,51,3.7,2025-04-19T21:00:00
465,203,5.0,2025-04-19T21:00:00
152,74,4.3,2025-04-19T22:00:00
386,176,2.7,2025-04-19T22:00:00
486,230,3.8,2025-04-19T22:00:00
222,182,4.9,2025-04-19T23:00:00
488,295,3.8,2025-04-19T23:00:00
405,259,1.9,2025-04-20T00:00:00
453,180,4.3,2025-04-20T00:00:00
104,64,5.0,2025-04-20T01:00:00
252,24,2.8,2025-04-20T02:00:00
305,157,5.0,2025-04-20T02:00:00
486,225,4.4,2025-04-20T02:00:00
496,45,4.8,2025-04-20T03:00:00
212,249,3.4,2025-04-20T04:00:00
439,297,2.9,2025-04-20T04:00:00
81,74,5.0,2025-04-20T05:00:00
301,10,5.0,2025-04-20T05:00:00
341,182,3.4,2025-04-20T05:00:00
176,89,3.8,2025-04-20T06:00:00
332,70,5.0,2025-04-20T06:00:00
389,47,4.4,2025-04-20T06:00:00
479,171,3.4,2025-04-20T06:00:00
155,263,3.4,2025-04-20T07:00:00
185,209,3.9,2025-04-20T07:00:00
255,257,3.8,2025-04-20T07:00:00
266,161,3.8,2025-04-20T07:00:00
204,125,3.4,2025-04-20T08:00:00
286,108,3.8,2025-04-20T08:00:00
322,262,3.7,2025-04-20T09:00:00
381,154,5.0,2025-04-20T09:00:00
439,164,3.1,2025-04-20T09:00:00
493,55,4.1,2025-04-20T09:00:00
196,249,4.1,2025-04-20T10:00:00
491,87,4.7,2025-04-20T10:00:00
40,27,3.8,2025-04-20T11:00:00
278,11,5.0,2025-04-20T11:00:00
35,90,5.0,2025-04-20T12:00:00
117,74,2.8,2025-04-20T12:00:00
215,124,4.6,2025-04-20T12:00:00
396,34,5.0,2025-04-20T12:00:00
468,42,4.0,2025-04-20T12:00:00
5,122,4.6,2025-04-20T13:00:00
436,166,3.8,2025-04-20T13:00:00
457,179,4.3,2025-04-20T13:00:00
273,250,3.1,2025-04-20T14:00:00
444,148,5.0,2025-04-20T14:00:00
10,48,3.1,2025-04-20T15:00:00
163,60,5.0,2025-04-20T15:00:00
348,266,4.1,2025-04-20T15:00:00
360,189,4.3,2025-04-20T15:00:00
370,58,4.3,2025-04-20T15:00:00
437,8,3.8,2025-04-20T15:00:00
40,12,3.7,2025-04-20T16:00:00
108,267,3.2,2025-04-20T16:00:00
254,266,4.4,2025-04-20T16:00:00
310,271,3.3,2025-04-20T16:00:00
380,202,5.0,2025-04-20T16:00:00
257,244,4.5,2025-04-20T17:00:00
363,122,3.1,2025-04-20T17:00:00
473,285,3.1,2025-04-20T17:00:00
485,161,4.5,2025-04-20T17:00:00
66,165,4.8,2025-04-20T20:00:00
146,36,4.1,2025-04-20T20:00:00
250,257,2.2,2025-04-20T20:00:00
256,48,3.3,2025-04-20T20:00:00
274,267,4.0,2025-04-20T20:00:00
384,300,3.7,2025-04-20T20:00:00
65,49,3.1,2025-04-20T21:00:00
284,172,3.6,2025-04-20T21:00:00
330,246,4.5,2025-04-20T21:00:00
391,23,3.4,2025-04-20T21:00:00
453,192,3.3,2025-04-20T21:00:00
28,138,4.4,2025-04-20T22:00:00
88,112,4.2,2025-04-20T22:00:00
151,266,3.6,2025-04-20T22:00:00
386,271,3.2,2025-04-20T22:00:00
472,266,1.8,2025-04-20T22:00:00
487,74,3.8,2025-04-20T22:00:00
64,269,4.7,2025-04-20T23:00:00
255,147,2.7,2025-04-21T00:00:00
267,209,2.6,2025-04-21T00:00:00
450,226,3.7,2025-04-21T00:00:00
491,55,4.2,2025-04-21T00:00:00
3,214,3.8,2025-04-21T01:00:00
389,39,3.7,2025-04-21T01:00:00
445,166,5.0,2025-04-21T01:00:00
24,255,4.7,2025-04-21T02:00:00
77,266,3.5,2025-04-21T02:00:00
109,18,2.6,2025-04-21T02:00:00
160,145,4.1,2025-04-21T02:00:00
174,221,3.1,2025-04-21T02:00:00
461,10,2.6,2025-04-21T02:00:00
91,277,4.9,2025-04-21T03:00:00
347,73,4.4,2025-04-21T03:00:00
486,246,3.2,2025-04-21T03:00:00
488,274,2.6,2025-04-21T03:00:00
89,47,2.4,2025-04-21T04:00:00
186,44,3.6,2025-04-21T04:00:00
227,63,4.3,2025-04-21T04:00:00
276,198,2.8,2025-04-21T04:00:00
348,259,4.8,2025-04-21T04:00:00
5,127,3.8,2025-04-21T05:00:00
39,144,5.0,2025-04-21T05:00:00
180,218,4.8,2025-04-21T05:00:00
158,2,4.5,2025-04-21T06:00:00
185,53,4.8,2025-04-21T06:00:00
341,166,2.8,2025-04-21T06:00:00
354,166,3.7,2025-04-21T06:00:00
467,82,4.1,2025-04-21T06:00:00
83,45,4.0,2025-04-21T07:00:00
113,87,3.7,2025-04-21T07:00:00
215,120,5.0,2025-04-21T07:00:00
245,48,4.4,2025-04-21T07:00:00
361,76,3.8,2025-04-21T07:00:00
377,19,3.9,2025-04-21T07:00:00
162,181,4.6,2025-04-21T08:00:00
458,279,4.6,2025-04-21T08:00:00
117,234,5.0,2025-04-21T09:00:00
196,145,4.5,2025-04-21T09:00:00
242,209,4.0,2025-04-21T09:00:00
288,87,4.5,2025-04-21T09:00:00
155,283,4.4,2025-04-21T10:00:00
222,122,4.2,2025-04-21T10:00:00
380,267,4.0,2025-04-21T11:00:00
182,29,3.5,2025-04-21T12:00:00
151,129,4.4,2025-04-21T13:00:00
399,263,2.4,2025-04-21T13:00:00
373,257,4.8,2025-04-21T14:00:00
391,3,4.5,2025-04-21T14:00:00
130,245,3.8,2025-04-21T15:00:00
171,171,2.5,2025-04-21T15:00:00
55,122,2.4,2025-04-21T16:00:00
419,208,3.5,2025-04-21T16:00:00
176,62,4.3,2025-04-21T17:00:00
82,256,4.0,2025-04-21T18:00:00
93,257,3.4,2025-04-21T18:00:00
212,280,2.7,2025-04-21T18:00:00
391,9,4.2,2025-04-21T18:00:00
445,230,4.3,2025-04-21T18:00:00
19,279,3.9,2025-04-21T19:00:00
112,246,3.7,2025-04-21T19:00:00
131,274,3.0,2025-04-21T19:00:00
230,231,3.5,2025-04-21T20:00:00
399,72,3.9,2025-04-21T20:00:00
429,282,4.6,2025-04-21T20:00:00
206,168,3.5,2025-04-21T21:00:00
196,115,4.6,2025-04-21T22:00:00
124,206,2.6,2025-04-21T23:00:00
250,101,4.9,2025-04-21T23:00:00
358,10,2.8,2025-04-21T23:00:00
380,205,5.0,2025-04-21T23:00:00
391,5,3.1,2025-04-21T23:00:00
464,122,3.9,2025-04-21T23:00:00
35,40,2.9,2025-04-22T00:00:00
172,216,2.8,2025-04-22T00:00:00
227,266,3.6,2025-04-22T00:00:00
384,266,3.2,2025-04-22T00:00:00
96,129,5.0,2025-04-22T01:00:00
142,122,4.1,2025-04-22T01:00:00
199,147,3.8,2025-04-22T01:00:00
256,130,4.3,2025-04-22T01:00:00
486,216,3.3,2025-04-22T01:00:00
183,102,2.1,2025-04-22T02:00:00
214,158,2.9,2025-04-22T02:00:00
357,7,3.5,2025-04-22T02:00:00
131,80,2.5,2025-04-22T03:00:00
479,149,3.6,2025-04-22T03:00:00
49,45,4.6,2025-04-22T04:00:00
225,181,4.5,2025-04-22T04:00:00
348,279,4.1,2025-04-22T05:00:00
439,122,3.1,2025-04-22T05:00:00
55,249,4.1,2025-04-22T06:00:00
151,125,3.4,2025-04-22T06:00:00
176,74,4.6,2025-04-22T06:00:00
487,293,3.5,2025-04-22T06:00:00
53,74,4.8,2025-04-22T07:00:00
284,176,3.3,2025-04-22T07:00:00
232,153,5.0,2025-04-22T08:00:00
296,201,4.9,2025-04-22T08:00:00
332,60,5.0,2025-04-22T08:00:00
467,277,4.0,2025-04-22T08:00:00
172,65,3.6,2025-04-22T09:00:00
290,283,2.7,2025-04-22T09:00:00
323,122,1.0,2025-04-22T09:00:00
206,205,2.9,2025-04-22T10:00:00
419,229,5.0,2025-04-22T10:00:00
108,85,3.4,2025-04-22T11:00:00
454,297,2.9,2025-04-22T11:00:00
65,44,3.6,2025-04-22T12:00:00
204,105,3.5,2025-04-22T12:00:00
381,153,4.4,2025-04-22T12:00:00
450,147,5.0,2025-04-22T12:00:00
3,17,3.1,2025-04-22T13:00:00
28,157,3.9,2025-04-22T13:00:00
39,165,4.8,2025-04-22T13:00:00
437,284,2.5,2025-04-22T13:00:00
317,208,2.7,2025-04-22T14:00:00
434,176,2.7,2025-04-22T14:00:00
58,142,4.4,2025-04-22T15:00:00
77,81,4.7,2025-04-22T15:00:00
223,211,4.3,2025-04-22T16:00:00
199,128,3.2,2025-04-22T17:00:00
386,250,3.7,2025-04-22T17:00:00
473,242,4.2,2025-04-22T17:00:00
253,216,3.7,2025-04-22T18:00:00
322,271,3.9,2025-04-22T18:00:00
352,139,4.8,2025-04-22T18:00:00
388,247,4.0,2025-04-22T18:00:00
90,74,3.1,2025-04-22T19:00:00
119,79,4.0,2025-04-22T19:00:00
152,42,3.9,2025-04-22T19:00:00
176,169,4.6,2025-04-22T19:00:00
230,182,4.3,2025-04-22T19:00:00
5,170,4.4,2025-04-22T20:00:00
19,275,4.9,2025-04-22T20:00:00
145,45,4.8,2025-04-22T20:00:00
305,280,3.4,2025-04-22T20:00:00
310,266,4.9,2025-04-22T20:00:00
356,265,5.0,2025-04-22T20:00:00
63,85,3.5,2025-04-22T21:00:00
93,266,2.6,2025-04-22T21:00:00
180,45,4.1,2025-04-22T21:00:00
269,198,5.0,2025-04-22T21:00:00
468,27,2.9,2025-04-22T21:00:00
69,164,4.3,2025-04-22T22:00:00
255,49,2.9,2025-04-22T22:00:00
274,226,3.9,2025-04-22T22:00:00
461,45,2.9,2025-04-22T22:00:00
488,94,3.3,2025-04-22T22:00:00
215,224,2.8,2025-04-22T23:00:00
234,5,3.3,2025-04-22T23:00:00
79,244,2.9,2025-04-23T00:00:00
276,67,2.4,2025-04-23T00:00:00
39,169,4.7,2025-04-23T01:00:00
99,142,4.7,2025-04-23T01:00:00
273,271,4.5,2025-04-23T01:00:00
330,220,3.1,2025-04-23T01:00:00
19,44,3.6,2025-04-23T02:00:00
32,141,2.5,2025-04-23T02:00:00
132,122,4.3,2025-04-23T02:00:00
163,73,5.0,2025-04-23T02:00:00
269,159,4.9,2025-04-23T02:00:00
137,102,4.1,2025-04-23T03:00:00
73,45,3.1,2025-04-23T04:00:00
151,168,3.2,2025-04-23T04:00:00
370,42,3.2,2025-04-23T04:00:00
487,283,4.8,2025-04-23T04:00:00
43,228,4.7,2025-04-23T05:00:00
206,10,3.2,2025-04-23T05:00:00
226,25,3.9,2025-04-23T05:00:00
256,277,3.0,2025-04-23T05:00:00
496,10,4.1,2025-04-23T05:00:00
66,174,4.4,2025-04-23T06:00:00
142,280,3.7,2025-04-23T06:00:00
212,238,2.7,2025-04-23T06:00:00
242,279,5.0,2025-04-23T06:00:00
253,209,3.4,2025-04-23T06:00:00
309,17,3.3,2025-04-23T06:00:00
457,196,3.5,2025-04-23T06:00:00
284,153,3.6,2025-04-23T07:00:00
49,124,3.9,2025-04-23T08:00:00
278,190,2.1,2025-04-23T08:00:00
485,267,4.4,2025-04-23T08:00:00
162,246,3.3,2025-04-23T10:00:00
194,83,4.7,2025-04-23T10:00:00
286,45,4.3,2025-04-23T10:00:00
130,257,3.6,2025-04-23T11:00:00
145,17,2.6,2025-04-23T11:00:00
417,164,3.4,2025-04-23T11:00:00
89,119,3.6,2025-04-23T12:00:00
470,298,4.3,2025-04-23T12:00:00
55,226,3.4,2025-04-23T13:00:00
70,278,4.3,2025-04-23T13:00:00
230,166,4.2,2025-04-23T13:00:00
290,72,3.7,2025-04-23T13:00:00
361,128,5.0,2025-04-23T14:00:00
444,121,4.6,2025-04-23T14:00:00
64,282,5.0,2025-04-23T15:00:00
81,129,4.0,2025-04-23T15:00:00
117,122,2.5,2025-04-23T15:00:00
10,18,2.6,2025-04-23T16:00:00
73,23,4.2,2025-04-23T16:00:00
137,111,4.6,2025-04-23T16:00:00
206,42,2.3,2025-04-23T16:00:00
269,165,4.8,2025-04-23T16:00:00
112,33,3.8,2025-04-23T17:00:00
405,165,3.5,2025-04-23T17:00:00
377,74,3.1,2025-04-23T18:00:00
389,4,3.5,2025-04-23T18:00:00
322,6,2.0,2025-04-23T19:00:00
439,265,3.1,2025-04-23T19:00:00
465,234,5.0,2025-04-23T19:00:00
40,18,3.8,2025-04-23T20:00:00
300,213,4.9,2025-04-23T20:00:00
491,243,3.9,2025-04-23T20:00:00
266,74,3.0,2025-04-23T21:00:00
284,178,3.2,2025-04-23T22:00:00
419,170,2.6,2025-04-23T22:00:00
457,1,3.6,2025-04-23T22:00:00
104,280,4.0,2025-04-23T23:00:00
146,255,4.2,2025-04-23T23:00:00
213,163,3.3,2025-04-23T23:00:00
222,164,5.0,2025-04-23T23:00:00
348,74,2.8,2025-04-23T23:00:00
132,94,5.0,2025-04-24T00:00:00
250,145,4.0,2025-04-24T00:00:00
347,157,3.9,2025-04-24T00:00:00
212,199,3.5,2025-04-24T01:00:00
357,205,3.2,2025-04-24T01:00:00
405,179,2.2,2025-04-24T01:00:00
257,212,4.3,2025-04-24T02:00:00
361,239,4.6,2025-04-24T02:00:00
384,247,2.8,2025-04-24T02:00:00
79,209,3.8,2025-04-24T03:00:00
91,37,5.0,2025-04-24T03:00:00
158,41,4.9,2025-04-24T03:00:00
323,48,2.7,2025-04-24T04:00:00
332,55,4.4,2025-04-24T04:00:00
341,171,3.2,2025-04-24T04:00:00
493,290,2.8,2025-04-24T04:00:00
186,49,3.3,2025-04-24T05:00:00
199,148,4.4,2025-04-24T05:00:00
288,75,4.1,2025-04-24T05:00:00
301,45,4.9,2025-04-24T05:00:00
457,3,3.1,2025-04-24T05:00:00
130,226,4.7,2025-04-24T06:00:00
254,74,4.2,2025-04-24T06:00:00
488,122,3.2,2025-04-24T06:00:00
43,225,2.5,2025-04-24T07:00:00
55,179,3.8,2025-04-24T07:00:00
354,227,4.8,2025-04-24T07:00:00
461,262,3.1,2025-04-24T07:00:00
491,76,4.2,2025-04-24T07:00:00
227,4,5.0,2025-04-24T08:00:00
234,241,4.3,2025-04-24T08:00:00
317,89,4.2,2025-04-24T08:00:00
347,92,4.7,2025-04-24T08:00:00
486,205,3.4,2025-04-24T08:00:00
83,242,3.8,2025-04-24T09:00:00
88,245,3.4,2025-04-24T09:00:00
104,6,5.0,2025-04-24T09:00:00
214,190,2.4,2025-04-24T09:00:00
269,164,5.0,2025-04-24T09:00:00
384,27,3.2,2025-04-24T09:00:00
468,5,3.1,2025-04-24T09:00:00
99,135,4.2,2025-04-24T10:00:00
171,50,4.5,2025-04-24T10:00:00
386,300,2.3,2025-04-24T10:00:00
172,232,3.4,2025-04-24T11:00:00
358,243,2.9,2025-04-24T11:00:00
436,176,3.4,2025-04-24T11:00:00
28,117,4.9,2025-04-24T12:00:00
278,31,5.0,2025-04-24T12:00:00
396,216,4.6,2025-04-24T12:00:00
434,44,4.3,2025-04-24T12:00:00
206,181,3.7,2025-04-24T13:00:00
39,89,3.2,2025-04-24T14:00:00
174,49,1.0,2025-04-24T14:00:00
273,218,4.6,2025-04-24T14:00:00
429,122,3.6,2025-04-24T14:00:00
360,169,5.0,2025-04-24T15:00:00
467,260,4.0,2025-04-24T15:00:00
472,9,4.2,2025-04-24T15:00:00
212,196,4.4,2025-04-24T16:00:00
352,5,2.8,2025-04-24T16:00:00
363,226,4.2,2025-04-24T16:00:00
458,5,4.3,2025-04-24T16:00:00
242,292,5.0,2025-04-24T17:00:00
245,206,4.9,2025-04-24T17:00:00
296,208,5.0,2025-04-24T17:00:00
445,178,4.5,2025-04-24T17:00:00
108,252,4.0,2025-04-24T18:00:00
131,243,3.9,2025-04-24T18:00:00
204,104,4.2,2025-04-24T18:00:00
399,47,4.7,2025-04-24T18:00:00
470,58,3.6,2025-04-24T18:00:00
35,59,5.0,2025-04-24T19:00:00
82,183,5.0,2025-04-24T19:00:00
124,255,5.0,2025-04-24T19:00:00
183,248,2.5,2025-04-24T19:00:00
160,299,4.3,2025-04-24T20:00:00
309,173,4.3,2025-04-24T20:00:00
332,77,4.3,2025-04-24T20:00:00
81,300,4.3,2025-04-24T21:00:00
223,223,4.0,2025-04-24T21:00:00
290,64,3.3,2025-04-24T21:00:00
453,184,3.7,2025-04-24T21:00:00
354,2,2.9,2025-04-24T22:00:00
370,72,4.4,2025-04-24T22:00:00
373,107,5.0,2025-04-24T22:00:00
461,11,2.7,2025-04-24T22:00:00
65,96,2.6,2025-04-24T23:00:00
93,122,2.8,2025-04-24T23:00:00
96,13,3.6,2025-04-24T23:00:00
182,8,3.2,2025-04-24T23:00:00
267,259,2.6,2025-04-24T23:00:00
58,111,4.0,2025-04-25T00:00:00
109,4,3.3,2025-04-25T01:00:00
257,213,5.0,2025-04-25T01:00:00
352,260,4.9,2025-04-25T01:00:00
417,161,4.8,2025-04-25T01:00:00
284,158,3.0,2025-04-25T02:00:00
485,172,5.0,2025-04-25T03:00:00
79,252,4.1,2025-04-25T04:00:00
152,123,4.6,2025-04-25T05:00:00
226,280,2.9,2025-04-25T05:00:00
69,178,5.0,2025-04-25T06:00:00
160,216,4.2,2025-04-25T06:00:00
183,20,2.8,2025-04-25T06:00:00
458,4,3.5,2025-04-25T06:00:00
461,44,3.1,2025-04-25T06:00:00
75,209,4.4,2025-04-25T07:00:00
113,278,3.9,2025-04-25T07:00:00
176,249,3.3,2025-04-25T07:00:00
389,249,4.4,2025-04-25T07:00:00
496,29,4.1,2025-04-25T08:00:00
454,90,4.0,2025-04-25T09:00:00
155,286,3.7,2025-04-25T10:00:00
310,286,3.1,2025-04-25T10:00:00
358,204,2.7,2025-04-25T10:00:00
77,291,2.1,2025-04-25T11:00:00
222,187,4.5,2025-04-25T11:00:00
361,276,3.6,2025-04-25T12:00:00
19,283,4.2,2025-04-25T13:00:00
35,63,4.1,2025-04-25T13:00:00
113,17,2.1,2025-04-25T13:00:00
337,89,3.6,2025-04-25T13:00:00
388,198,4.4,2025-04-25T13:00:00
496,50,4.5,2025-04-25T13:00:00
4,274,4.4,2025-04-25T14:00:00
273,209,4.3,2025-04-25T14:00:00
439,208,3.0,2025-04-25T14:00:00
227,122,4.4,2025-04-25T15:00:00
356,263,5.0,2025-04-25T15:00:00
434,209,2.6,2025-04-25T15:00:00
464,89,4.5,2025-04-25T15:00:00
305,188,3.6,2025-04-25T16:00:00
479,102,4.3,2025-04-25T16:00:00
32,74,4.2,2025-04-25T17:00:00
222,233,5.0,2025-04-25T17:00:00
437,17,3.3,2025-04-25T17:00:00
53,273,4.5,2025-04-25T18:00:00
90,126,4.3,2025-04-25T18:00:00
196,275,4.3,2025-04-25T18:00:00
309,166,3.9,2025-04-25T18:00:00
380,243,5.0,2025-04-25T18:00:00
470,280,3.7,2025-04-25T18:00:00
109,31,3.3,2025-04-25T19:00:00
276,271,2.8,2025-04-25T19:00:00
450,74,3.7,2025-04-25T19:00:00
267,203,3.5,2025-04-25T21:00:00
301,158,5.0,2025-04-25T21:00:00
388,160,3.7,2025-04-25T21:00:00
360,165,3.3,2025-04-25T22:00:00
468,40,4.1,2025-04-25T22:00:00
34,46,3.6,2025-04-25T23:00:00
186,45,4.2,2025-04-25T23:00:00
212,216,2.7,2025-04-25T23:00:00
230,262,2.7,2025-04-25T23:00:00
253,153,3.8,2025-04-25T23:00:00
256,146,3.4,2025-04-25T23:00:00
286,190,4.7,2025-04-25T23:00:00
310,295,4.5,2025-04-25T23:00:00
399,26,4.3,2025-04-25T23:00:00
436,147,2.3,2025-04-25T23:00:00
163,81,5.0,2025-04-26T00:00:00
64,182,4.7,2025-04-26T01:00:00
266,111,3.5,2025-04-26T01:00:00
405,189,3.3,2025-04-26T01:00:00
5,216,5.0,2025-04-26T02:00:00
39,55,3.1,2025-04-26T02:00:00
245,147,5.0,2025-04-26T02:00:00
322,164,4.3,2025-04-26T02:00:00
225,187,4.4,2025-04-26T04:00:00
341,165,4.6,2025-04-26T04:00:00
360,158,3.3,2025-04-26T04:00:00
70,202,3.2,2025-04-26T05:00:00
487,286,5.0,2025-04-26T05:00:00
3,74,3.4,2025-04-26T06:00:00
206,222,3.3,2025-04-26T06:00:00
250,108,3.7,2025-04-26T06:00:00
113,70,3.9,2025-04-26T07:00:00
199,249,3.1,2025-04-26T07:00:00
232,159,4.0,2025-04-26T07:00:00
253,90,3.8,2025-04-26T07:00:00
343,266,3.2,2025-04-26T07:00:00
348,292,4.4,2025-04-26T07:00:00
63,296,3.0,2025-04-26T08:00:00
69,169,5.0,2025-04-26T08:00:00
88,18,2.7,2025-04-26T08:00:00
112,20,3.0,2025-04-26T08:00:00
194,144,5.0,2025-04-26T08:00:00
66,266,2.8,2025-04-26T11:00:00
119,29,4.3,2025-04-26T11:00:00
158,30,3.1,2025-04-26T11:00:00
254,189,3.6,2025-04-26T11:00:00
357,35,3.3,2025-04-26T11:00:00
363,212,3.1,2025-04-26T11:00:00
419,204,4.0,2025-04-26T11:00:00
96,102,4.6,2025-04-26T12:00:00
174,217,2.9,2025-04-26T12:00:00
214,207,1.6,2025-04-26T12:00:00
242,161,5.0,2025-04-26T12:00:00
381,197,4.5,2025-04-26T12:00:00
396,10,5.0,2025-04-26T12:00:00
5,231,4.6,2025-04-26T13:00:00
234,74,2.4,2025-04-26T13:00:00
464,165,4.7,2025-04-26T13:00:00
465,210,5.0,2025-04-26T13:00:00
473,247,3.7,2025-04-26T13:00:00
132,87,4.6,2025-04-26T16:00:00
160,232,4.1,2025-04-26T17:00:00
457,178,3.1,2025-04-26T17:00:00
92,161,5.0,2025-04-26T18:00:00
93,239,3.8,2025-04-26T18:00:00
145,70,3.4,2025-04-26T18:00:00
163,162,4.8,2025-04-26T18:00:00
166,96,3.8,2025-04-26T18:00:00
49,154,3.3,2025-04-26T19:00:00
330,74,3.3,2025-04-26T19:00:00
352,137,5.0,2025-04-26T19:00:00
399,4,5.0,2025-04-26T19:00:00
5,6,3.4,2025-04-26T20:00:00
102,122,4.2,2025-04-26T20:00:00
142,74,4.3,2025-04-26T20:00:00
317,209,3.2,2025-04-26T20:00:00
377,5,4.6,2025-04-26T20:00:00
381,267,3.0,2025-04-26T20:00:00
171,26,4.7,2025-04-26T21:00:00
457,74,3.2,2025-04-26T21:00:00
53,27,3.5,2025-04-26T22:00:00
151,257,3.9,2025-04-26T22:00:00
429,193,4.1,2025-04-26T22:00:00
444,145,4.7,2025-04-26T22:00:00
472,74,3.2,2025-04-26T22:00:00
273,3,2.8,2025-04-26T23:00:00
81,141,4.9,2025-04-27T01:00:00
91,31,5.0,2025-04-27T01:00:00
493,87,4.4,2025-04-27T01:00:00
10,155,3.3,2025-04-27T03:00:00
99,134,4.2,2025-04-27T03:00:00
380,246,4.2,2025-04-27T03:00:00
473,208,4.8,2025-04-27T03:00:00
117,189,3.4,2025-04-27T04:00:00
28,128,4.5,2025-04-27T05:00:00
65,177,2.5,2025-04-27T05:00:00
354,102,3.8,2025-04-27T05:00:00
445,153,5.0,2025-04-27T05:00:00
146,252,3.6,2025-04-27T06:00:00
205,123,4.2,2025-04-27T06:00:00
356,126,4.5,2025-04-27T06:00:00
70,257,4.4,2025-04-27T07:00:00
73,161,3.5,2025-04-27T07:00:00
89,148,4.2,2025-04-27T07:00:00
104,87,4.6,2025-04-27T07:00:00
284,193,3.4,2025-04-27T07:00:00
323,164,1.4,2025-04-27T07:00:00
53,122,3.1,2025-04-27T10:00:00
300,244,3.8,2025-04-27T10:00:00
352,132,4.9,2025-04-27T10:00:00
360,172,4.0,2025-04-27T10:00:00
468,48,5.0,2025-04-27T10:00:00
491,89,4.0,2025-04-27T10:00:00
467,288,4.1,2025-04-27T11:00:00
58,74,4.4,2025-04-27T12:00:00
182,266,3.6,2025-04-27T12:00:00
232,174,5.0,2025-04-27T12:00:00
290,148,3.4,2025-04-27T12:00:00
470,163,3.7,2025-04-27T12:00:00
40,79,3.2,2025-04-27T13:00:00
124,209,3.5,2025-04-27T13:00:00
330,217,4.4,2025-04-27T13:00:00
479,120,5.0,2025-04-27T13:00:00
486,202,2.1,2025-04-27T13:00:00
43,239,3.5,2025-04-27T14:00:00
70,292,3.8,2025-04-27T14:00:00
223,97,4.0,2025-04-27T14:00:00
444,260,3.8,2025-04-27T14:00:00
63,32,3.6,2025-04-27T15:00:00
225,223,2.7,2025-04-27T15:00:00
341,193,3.1,2025-04-27T15:00:00
496,42,3.1,2025-04-27T15:00:00
90,142,4.3,2025-04-27T17:00:00
130,122,2.5,2025-04-27T17:00:00
332,73,5.0,2025-04-27T17:00:00
357,210,2.0,2025-04-27T17:00:00
429,286,4.3,2025-04-27T17:00:00
83,249,5.0,2025-04-27T18:00:00
269,175,4.6,2025-04-27T18:00:00
370,197,3.0,2025-04-27T18:00:00
388,188,4.6,2025-04-27T18:00:00
152,226,5.0,2025-04-27T19:00:00
213,171,4.0,2025-04-27T19:00:00
223,187,3.3,2025-04-27T19:00:00
341,176,2.4,2025-04-27T19:00:00
363,246,2.8,2025-04-27T19:00:00
417,165,3.9,2025-04-27T19:00:00
458,179,4.0,2025-04-27T19:00:00
479,148,5.0,2025-04-27T19:00:00
96,119,4.1,2025-04-27T20:00:00
151,162,4.0,2025-04-27T20:00:00
163,208,5.0,2025-04-27T20:00:00
219,136,5.0,2025-04-27T20:00:00
226,41,3.2,2025-04-27T20:00:00
296,247,3.5,2025-04-27T20:00:00
358,213,3.0,2025-04-27T20:00:00
389,44,5.0,2025-04-27T20:00:00
457,157,3.5,2025-04-27T20:00:00
357,74,1.9,2025-04-27T21:00:00
377,35,4.0,2025-04-27T21:00:00
39,273,2.7,2025-04-27T22:00:00
45,258,4.2,2025-04-27T22:00:00
79,97,2.5,2025-04-27T23:00:00
152,227,4.8,2025-04-27T23:00:00
212,205,2.9,2025-04-27T23:00:00
55,266,2.0,2025-04-28T00:00:00
267,176,4.7,2025-04-28T00:00:00
288,249,3.1,2025-04-28T00:00:00
373,108,5.0,2025-04-28T00:00:00
171,182,4.6,2025-04-28T01:00:00
276,214,3.8,2025-04-28T01:00:00
484,216,5.0,2025-04-28T01:00:00
4,267,4.1,2025-04-28T02:00:00
89,267,2.8,2025-04-28T02:00:00
119,200,4.3,2025-04-28T02:00:00
146,180,3.7,2025-04-28T02:00:00
205,196,3.5,2025-04-28T02:00:00
269,155,5.0,2025-04-28T02:00:00
377,48,3.7,2025-04-28T02:00:00
488,74,2.7,2025-04-28T02:00:00
49,1,4.8,2025-04-28T03:00:00
160,17,3.2,2025-04-28T03:00:00
176,271,3.5,2025-04-28T03:00:00
196,213,3.5,2025-04-28T03:00:00
464,206,2.2,2025-04-28T03:00:00
28,260,2.1,2025-04-28T04:00:00
117,231,3.8,2025-04-28T04:00:00
454,94,3.7,2025-04-28T04:00:00
323,231,2.7,2025-04-28T05:00:00
450,45,3.2,2025-04-28T05:00:00
467,209,3.3,2025-04-28T05:00:00
479,140,4.5,2025-04-28T05:00:00
171,179,4.3,2025-04-28T06:00:00
202,74,5.0,2025-04-28T06:00:00
491,57,4.2,2025-04-28T06:00:00
4,252,3.0,2025-04-28T08:00:00
28,277,2.9,2025-04-28T08:00:00
112,26,4.2,2025-04-28T08:00:00
131,292,3.1,2025-04-28T08:00:00
301,74,4.2,2025-04-28T08:00:00
305,183,4.1,2025-04-28T08:00:00
492,178,3.7,2025-04-28T08:00:00
278,258,4.2,2025-04-28T09:00:00
384,282,3.3,2025-04-28T09:00:00
73,162,3.6,2025-04-28T10:00:00
104,112,5.0,2025-04-28T10:00:00
119,17,4.6,2025-04-28T10:00:00
194,91,4.7,2025-04-28T10:00:00
273,238,2.8,2025-04-28T10:00:00
453,155,2.5,2025-04-28T10:00:00
470,290,3.5,2025-04-28T10:00:00
32,79,3.9,2025-04-28T11:00:00
163,209,4.9,2025-04-28T11:00:00
381,166,4.7,2025-04-28T11:00:00
485,74,3.6,2025-04-28T11:00:00
35,158,4.6,2025-04-28T12:00:00
131,155,3.3,2025-04-28T12:00:00
309,98,3.1,2025-04-28T12:00:00
317,56,4.0,2025-04-28T12:00:00
461,68,3.1,2025-04-28T12:00:00
219,66,4.1,2025-04-28T13:00:00
322,216,4.2,2025-04-28T13:00:00
487,45,3.8,2025-04-28T13:00:00
81,62,5.0,2025-04-28T15:00:00
82,166,4.4,2025-04-28T15:00:00
158,18,4.3,2025-04-28T16:00:00
205,74,2.9,2025-04-28T16:00:00
64,267,4.7,2025-04-28T17:00:00
75,249,4.5,2025-04-28T17:00:00
183,44,3.8,2025-04-28T17:00:00
115,4,3.7,2025-04-28T18:00:00
323,205,4.2,2025-04-28T18:00:00
417,162,4.5,2025-04-28T18:00:00
436,178,3.9,2025-04-28T18:00:00
88,45,3.0,2025-04-28T19:00:00
130,240,4.5,2025-04-28T19:00:00
151,105,4.3,2025-04-28T19:00:00
470,209,2.6,2025-04-28T19:00:00
250,238,2.5,2025-04-28T20:00:00
343,252,4.0,2025-04-28T20:00:00
437,29,3.3,2025-04-28T20:00:00
19,196,4.0,2025-04-28T21:00:00
96,58,3.9,2025-04-28T21:00:00
254,58,3.6,2025-04-28T21:00:00
337,82,5.0,2025-04-28T21:00:00
202,147,4.9,2025-04-28T22:00:00
257,217,5.0,2025-04-28T22:00:00
300,38,3.8,2025-04-28T22:00:00
363,291,2.1,2025-04-28T22:00:00
199,98,3.0,2025-04-28T23:00:00
332,75,4.2,2025-04-28T23:00:00
142,145,4.0,2025-04-29T00:00:00
155,279,4.7,2025-04-29T01:00:00
253,84,4.7,2025-04-29T01:00:00
310,246,2.7,2025-04-29T01:00:00
493,92,4.2,2025-04-29T02:00:00
230,162,3.6,2025-04-29T03:00:00
396,44,4.2,2025-04-29T03:00:00
405,170,2.8,2025-04-29T03:00:00
487,296,5.0,2025-04-29T03:00:00
348,209,3.1,2025-04-29T04:00:00
352,75,3.9,2025-04-29T04:00:00
464,176,4.6,2025-04-29T04:00:00
34,45,3.6,2025-04-29T05:00:00
227,54,5.0,2025-04-29T05:00:00
358,96,2.4,2025-04-29T05:00:00
115,165,3.8,2025-04-29T06:00:00
155,291,4.0,2025-04-29T06:00:00
266,109,4.7,2025-04-29T06:00:00
273,102,2.5,2025-04-29T06:00:00
35,45,4.2,2025-04-29T07:00:00
196,219,2.4,2025-04-29T07:00:00
488,237,4.4,2025-04-29T07:00:00
19,271,4.0,2025-04-29T08:00:00
65,31,2.6,2025-04-29T08:00:00
163,64,5.0,2025-04-29T08:00:00
186,2,4.0,2025-04-29T08:00:00
206,186,4.0,2025-04-29T08:00:00
286,179,3.7,2025-04-29T08:00:00
34,29,4.0,2025-04-29T09:00:00
77,106,4.4,2025-04-29T09:00:00
439,12,4.1,2025-04-29T10:00:00
83,243,3.9,2025-04-29T11:00:00
166,58,4.6,2025-04-29T12:00:00
361,126,5.0,2025-04-29T12:00:00
436,189,2.7,2025-04-29T12:00:00
330,178,3.3,2025-04-29T13:00:00
434,51,5.0,2025-04-29T13:00:00
63,281,4.2,2025-04-29T14:00:00
102,288,2.4,2025-04-29T14:00:00
34,6,3.5,2025-04-29T15:00:00
53,292,3.0,2025-04-29T15:00:00
493,67,3.9,2025-04-29T15:00:00
132,209,4.4,2025-04-29T16:00:00
145,55,2.5,2025-04-29T16:00:00
3,244,4.4,2025-04-29T17:00:00
5,161,4.1,2025-04-29T17:00:00
69,189,5.0,2025-04-29T17:00:00
83,248,5.0,2025-04-29T17:00:00
131,150,2.9,2025-04-29T17:00:00
65,289,3.0,2025-04-29T18:00:00
151,17,3.8,2025-04-29T18:00:00
214,252,2.4,2025-04-29T18:00:00
380,165,4.4,2025-04-29T18:00:00
113,90,4.2,2025-04-29T19:00:00
146,271,5.0,2025-04-29T19:00:00
245,17,3.5,2025-04-29T19:00:00
256,165,4.3,2025-04-29T19:00:00
269,169,4.5,2025-04-29T19:00:00
389,262,2.6,2025-04-29T19:00:00
492,242,3.3,2025-04-29T19:00:00
43,244,3.8,2025-04-29T20:00:00
276,261,2.1,2025-04-29T21:00:00
361,267,4.2,2025-04-29T21:00:00
66,74,2.8,2025-04-29T22:00:00
373,187,3.9,2025-04-29T23:00:00
486,74,2.8,2025-04-29T23:00:00
83,225,4.7,2025-04-30T00:00:00
152,245,5.0,2025-04-30T00:00:00
242,249,4.7,2025-04-30T00:00:00
28,288,2.3,2025-04-30T01:00:00
39,17,3.7,2025-04-30T01:00:00
63,270,5.0,2025-04-30T01:00:00
183,38,4.2,2025-04-30T01:00:00
354,6,3.5,2025-04-30T01:00:00
360,193,5.0,2025-04-30T01:00:00
368,39,3.9,2025-04-30T01:00:00
465,201,5.0,2025-04-30T01:00:00
91,9,5.0,2025-04-30T02:00:00
131,287,4.2,2025-04-30T02:00:00
75,122,4.6,2025-04-30T03:00:00
142,54,4.6,2025-04-30T03:00:00
171,300,3.7,2025-04-30T03:00:00
194,263,4.5,2025-04-30T03:00:00
363,234,3.0,2025-04-30T03:00:00
174,239,3.3,2025-04-30T04:00:00
225,182,4.8,2025-04-30T04:00:00
309,196,4.5,2025-04-30T04:00:00
454,55,3.9,2025-04-30T04:00:00
472,28,4.1,2025-04-30T04:00:00
166,267,3.2,2025-04-30T05:00:00
267,55,3.1,2025-04-30T05:00:00
444,102,4.3,2025-04-30T05:00:00
473,209,4.9,2025-04-30T05:00:00
79,223,4.2,2025-04-30T06:00:00
93,13,3.7,2025-04-30T06:00:00
284,276,2.5,2025-04-30T06:00:00
377,6,4.7,2025-04-30T06:00:00
419,162,3.6,2025-04-30T08:00:00
4,52,3.4,2025-04-30T10:00:00
132,55,4.9,2025-04-30T10:00:00
242,182,5.0,2025-04-30T10:00:00
389,91,3.1,2025-04-30T10:00:00
491,94,3.8,2025-04-30T10:00:00
40,70,4.1,2025-04-30T11:00:00
55,164,5.0,2025-04-30T11:00:00
296,245,4.2,2025-04-30T11:00:00
399,183,3.6,2025-04-30T11:00:00
49,29,3.8,2025-04-30T12:00:00
91,213,5.0,2025-04-30T12:00:00
223,204,3.8,2025-04-30T12:00:00
472,19,3.2,2025-04-30T12:00:00
182,161,2.8,2025-04-30T13:00:00
202,209,3.4,2025-04-30T13:00:00
214,154,2.4,2025-04-30T13:00:00
310,259,4.0,2025-04-30T13:00:00
53,300,5.0,2025-04-30T14:00:00
82,172,3.5,2025-04-30T14:00:00
88,88,3.7,2025-04-30T14:00:00
357,5,3.7,2025-04-30T14:00:00
370,251,3.0,2025-04-30T14:00:00
264,209,4.2,2025-04-30T15:00:00
322,267,4.7,2025-04-30T15:00:00
337,189,2.3,2025-04-30T15:00:00
301,200,4.8,2025-04-30T16:00:00
485,164,4.5,2025-04-30T16:00:00
92,122,4.4,2025-04-30T17:00:00
99,102,4.8,2025-04-30T17:00:00
290,155,3.2,2025-04-30T17:00:00
305,193,4.9,2025-04-30T17:00:00
439,87,2.1,2025-04-30T17:00:00
45,122,4.2,2025-04-30T18:00:00
115,180,4.3,2025-04-30T18:00:00
206,177,5.0,2025-04-30T18:00:00
399,46,3.4,2025-04-30T18:00:00
467,188,2.4,2025-04-30T18:00:00
163,213,3.5,2025-04-30T19:00:00
487,273,4.2,2025-04-30T19:00:00
284,185,3.9,2025-04-30T20:00:00
327,74,5.0,2025-04-30T20:00:00
39,167,4.2,2025-04-30T21:00:00
360,209,3.1,2025-04-30T21:00:00
34,48,3.8,2025-04-30T22:00:00
119,177,5.0,2025-04-30T22:00:00
171,266,2.9,2025-04-30T22:00:00
288,70,4.2,2025-04-30T22:00:00
10,14,3.8,2025-04-30T23:00:00
124,270,3.7,2025-04-30T23:00:00
160,211,4.1,2025-04-30T23:00:00
269,157,4.8,2025-04-30T23:00:00
69,198,4.5,2025-05-01T00:00:00
146,209,3.3,2025-05-01T00:00:00
450,107,4.6,2025-05-01T00:00:00
453,42,3.0,2025-05-01T00:00:00
112,146,2.4,2025-05-01T01:00:00
176,189,3.7,2025-05-01T01:00:00
417,172,5.0,2025-05-01T01:00:00
458,221,4.4,2025-05-01T01:00:00
493,80,3.2,2025-05-01T01:00:00
55,165,4.9,2025-05-01T02:00:00
81,89,5.0,2025-05-01T02:00:00
250,222,3.3,2025-05-01T02:00:00
305,162,3.9,2025-05-01T02:00:00
445,175,4.4,2025-05-01T02:00:00
40,9,3.6,2025-05-01T03:00:00
58,89,4.8,2025-05-01T03:00:00
479,103,5.0,2025-05-01T03:00:00
496,163,3.2,2025-05-01T03:00:00
10,30,3.4,2025-05-01T04:00:00
64,273,4.9,2025-05-01T04:00:00
132,198,4.1,2025-05-01T04:00:00
213,153,2.6,2025-05-01T04:00:00
257,235,4.0,2025-05-01T04:00:00
264,271,4.4,2025-05-01T04:00:00
301,5,5.0,2025-05-01T04:00:00
330,245,4.4,2025-05-01T05:00:00
341,273,1.8,2025-05-01T05:00:00
39,108,4.9,2025-05-01T06:00:00
112,5,3.9,2025-05-01T06:00:00
131,297,4.7,2025-05-01T06:00:00
145,18,3.3,2025-05-01T06:00:00
83,202,5.0,2025-05-01T07:00:00
194,150,5.0,2025-05-01T07:00:00
360,156,4.7,2025-05-01T07:00:00
381,183,4.3,2025-05-01T07:00:00
373,102,4.6,2025-05-01T08:00:00
419,188,4.6,2025-05-01T08:00:00
468,180,2.6,2025-05-01T08:00:00
65,13,3.3,2025-05-01T09:00:00
496,40,4.2,2025-05-01T09:00:00
66,179,4.3,2025-05-01T10:00:00
69,196,4.0,2025-05-01T10:00:00
124,279,3.3,2025-05-01T10:00:00
226,179,2.1,2025-05-01T10:00:00
348,250,3.6,2025-05-01T10:00:00
436,74,2.9,2025-05-01T10:00:00
227,129,3.5,2025-05-01T11:00:00
242,272,5.0,2025-05-01T11:00:00
278,39,3.1,2025-05-01T11:00:00
310,38,4.6,2025-05-01T11:00:00
322,266,3.4,2025-05-01T11:00:00
381,162,4.8,2025-05-01T11:00:00
399,17,4.8,2025-05-01T11:00:00
484,222,4.8,2025-05-01T11:00:00
32,214,3.0,2025-05-01T12:00:00
223,66,3.7,2025-05-01T12:00:00
341,200,3.7,2025-05-01T12:00:00
130,231,3.4,2025-05-01T13:00:00
196,149,5.0,2025-05-01T13:00:00
253,278,2.8,2025-05-01T13:00:00
354,200,4.1,2025-05-01T13:00:00
444,133,4.6,2025-05-01T13:00:00
457,36,3.5,2025-05-01T14:00:00
99,261,3.6,2025-05-01T15:00:00
429,299,3.6,2025-05-01T15:00:00
81,72,5.0,2025-05-01T16:00:00
96,106,5.0,2025-05-01T16:00:00
399,275,3.7,2025-05-01T16:00:00
90,269,2.7,2025-05-01T17:00:00
254,157,3.7,2025-05-01T17:00:00
332,25,3.4,2025-05-01T17:00:00
388,182,4.5,2025-05-01T17:00:00
225,152,4.4,2025-05-01T18:00:00
358,223,2.6,2025-05-01T18:00:00
434,64,4.0,2025-05-01T18:00:00
444,142,5.0,2025-05-01T18:00:00
82,63,4.2,2025-05-01T19:00:00
89,189,2.3,2025-05-01T19:00:00
286,182,4.4,2025-05-01T19:00:00
437,21,4.9,2025-05-01T19:00:00
461,24,3.3,2025-05-01T19:00:00
79,74,3.2,2025-05-01T20:00:00
453,194,3.6,2025-05-01T20:00:00
464,155,3.7,2025-05-01T20:00:00
43,224,3.6,2025-05-01T21:00:00
368,5,4.1,2025-05-01T21:00:00
158,36,4.0,2025-05-01T22:00:00
186,42,4.9,2025-05-01T22:00:00
219,164,3.7,2025-05-01T22:00:00
266,102,3.9,2025-05-01T23:00:00
28,148,4.0,2025-05-02T00:00:00
121,273,3.2,2025-05-02T01:00:00
296,164,3.3,2025-05-02T01:00:00
434,48,3.7,2025-05-02T01:00:00
130,65,2.1,2025-05-02T02:00:00
354,221,5.0,2025-05-02T02:00:00
363,277,3.2,2025-05-02T02:00:00
73,183,3.9,2025-05-02T03:00:00
199,75,3.3,2025-05-02T03:00:00
263,249,5.0,2025-05-02T03:00:00
276,160,1.1,2025-05-02T03:00:00
341,167,4.4,2025-05-02T03:00:00
34,32,4.9,2025-05-02T04:00:00
102,16,2.4,2025-05-02T04:00:00
112,228,4.1,2025-05-02T04:00:00
384,260,4.1,2025-05-02T04:00:00
155,277,4.5,2025-05-02T05:00:00
104,121,4.9,2025-05-02T06:00:00
396,89,3.6,2025-05-02T06:00:00
250,2,2.4,2025-05-02T07:00:00
320,29,3.5,2025-05-02T07:00:00
93,55,2.9,2025-05-02T08:00:00
363,240,3.7,2025-05-02T08:00:00
380,31,3.4,2025-05-02T08:00:00
433,18,4.2,2025-05-02T08:00:00
230,164,3.3,2025-05-02T09:00:00
256,268,3.4,2025-05-02T09:00:00
10,44,3.6,2025-05-02T10:00:00
35,285,3.6,2025-05-02T10:00:00
152,218,4.7,2025-05-02T10:00:00
163,29,4.3,2025-05-02T10:00:00
317,233,2.7,2025-05-02T10:00:00
253,271,3.2,2025-05-02T11:00:00
146,284,5.0,2025-05-02T12:00:00
361,249,3.3,2025-05-02T12:00:00
429,277,4.8,2025-05-02T12:00:00
45,121,4.8,2025-05-02T13:00:00
267,191,5.0,2025-05-02T13:00:00
273,122,3.8,2025-05-02T13:00:00
323,5,1.7,2025-05-02T13:00:00
317,223,3.5,2025-05-02T14:00:00
343,256,4.8,2025-05-02T14:00:00
88,218,2.3,2025-05-02T15:00:00
205,150,4.0,2025-05-02T15:00:00
99,278,4.0,2025-05-02T16:00:00
485,197,5.0,2025-05-02T16:00:00
488,62,2.2,2025-05-02T16:00:00
102,141,2.8,2025-05-02T17:00:00
176,279,3.2,2025-05-02T17:00:00
242,289,5.0,2025-05-02T17:00:00
434,87,3.9,2025-05-02T17:00:00
337,79,3.9,2025-05-02T18:00:00
290,62,2.8,2025-05-02T19:00:00
470,258,4.1,2025-05-02T19:00:00
349,17,4.5,2025-05-02T20:00:00
28,48,2.0,2025-05-02T21:00:00
174,185,2.0,2025-05-02T21:00:00
269,122,3.9,2025-05-02T21:00:00
5,219,4.8,2025-05-02T22:00:00
182,45,3.9,2025-05-02T22:00:00
142,149,4.2,2025-05-02T23:00:00
330,202,4.3,2025-05-02T23:00:00
486,57,1.7,2025-05-03T00:00:00
58,177,4.1,2025-05-03T01:00:00
384,22,3.0,2025-05-03T01:00:00
389,49,5.0,2025-05-03T01:00:00
405,238,2.3,2025-05-03T02:00:00
473,212,4.6,2025-05-03T02:00:00
64,55,4.4,2025-05-03T03:00:00
99,157,4.2,2025-05-03T03:00:00
290,209,1.7,2025-05-03T03:00:00
332,48,2.6,2025-05-03T03:00:00
396,218,4.4,2025-05-03T03:00:00
450,145,4.2,2025-05-03T03:00:00
40,61,3.1,2025-05-03T04:00:00
226,196,1.6,2025-05-03T04:00:00
245,150,4.6,2025-05-03T04:00:00
322,259,3.3,2025-05-03T04:00:00
202,122,4.5,2025-05-03T05:00:00
214,79,2.5,2025-05-03T05:00:00
227,27,4.2,2025-05-03T05:00:00
388,183,4.4,2025-05-03T05:00:00
484,210,3.9,2025-05-03T05:00:00
77,165,3.8,2025-05-03T06:00:00
310,291,4.7,2025-05-03T06:00:00
348,162,3.0,2025-05-03T06:00:00
354,219,4.5,2025-05-03T06:00:00
206,152,3.0,2025-05-03T07:00:00
465,246,4.9,2025-05-03T07:00:00
370,90,3.3,2025-05-03T08:00:00
358,73,1.8,2025-05-03T09:00:00
467,46,3.1,2025-05-03T09:00:00
492,209,4.1,2025-05-03T09:00:00
75,203,4.6,2025-05-03T10:00:00
142,87,4.0,2025-05-03T10:00:00
357,222,2.7,2025-05-03T10:00:00
96,82,3.8,2025-05-03T11:00:00
81,115,4.5,2025-05-03T12:00:00
91,45,5.0,2025-05-03T13:00:00
99,249,2.6,2025-05-03T13:00:00
182,49,3.3,2025-05-03T13:00:00
399,50,5.0,2025-05-03T13:00:00
417,198,4.4,2025-05-03T13:00:00
491,96,5.0,2025-05-03T13:00:00
296,29,3.4,2025-05-03T14:00:00
437,18,4.3,2025-05-03T14:00:00
488,164,2.6,2025-05-03T14:00:00
496,22,3.3,2025-05-03T14:00:00
45,141,4.3,2025-05-03T15:00:00
309,129,3.5,2025-05-03T15:00:00
419,218,4.0,2025-05-03T15:00:00
4,288,3.1,2025-05-03T16:00:00
63,269,3.6,2025-05-03T16:00:00
89,145,3.2,2025-05-03T16:00:00
113,120,4.3,2025-05-03T16:00:00
223,245,3.1,2025-05-03T16:00:00
357,209,3.5,2025-05-03T16:00:00
454,86,4.5,2025-05-03T16:00:00
53,256,5.0,2025-05-03T17:00:00
343,267,2.5,2025-05-03T17:00:00
472,29,3.8,2025-05-03T17:00:00
124,288,3.4,2025-05-03T18:00:00
151,147,5.0,2025-05-03T18:00:00
327,55,5.0,2025-05-03T18:00:00
377,21,4.9,2025-05-03T18:00:00
35,163,4.7,2025-05-03T19:00:00
145,49,4.5,2025-05-03T19:00:00
183,2,4.1,2025-05-03T20:00:00
91,33,5.0,2025-05-03T21:00:00
115,154,3.2,2025-05-03T21:00:00
166,108,2.6,2025-05-03T21:00:00
458,58,4.1,2025-05-03T21:00:00
32,227,3.1,2025-05-03T22:00:00
348,271,4.8,2025-05-03T22:00:00
445,191,4.0,2025-05-03T22:00:00
39,151,4.4,2025-05-03T23:00:00
65,268,2.8,2025-05-03T23:00:00
119,180,4.6,2025-05-03T23:00:00
143,250,4.3,2025-05-03T23:00:00
464,178,4.2,2025-05-03T23:00:00
488,223,4.1,2025-05-03T23:00:00
49,42,5.0,2025-05-04T00:00:00
83,217,5.0,2025-05-04T00:00:00
266,172,3.1,2025-05-04T00:00:00
388,172,2.9,2025-05-04T00:00:00
454,60,3.3,2025-05-04T00:00:00
493,122,3.4,2025-05-04T00:00:00
145,22,3.5,2025-05-04T01:00:00
473,217,4.3,2025-05-04T01:00:00
151,10,4.0,2025-05-04T02:00:00
92,174,3.3,2025-05-04T03:00:00
155,270,4.3,2025-05-04T03:00:00
171,140,3.3,2025-05-04T03:00:00
256,250,3.9,2025-05-04T03:00:00
276,252,4.3,2025-05-04T03:00:00
286,99,3.7,2025-05-04T03:00:00
399,236,3.1,2025-05-04T03:00:00
55,242,4.2,2025-05-04T04:00:00
273,245,3.6,2025-05-04T05:00:00
464,56,4.2,2025-05-04T05:00:00
479,141,4.5,2025-05-04T05:00:00
373,123,5.0,2025-05-04T06:00:00
90,129,4.9,2025-05-04T07:00:00
132,255,4.1,2025-05-04T07:00:00
81,5,4.1,2025-05-04T08:00:00
124,275,4.1,2025-05-04T08:00:00
131,275,3.3,2025-05-04T08:00:00
263,209,4.7,2025-05-04T08:00:00
322,240,3.8,2025-05-04T08:00:00
390,126,5.0,2025-05-04T08:00:00
445,160,3.7,2025-05-04T08:00:00
219,122,3.2,2025-05-04T09:00:00
278,55,3.4,2025-05-04T09:00:00
357,4,4.8,2025-05-04T09:00:00
401,266,4.1,2025-05-04T09:00:00
467,160,2.2,2025-05-04T09:00:00
69,70,4.2,2025-05-04T10:00:00
96,85,3.7,2025-05-04T10:00:00
160,203,3.4,2025-05-04T11:00:00
250,73,2.8,2025-05-04T11:00:00
284,162,2.5,2025-05-04T11:00:00
461,34,2.4,2025-05-04T11:00:00
130,150,3.7,2025-05-04T12:00:00
487,122,2.7,2025-05-04T12:00:00
35,174,4.6,2025-05-04T13:00:00
360,270,2.0,2025-05-04T13:00:00
152,223,4.9,2025-05-04T14:00:00
264,246,5.0,2025-05-04T14:00:00
288,42,3.4,2025-05-04T14:00:00
439,259,3.8,2025-05-04T14:00:00
457,167,3.3,2025-05-04T14:00:00
257,270,4.4,2025-05-04T15:00:00
496,48,3.4,2025-05-04T15:00:00
132,99,5.0,2025-05-04T16:00:00
295,280,4.6,2025-05-04T16:00:00
337,97,3.6,2025-05-04T16:00:00
429,268,4.4,2025-05-04T16:00:00
34,47,4.6,2025-05-04T17:00:00
66,193,5.0,2025-05-04T17:00:00
290,246,2.3,2025-05-04T17:00:00
301,46,5.0,2025-05-04T17:00:00
187,5,4.3,2025-05-04T18:00:00
163,19,5.0,2025-05-04T19:00:00
357,13,4.5,2025-05-04T19:00:00
368,209,3.3,2025-05-04T19:00:00
75,5,3.5,2025-05-04T20:00:00
158,10,4.2,2025-05-04T20:00:00
202,111,4.1,2025-05-04T20:00:00
214,74,3.3,2025-05-04T20:00:00
230,42,2.7,2025-05-04T20:00:00
361,150,4.9,2025-05-04T20:00:00
389,19,5.0,2025-05-04T20:00:00
436,182,4.2,2025-05-04T20:00:00
113,153,2.4,2025-05-04T21:00:00
146,203,3.2,2025-05-04T21:00:00
199,47,3.6,2025-05-04T21:00:00
211,274,3.3,2025-05-04T21:00:00
453,170,3.2,2025-05-04T21:00:00
454,87,2.9,2025-05-04T21:00:00
496,2,3.7,2025-05-04T21:00:00
102,136,2.3,2025-05-04T22:00:00
242,164,5.0,2025-05-04T22:00:00
322,248,4.7,2025-05-04T22:00:00
412,74,3.3,2025-05-04T22:00:00
341,161,3.0,2025-05-05T00:00:00
348,168,4.8,2025-05-05T00:00:00
373,145,5.0,2025-05-05T00:00:00
396,243,5.0,2025-05-05T00:00:00
437,23,4.2,2025-05-05T00:00:00
467,269,4.9,2025-05-05T00:00:00
39,203,3.2,2025-05-05T01:00:00
77,222,3.8,2025-05-05T01:00:00
82,209,3.2,2025-05-05T01:00:00
370,239,2.8,2025-05-05T01:00:00
58,134,4.8,2025-05-05T02:00:00
66,200,4.5,2025-05-05T02:00:00
112,3,4.3,2025-05-05T02:00:00
468,178,3.0,2025-05-05T02:00:00
202,133,3.8,2025-05-05T03:00:00
267,182,4.7,2025-05-05T03:00:00
380,74,4.7,2025-05-05T03:00:00
199,264,2.4,2025-05-05T04:00:00
213,161,3.6,2025-05-05T04:00:00
341,174,3.6,2025-05-05T05:00:00
473,154,2.4,2025-05-05T05:00:00
115,42,3.2,2025-05-05T06:00:00
254,89,4.7,2025-05-05T06:00:00
373,30,5.0,2025-05-05T06:00:00
73,191,3.6,2025-05-05T07:00:00
196,128,4.6,2025-05-05T07:00:00
444,29,3.7,2025-05-05T07:00:00
113,266,3.1,2025-05-05T08:00:00
151,42,5.0,2025-05-05T08:00:00
317,57,4.6,2025-05-05T08:00:00
45,42,3.9,2025-05-05T09:00:00
320,226,3.7,2025-05-05T09:00:00
384,277,4.0,2025-05-05T10:00:00
121,161,4.3,2025-05-05T11:00:00
182,42,4.8,2025-05-05T11:00:00
332,67,4.6,2025-05-05T11:00:00
361,149,4.0,2025-05-05T11:00:00
286,42,4.0,2025-05-05T12:00:00
112,214,3.3,2025-05-05T14:00:00
91,266,4.4,2025-05-05T15:00:00
143,209,4.0,2025-05-05T15:00:00
485,180,4.7,2025-05-05T15:00:00
40,43,3.6,2025-05-05T16:00:00
104,259,4.6,2025-05-05T16:00:00
225,189,4.2,2025-05-05T16:00:00
419,235,5.0,2025-05-05T16:00:00
436,288,3.4,2025-05-05T16:00:00
264,268,4.1,2025-05-05T17:00:00
368,29,4.0,2025-05-05T17:00:00
45,30,3.2,2025-05-05T19:00:00
63,300,3.7,2025-05-05T19:00:00
206,292,3.0,2025-05-05T19:00:00
186,122,3.5,2025-05-05T20:00:00
253,188,3.7,2025-05-05T20:00:00
433,260,4.0,2025-05-05T21:00:00
470,227,3.2,2025-05-05T21:00:00
493,99,4.2,2025-05-05T21:00:00
10,266,2.9,2025-05-05T22:00:00
124,265,3.6,2025-05-05T22:00:00
327,63,4.6,2025-05-05T22:00:00
34,42,3.9,2025-05-05T23:00:00
146,91,4.2,2025-05-05T23:00:00
223,61,3.6,2025-05-05T23:00:00
401,164,4.2,2025-05-05T23:00:00
242,280,5.0,2025-05-06T00:00:00
330,231,5.0,2025-05-06T00:00:00
4,74,2.2,2025-05-06T01:00:00
61,223,5.0,2025-05-06T01:00:00
266,298,3.6,2025-05-06T02:00:00
399,43,5.0,2025-05-06T02:00:00
73,154,5.0,2025-05-06T03:00:00
171,46,5.0,2025-05-06T03:00:00
174,230,2.9,2025-05-06T03:00:00
301,42,5.0,2025-05-06T03:00:00
32,56,4.3,2025-05-06T04:00:00
34,13,4.3,2025-05-06T04:00:00
63,42,2.7,2025-05-06T04:00:00
93,124,3.9,2025-05-06T04:00:00
445,176,4.5,2025-05-06T04:00:00
45,74,3.9,2025-05-06T05:00:00
214,193,3.8,2025-05-06T05:00:00
323,240,3.3,2025-05-06T05:00:00
155,284,4.6,2025-05-06T06:00:00
187,291,1.6,2025-05-06T06:00:00
223,227,4.1,2025-05-06T06:00:00
349,29,5.0,2025-05-06T06:00:00
357,165,2.7,2025-05-06T06:00:00
363,249,3.5,2025-05-06T06:00:00
484,206,4.7,2025-05-06T06:00:00
119,48,4.4,2025-05-06T07:00:00
264,263,4.2,2025-05-06T07:00:00
464,159,3.8,2025-05-06T07:00:00
66,153,4.5,2025-05-06T08:00:00
486,229,2.5,2025-05-06T08:00:00
205,178,3.7,2025-05-06T09:00:00
320,89,3.2,2025-05-06T09:00:00
450,120,4.1,2025-05-06T09:00:00
152,89,5.0,2025-05-06T10:00:00
284,272,2.1,2025-05-06T10:00:00
295,172,3.2,2025-05-06T10:00:00
296,249,3.8,2025-05-06T10:00:00
323,222,2.6,2025-05-06T10:00:00
28,44,2.6,2025-05-06T11:00:00
92,18,3.7,2025-05-06T11:00:00
155,89,3.2,2025-05-06T11:00:00
245,162,2.6,2025-05-06T11:00:00
269,200,4.7,2025-05-06T11:00:00
454,2,2.8,2025-05-06T11:00:00
73,151,3.5,2025-05-06T12:00:00
176,178,3.6,2025-05-06T12:00:00
64,271,5.0,2025-05-06T13:00:00
69,161,5.0,2025-05-06T13:00:00
343,275,3.6,2025-05-06T13:00:00
437,30,4.3,2025-05-06T13:00:00
473,238,4.2,2025-05-06T13:00:00
492,201,3.7,2025-05-06T13:00:00
330,5,4.4,2025-05-06T14:00:00
5,209,3.7,2025-05-06T15:00:00
99,52,4.0,2025-05-06T15:00:00
439,226,5.0,2025-05-06T15:00:00
434,9,4.3,2025-05-06T16:00:00
373,5,4.2,2025-05-06T17:00:00
158,25,4.8,2025-05-06T19:00:00
230,196,4.4,2025-05-06T19:00:00
323,221,3.0,2025-05-06T19:00:00
405,175,4.9,2025-05-06T19:00:00
290,53,4.0,2025-05-06T20:00:00
358,222,1.9,2025-05-06T20:00:00
130,214,3.1,2025-05-06T21:00:00
227,48,4.9,2025-05-06T21:00:00
250,132,3.2,2025-05-06T21:00:00
253,200,4.8,2025-05-06T21:00:00
465,213,4.4,2025-05-06T21:00:00
434,65,4.0,2025-05-06T22:00:00
89,216,4.0,2025-05-06T23:00:00
142,129,3.4,2025-05-06T23:00:00
143,213,2.3,2025-05-06T23:00:00
384,42,3.8,2025-05-06T23:00:00
472,21,4.8,2025-05-06T23:00:00
58,226,3.1,2025-05-07T00:00:00
155,46,4.3,2025-05-07T00:00:00
183,29,4.4,2025-05-07T00:00:00
276,300,2.8,2025-05-07T01:00:00
429,270,4.2,2025-05-07T01:00:00
186,8,3.7,2025-05-07T02:00:00
278,41,5.0,2025-05-07T02:00:00
295,283,3.6,2025-05-07T02:00:00
361,120,4.9,2025-05-07T02:00:00
465,70,3.0,2025-05-07T02:00:00
89,102,3.4,2025-05-07T03:00:00
370,91,4.4,2025-05-07T03:00:00
468,10,3.7,2025-05-07T03:00:00
493,64,4.9,2025-05-07T03:00:00
496,70,3.9,2025-05-07T03:00:00
337,58,3.4,2025-05-07T04:00:00
152,213,5.0,2025-05-07T05:00:00
166,90,2.8,2025-05-07T05:00:00
256,37,3.2,2025-05-07T05:00:00
317,100,5.0,2025-05-07T05:00:00
327,71,5.0,2025-05-07T05:00:00
112,35,3.5,2025-05-07T06:00:00
65,53,2.3,2025-05-07T07:00:00
83,216,4.7,2025-05-07T07:00:00
225,216,4.3,2025-05-07T07:00:00
491,122,3.7,2025-05-07T07:00:00
49,216,3.1,2025-05-07T08:00:00
309,185,4.1,2025-05-07T08:00:00
337,74,3.1,2025-05-07T08:00:00
380,223,5.0,2025-05-07T08:00:00
445,268,3.0,2025-05-07T08:00:00
205,164,3.0,2025-05-07T09:00:00
330,45,3.5,2025-05-07T09:00:00
357,32,4.5,2025-05-07T09:00:00
417,178,4.5,2025-05-07T09:00:00
55,182,4.2,2025-05-07T10:00:00
75,239,4.1,2025-05-07T10:00:00
131,269,3.4,2025-05-07T10:00:00
348,267,4.4,2025-05-07T10:00:00
454,82,3.9,2025-05-07T10:00:00
484,248,4.7,2025-05-07T10:00:00
327,79,5.0,2025-05-07T11:00:00
373,111,5.0,2025-05-07T11:00:00
34,41,4.3,2025-05-07T12:00:00
39,145,4.9,2025-05-07T12:00:00
163,62,5.0,2025-05-07T12:00:00
230,194,4.5,2025-05-07T12:00:00
245,249,4.1,2025-05-07T12:00:00
458,21,4.7,2025-05-07T12:00:00
488,205,3.3,2025-05-07T12:00:00
53,25,3.7,2025-05-07T14:00:00
214,157,3.1,2025-05-07T14:00:00
377,11,4.1,2025-05-07T14:00:00
465,249,5.0,2025-05-07T14:00:00
479,123,4.3,2025-05-07T14:00:00
96,266,3.5,2025-05-07T15:00:00
145,108,3.5,2025-05-07T15:00:00
176,160,3.4,2025-05-07T15:00:00
273,141,1.5,2025-05-07T16:00:00
253,80,4.2,2025-05-07T17:00:00
81,93,5.0,2025-05-07T18:00:00
90,125,4.9,2025-05-07T18:00:00
151,124,4.1,2025-05-07T18:00:00
288,68,3.2,2025-05-07T18:00:00
348,196,4.4,2025-05-07T18:00:00
32,230,4.1,2025-05-07T20:00:00
388,253,3.4,2025-05-07T20:00:00
205,189,2.9,2025-05-07T21:00:00
225,170,4.4,2025-05-07T22:00:00
461,33,3.4,2025-05-07T22:00:00
206,199,3.5,2025-05-07T23:00:00
256,258,3.5,2025-05-07T23:00:00
124,291,3.7,2025-05-08T00:00:00
211,74,4.8,2025-05-08T00:00:00
278,50,4.0,2025-05-08T00:00:00
341,187,4.1,2025-05-08T00:00:00
390,74,2.3,2025-05-08T00:00:00
488,225,3.3,2025-05-08T00:00:00
219,211,3.2,2025-05-08T01:00:00
301,165,5.0,2025-05-08T01:00:00
384,48,4.1,2025-05-08T01:00:00
263,182,4.2,2025-05-08T02:00:00
77,52,4.4,2025-05-08T03:00:00
132,56,4.3,2025-05-08T03:00:00
370,201,3.1,2025-05-08T03:00:00
389,164,3.0,2025-05-08T03:00:00
152,258,3.8,2025-05-08T04:00:00
254,87,4.8,2025-05-08T04:00:00
487,252,3.5,2025-05-08T04:00:00
61,129,2.7,2025-05-08T05:00:00
160,237,4.6,2025-05-08T05:00:00
290,226,2.9,2025-05-08T05:00:00
396,217,4.4,2025-05-08T05:00:00
445,32,4.1,2025-05-08T05:00:00
484,265,2.6,2025-05-08T05:00:00
339,44,4.6,2025-05-08T06:00:00
5,29,3.9,2025-05-08T07:00:00
250,148,4.0,2025-05-08T07:00:00
309,292,4.7,2025-05-08T07:00:00
467,274,4.7,2025-05-08T07:00:00
206,165,3.0,2025-05-08T08:00:00
223,230,3.4,2025-05-08T08:00:00
225,74,3.6,2025-05-08T08:00:00
267,177,5.0,2025-05-08T08:00:00
358,234,3.2,2025-05-08T08:00:00
158,274,2.9,2025-05-08T09:00:00
257,238,3.8,2025-05-08T09:00:00
399,41,3.6,2025-05-08T09:00:00
82,42,2.7,2025-05-08T10:00:00
102,162,2.6,2025-05-08T10:00:00
124,257,3.1,2025-05-08T10:00:00
35,190,4.2,2025-05-08T11:00:00
360,177,4.1,2025-05-08T11:00:00
486,239,3.2,2025-05-08T11:00:00
115,189,3.4,2025-05-08T12:00:00
349,48,4.7,2025-05-08T12:00:00
245,145,4.4,2025-05-08T13:00:00
267,179,4.8,2025-05-08T13:00:00
465,39,3.7,2025-05-08T13:00:00
10,1,3.8,2025-05-08T14:00:00
119,74,3.7,2025-05-08T14:00:00
40,74,3.5,2025-05-08T15:00:00
327,277,4.6,2025-05-08T15:00:00
468,46,4.5,2025-05-08T15:00:00
322,204,4.0,2025-05-08T16:00:00
419,231,5.0,2025-05-08T16:00:00
453,50,2.8,2025-05-08T16:00:00
296,226,4.5,2025-05-08T18:00:00
485,110,3.9,2025-05-08T18:00:00
34,5,3.7,2025-05-08T19:00:00
119,32,5.0,2025-05-08T19:00:00
187,189,3.6,2025-05-08T19:00:00
202,102,3.0,2025-05-08T19:00:00
205,122,3.6,2025-05-08T19:00:00
323,241,3.0,2025-05-08T19:00:00
412,141,4.2,2025-05-08T19:00:00
320,88,5.0,2025-05-08T20:00:00
58,143,4.5,2025-05-08T21:00:00
113,243,4.4,2025-05-08T21:00:00
151,250,3.7,2025-05-08T21:00:00
377,16,3.8,2025-05-08T21:00:00
401,17,3.2,2025-05-08T21:00:00
45,269,4.3,2025-05-08T22:00:00
171,157,4.2,2025-05-08T22:00:00
492,176,3.0,2025-05-08T22:00:00
4,216,3.2,2025-05-08T23:00:00
131,258,4.8,2025-05-08T23:00:00
146,264,3.9,2025-05-08T23:00:00
479,112,4.5,2025-05-08T23:00:00
104,29,4.6,2025-05-09T00:00:00
286,133,5.0,2025-05-09T00:00:00
39,177,4.5,2025-05-09T01:00:00
242,17,4.8,2025-05-09T01:00:00
158,11,3.7,2025-05-09T02:00:00
213,165,3.2,2025-05-09T02:00:00
341,152,3.8,2025-05-09T02:00:00
40,55,3.4,2025-05-09T03:00:00
121,198,5.0,2025-05-09T03:00:00
90,140,4.7,2025-05-09T04:00:00
142,42,2.7,2025-05-09T04:00:00
174,250,2.1,2025-05-09T04:00:00
199,140,4.4,2025-05-09T04:00:00
332,106,3.1,2025-05-09T04:00:00
368,249,2.0,2025-05-09T04:00:00
433,277,4.1,2025-05-09T04:00:00
143,243,3.6,2025-05-09T05:00:00
196,101,3.8,2025-05-09T05:00:00
450,113,3.7,2025-05-09T05:00:00
491,70,3.6,2025-05-09T06:00:00
58,70,4.3,2025-05-09T07:00:00
99,107,4.1,2025-05-09T07:00:00
439,230,4.2,2025-05-09T07:00:00
444,242,3.3,2025-05-09T07:00:00
493,60,4.0,2025-05-09T07:00:00
63,189,3.2,2025-05-09T08:00:00
182,265,4.6,2025-05-09T08:00:00
199,62,2.9,2025-05-09T08:00:00
183,216,2.0,2025-05-09T09:00:00
368,34,4.2,2025-05-09T09:00:00
467,203,3.7,2025-05-09T09:00:00
267,29,3.5,2025-05-09T10:00:00
322,213,4.4,2025-05-09T10:00:00
330,210,4.5,2025-05-09T10:00:00
496,18,3.8,2025-05-09T10:00:00
35,65,5.0,2025-05-09T11:00:00
152,212,4.4,2025-05-09T11:00:00
332,266,5.0,2025-05-09T11:00:00
91,28,5.0,2025-05-09T12:00:00
436,164,4.6,2025-05-09T13:00:00
227,60,5.0,2025-05-09T14:00:00
317,248,4.1,2025-05-09T14:00:00
343,169,4.0,2025-05-09T14:00:00
429,269,5.0,2025-05-09T14:00:00
284,191,4.6,2025-05-09T15:00:00
363,74,2.7,2025-05-09T15:00:00
399,8,3.8,2025-05-09T15:00:00
90,238,3.8,2025-05-09T16:00:00
462,87,1.5,2025-05-09T16:00:00
322,172,2.2,2025-05-09T17:00:00
357,266,3.4,2025-05-09T17:00:00
468,209,3.4,2025-05-09T17:00:00
58,108,5.0,2025-05-09T18:00:00
69,176,5.0,2025-05-09T18:00:00
160,264,3.9,2025-05-09T18:00:00
470,300,3.7,2025-05-09T18:00:00
115,29,4.4,2025-05-09T19:00:00
158,43,4.8,2025-05-09T19:00:00
433,295,4.2,2025-05-09T19:00:00
28,102,5.0,2025-05-09T20:00:00
77,158,3.6,2025-05-09T20:00:00
89,135,4.4,2025-05-09T20:00:00
163,97,5.0,2025-05-09T20:00:00
266,139,4.2,2025-05-09T20:00:00
332,63,4.5,2025-05-09T20:00:00
257,250,4.7,2025-05-09T21:00:00
264,87,4.6,2025-05-09T21:00:00
339,45,4.2,2025-05-09T21:00:00
389,242,4.3,2025-05-09T21:00:00
439,299,3.4,2025-05-09T21:00:00
464,267,3.3,2025-05-09T21:00:00
196,116,4.5,2025-05-09T22:00:00
93,208,4.2,2025-05-09T23:00:00
113,66,3.7,2025-05-09T23:00:00
269,244,3.7,2025-05-09T23:00:00
28,113,3.3,2025-05-10T00:00:00
73,89,2.9,2025-05-10T00:00:00
214,166,2.5,2025-05-10T00:00:00
263,41,4.9,2025-05-10T00:00:00
373,141,5.0,2025-05-10T00:00:00
377,17,4.1,2025-05-10T00:00:00
119,85,2.8,2025-05-10T01:00:00
278,47,5.0,2025-05-10T01:00:00
390,209,4.9,2025-05-10T01:00:00
493,75,4.7,2025-05-10T01:00:00
130,153,3.5,2025-05-10T02:00:00
183,1,3.9,2025-05-10T02:00:00
186,46,4.7,2025-05-10T02:00:00
309,165,4.5,2025-05-10T02:00:00
496,122,3.0,2025-05-10T02:00:00
90,150,4.4,2025-05-10T03:00:00
132,79,4.2,2025-05-10T03:00:00
223,55,3.4,2025-05-10T03:00:00
437,291,2.5,2025-05-10T03:00:00
64,275,5.0,2025-05-10T04:00:00
176,193,3.9,2025-05-10T04:00:00
297,89,2.4,2025-05-10T04:00:00
332,91,5.0,2025-05-10T04:00:00
166,74,4.3,2025-05-10T05:00:00
330,243,4.5,2025-05-10T05:00:00
388,161,3.7,2025-05-10T05:00:00
75,129,4.7,2025-05-10T06:00:00
242,190,4.3,2025-05-10T06:00:00
473,250,4.4,2025-05-10T06:00:00
34,28,4.4,2025-05-10T07:00:00
92,108,4.5,2025-05-10T07:00:00
225,153,4.0,2025-05-10T07:00:00
484,213,5.0,2025-05-10T07:00:00
102,117,3.7,2025-05-10T08:00:00
278,20,3.7,2025-05-10T08:00:00
327,82,4.8,2025-05-10T08:00:00
380,213,5.0,2025-05-10T08:00:00
417,176,5.0,2025-05-10T08:00:00
39,216,3.8,2025-05-10T09:00:00
143,227,3.4,2025-05-10T09:00:00
301,38,4.9,2025-05-10T09:00:00
429,267,4.2,2025-05-10T09:00:00
273,252,3.5,2025-05-10T10:00:00
276,273,2.4,2025-05-10T10:00:00
454,209,1.5,2025-05-10T10:00:00
472,40,4.2,2025-05-10T10:00:00
473,42,3.6,2025-05-10T10:00:00
81,209,5.0,2025-05-10T11:00:00
202,132,3.0,2025-05-10T11:00:00
99,183,5.0,2025-05-10T12:00:00
396,42,4.8,2025-05-10T12:00:00
295,209,2.7,2025-05-10T13:00:00
405,2,2.6,2025-05-10T13:00:00
82,163,4.2,2025-05-10T14:00:00
104,138,5.0,2025-05-10T14:00:00
361,241,2.7,2025-05-10T15:00:00
380,214,5.0,2025-05-10T15:00:00
187,42,4.0,2025-05-10T16:00:00
213,164,3.9,2025-05-10T16:00:00
49,26,4.0,2025-05-10T17:00:00
124,267,3.9,2025-05-10T17:00:00
145,16,4.4,2025-05-10T18:00:00
384,29,4.2,2025-05-10T18:00:00
434,45,4.1,2025-05-10T18:00:00
475,114,2.6,2025-05-10T18:00:00
496,164,4.0,2025-05-10T18:00:00
155,79,3.5,2025-05-10T19:00:00
263,246,5.0,2025-05-10T19:00:00
468,89,2.0,2025-05-10T19:00:00
130,230,3.2,2025-05-10T20:00:00
358,82,2.6,2025-05-10T20:00:00
436,34,3.4,2025-05-10T20:00:00
445,154,5.0,2025-05-10T20:00:00
61,249,4.0,2025-05-10T21:00:00
171,45,4.3,2025-05-10T21:00:00
284,292,2.3,2025-05-10T21:00:00
55,277,4.1,2025-05-10T22:00:00
69,182,4.8,2025-05-10T22:00:00
242,153,5.0,2025-05-10T22:00:00
348,265,4.3,2025-05-10T22:00:00
491,79,4.1,2025-05-10T22:00:00
363,2,2.9,2025-05-10T23:00:00
455,64,5.0,2025-05-10T23:00:00
492,277,2.6,2025-05-10T23:00:00
75,213,3.8,2025-05-11T00:00:00
131,213,4.4,2025-05-11T01:00:00
254,55,5.0,2025-05-11T01:00:00
323,217,3.2,2025-05-11T01:00:00
349,122,3.5,2025-05-11T01:00:00
373,189,5.0,2025-05-11T01:00:00
454,98,5.0,2025-05-11T01:00:00
130,281,2.8,2025-05-11T02:00:00
230,198,5.0,2025-05-11T02:00:00
337,239,3.6,2025-05-11T02:00:00
388,122,3.0,2025-05-11T02:00:00
112,9,4.0,2025-05-11T03:00:00
453,115,3.0,2025-05-11T03:00:00
484,85,3.5,2025-05-11T03:00:00
370,257,2.8,2025-05-11T04:00:00
433,31,2.9,2025-05-11T04:00:00
34,20,4.0,2025-05-11T05:00:00
53,267,3.9,2025-05-11T05:00:00
82,196,4.3,2025-05-11T05:00:00
83,52,3.3,2025-05-11T05:00:00
288,67,4.1,2025-05-11T05:00:00
320,122,3.4,2025-05-11T05:00:00
361,42,2.5,2025-05-11T05:00:00
389,267,3.1,2025-05-11T05:00:00
32,60,3.8,2025-05-11T06:00:00
93,9,4.8,2025-05-11T06:00:00
113,290,3.6,2025-05-11T06:00:00
125,276,4.3,2025-05-11T06:00:00
295,24,3.4,2025-05-11T06:00:00
10,256,2.8,2025-05-11T07:00:00
160,239,3.8,2025-05-11T07:00:00
455,85,5.0,2025-05-11T07:00:00
158,24,4.3,2025-05-11T08:00:00
214,122,1.2,2025-05-11T08:00:00
419,206,3.9,2025-05-11T08:00:00
461,206,2.0,2025-05-11T08:00:00
99,115,4.0,2025-05-11T09:00:00
124,216,3.4,2025-05-11T09:00:00
211,87,5.0,2025-05-11T09:00:00
470,264,4.1,2025-05-11T09:00:00
241,197,4.9,2025-05-11T10:00:00
317,60,4.3,2025-05-11T10:00:00
337,87,4.2,2025-05-11T10:00:00
242,261,5.0,2025-05-11T12:00:00
250,18,2.5,2025-05-11T12:00:00
454,66,3.3,2025-05-11T12:00:00
458,46,4.8,2025-05-11T12:00:00
468,53,3.1,2025-05-11T12:00:00
33,77,2.2,2025-05-11T13:00:00
360,192,2.7,2025-05-11T13:00:00
461,50,3.6,2025-05-11T13:00:00
28,259,2.8,2025-05-11T14:00:00
40,202,3.3,2025-05-11T14:00:00
53,271,4.3,2025-05-11T14:00:00
176,175,4.6,2025-05-11T14:00:00
276,212,4.0,2025-05-11T14:00:00
290,172,2.8,2025-05-11T14:00:00
349,5,5.0,2025-05-11T14:00:00
439,42,3.8,2025-05-11T14:00:00
492,200,3.5,2025-05-11T14:00:00
253,277,3.2,2025-05-11T15:00:00
401,269,4.1,2025-05-11T15:00:00
441,209,5.0,2025-05-11T15:00:00
487,200,2.9,2025-05-11T16:00:00
131,231,4.0,2025-05-11T17:00:00
256,266,5.0,2025-05-11T17:00:00
114,74,4.1,2025-05-11T18:00:00
219,116,4.3,2025-05-11T18:00:00
121,291,3.9,2025-05-11T19:00:00
142,89,4.5,2025-05-11T19:00:00
206,169,3.0,2025-05-11T19:00:00
297,112,5.0,2025-05-11T19:00:00
341,172,3.6,2025-05-11T19:00:00
61,122,2.9,2025-05-11T20:00:00
82,102,3.2,2025-05-11T20:00:00
488,297,4.3,2025-05-11T20:00:00
77,164,3.6,2025-05-11T21:00:00
186,6,4.3,2025-05-11T21:00:00
327,89,5.0,2025-05-11T21:00:00
444,24,2.6,2025-05-11T21:00:00
465,222,4.4,2025-05-11T21:00:00
145,161,4.6,2025-05-11T22:00:00
152,242,3.7,2025-05-11T22:00:00
166,300,2.5,2025-05-11T22:00:00
242,258,5.0,2025-05-11T22:00:00
461,186,2.6,2025-05-11T22:00:00
113,209,3.5,2025-05-11T23:00:00
348,257,4.2,2025-05-11T23:00:00
89,129,3.9,2025-05-12T00:00:00
202,65,4.1,2025-05-12T00:00:00
390,122,5.0,2025-05-12T00:00:00
486,37,3.8,2025-05-12T00:00:00
63,89,3.6,2025-05-12T01:00:00
269,173,4.5,2025-05-12T01:00:00
337,122,2.1,2025-05-12T01:00:00
55,184,4.9,2025-05-12T02:00:00
102,299,2.8,2025-05-12T02:00:00
485,168,5.0,2025-05-12T02:00:00
106,162,3.4,2025-05-12T03:00:00
332,256,5.0,2025-05-12T03:00:00
498,194,4.6,2025-05-12T04:00:00
152,162,4.2,2025-05-12T05:00:00
296,202,4.4,2025-05-12T05:00:00
437,27,3.5,2025-05-12T05:00:00
245,148,4.4,2025-05-12T06:00:00
467,157,3.5,2025-05-12T06:00:00
5,153,4.9,2025-05-12T07:00:00
214,277,2.2,2025-05-12T07:00:00
465,208,4.6,2025-05-12T07:00:00
45,142,5.0,2025-05-12T08:00:00
205,129,4.3,2025-05-12T08:00:00
441,246,3.9,2025-05-12T08:00:00
455,79,5.0,2025-05-12T08:00:00
61,216,4.6,2025-05-12T09:00:00
114,96,4.8,2025-05-12T09:00:00
163,214,5.0,2025-05-12T09:00:00
223,92,4.1,2025-05-12T09:00:00
241,74,5.0,2025-05-12T09:00:00
286,102,3.6,2025-05-12T09:00:00
295,31,3.2,2025-05-12T09:00:00
358,205,1.6,2025-05-12T09:00:00
89,277,3.1,2025-05-12T11:00:00
92,42,1.9,2025-05-12T11:00:00
267,197,4.5,2025-05-12T11:00:00
361,161,2.6,2025-05-12T11:00:00
370,54,4.1,2025-05-12T11:00:00
146,251,4.9,2025-05-12T13:00:00
412,85,3.7,2025-05-12T13:00:00
450,125,4.5,2025-05-12T13:00:00
4,189,1.5,2025-05-12T16:00:00
113,48,3.7,2025-05-12T16:00:00
253,108,3.6,2025-05-12T16:00:00
322,257,4.3,2025-05-12T16:00:00
332,10,3.7,2025-05-12T16:00:00
115,41,3.6,2025-05-12T17:00:00
196,190,3.9,2025-05-12T17:00:00
343,87,2.0,2025-05-12T17:00:00
357,24,4.5,2025-05-12T17:00:00
10,25,4.2,2025-05-12T18:00:00
341,186,3.4,2025-05-12T18:00:00
461,6,3.9,2025-05-12T18:00:00
301,189,5.0,2025-05-12T19:00:00
396,17,4.2,2025-05-12T19:00:00
73,198,3.8,2025-05-12T20:00:00
125,260,4.9,2025-05-12T20:00:00
132,65,5.0,2025-05-12T20:00:00
213,172,3.6,2025-05-12T20:00:00
28,120,3.8,2025-05-12T21:00:00
106,41,5.0,2025-05-12T21:00:00
363,231,3.4,2025-05-12T21:00:00
433,170,3.1,2025-05-12T21:00:00
227,88,4.5,2025-05-12T22:00:00
264,249,4.1,2025-05-12T22:00:00
429,285,4.3,2025-05-12T22:00:00
473,216,4.1,2025-05-12T22:00:00
496,6,4.3,2025-05-12T22:00:00
182,56,2.8,2025-05-12T23:00:00
341,196,2.7,2025-05-12T23:00:00
377,2,4.4,2025-05-12T23:00:00
479,74,3.2,2025-05-12T23:00:00
74,257,2.9,2025-05-13T00:00:00
160,221,5.0,2025-05-13T00:00:00
171,277,3.9,2025-05-13T00:00:00
320,52,4.5,2025-05-13T00:00:00
368,41,5.0,2025-05-13T00:00:00
484,240,4.5,2025-05-13T00:00:00
498,291,3.2,2025-05-13T00:00:00
82,141,3.7,2025-05-13T01:00:00
91,35,5.0,2025-05-13T01:00:00
163,76,4.6,2025-05-13T01:00:00
309,276,4.4,2025-05-13T01:00:00
317,66,4.6,2025-05-13T01:00:00
339,17,4.9,2025-05-13T01:00:00
486,208,2.9,2025-05-13T01:00:00
225,195,4.3,2025-05-13T02:00:00
230,155,3.8,2025-05-13T02:00:00
389,187,3.6,2025-05-13T02:00:00
401,277,3.2,2025-05-13T02:00:00
453,82,1.4,2025-05-13T02:00:00
77,50,3.6,2025-05-13T03:00:00
388,189,3.9,2025-05-13T03:00:00
458,146,5.0,2025-05-13T03:00:00
8,43,3.6,2025-05-13T04:00:00
53,261,3.6,2025-05-13T04:00:00
187,194,2.8,2025-05-13T04:00:00
211,89,5.0,2025-05-13T05:00:00
213,189,3.5,2025-05-13T05:00:00
227,10,4.3,2025-05-13T05:00:00
63,289,3.4,2025-05-13T06:00:00
341,162,3.0,2025-05-13T06:00:00
349,150,3.8,2025-05-13T06:00:00
493,117,4.0,2025-05-13T06:00:00
58,75,5.0,2025-05-13T07:00:00
124,261,3.9,2025-05-13T07:00:00
152,248,5.0,2025-05-13T07:00:00
199,111,4.7,2025-05-13T07:00:00
64,175,4.6,2025-05-13T08:00:00
399,74,4.0,2025-05-13T08:00:00
462,129,3.0,2025-05-13T08:00:00
35,169,4.7,2025-05-13T09:00:00
402,259,4.6,2025-05-13T10:00:00
445,158,4.0,2025-05-13T10:00:00
458,47,4.8,2025-05-13T10:00:00
187,17,4.0,2025-05-13T11:00:00
327,45,3.3,2025-05-13T11:00:00
475,60,3.6,2025-05-13T12:00:00
93,285,4.4,2025-05-13T14:00:00
124,276,5.0,2025-05-13T14:00:00
145,26,5.0,2025-05-13T14:00:00
257,234,4.3,2025-05-13T14:00:00
417,149,3.5,2025-05-13T14:00:00
341,163,3.4,2025-05-13T15:00:00
458,248,4.6,2025-05-13T15:00:00
486,243,3.2,2025-05-13T15:00:00
266,130,4.9,2025-05-13T16:00:00
317,206,3.4,2025-05-13T16:00:00
384,267,3.3,2025-05-13T16:00:00
361,209,4.0,2025-05-13T17:00:00
462,122,3.7,2025-05-13T17:00:00
473,243,5.0,2025-05-13T17:00:00
143,231,3.3,2025-05-13T18:00:00
399,10,4.2,2025-05-13T18:00:00
405,160,3.5,2025-05-13T18:00:00
492,222,3.8,2025-05-13T18:00:00
33,285,4.2,2025-05-13T19:00:00
176,149,3.5,2025-05-13T19:00:00
393,4,4.0,2025-05-13T19:00:00
401,170,4.2,2025-05-13T19:00:00
119,165,5.0,2025-05-13T20:00:00
278,150,3.8,2025-05-13T20:00:00
322,246,4.2,2025-05-13T20:00:00
436,162,4.5,2025-05-13T20:00:00
55,216,3.7,2025-05-13T21:00:00
99,198,4.4,2025-05-13T21:00:00
233,213,4.5,2025-05-13T21:00:00
286,164,3.9,2025-05-13T21:00:00
90,148,5.0,2025-05-13T22:00:00
114,79,4.8,2025-05-13T22:00:00
183,41,4.2,2025-05-13T22:00:00
297,122,3.7,2025-05-13T22:00:00
444,46,3.1,2025-05-13T22:00:00
32,239,4.3,2025-05-13T23:00:00
69,4,4.8,2025-05-13T23:00:00
155,268,4.8,2025-05-13T23:00:00
295,260,3.8,2025-05-13T23:00:00
130,258,2.9,2025-05-14T00:00:00
263,122,3.2,2025-05-14T01:00:00
301,32,4.9,2025-05-14T01:00:00
453,44,3.4,2025-05-14T01:00:00
28,115,4.2,2025-05-14T02:00:00
61,209,4.6,2025-05-14T02:00:00
63,254,4.9,2025-05-14T02:00:00
102,182,2.5,2025-05-14T02:00:00
121,26,4.1,2025-05-14T02:00:00
236,277,4.9,2025-05-14T03:00:00
266,120,4.0,2025-05-14T03:00:00
433,259,4.3,2025-05-14T03:00:00
32,122,2.8,2025-05-14T04:00:00
112,283,3.3,2025-05-14T04:00:00
214,184,2.4,2025-05-14T04:00:00
284,161,4.1,2025-05-14T04:00:00
273,259,3.6,2025-05-14T05:00:00
360,176,4.3,2025-05-14T05:00:00
470,286,4.2,2025-05-14T05:00:00
75,238,4.6,2025-05-14T06:00:00
317,51,4.5,2025-05-14T06:00:00
40,164,3.2,2025-05-14T07:00:00
145,296,4.2,2025-05-14T07:00:00
227,41,4.6,2025-05-14T07:00:00
309,154,5.0,2025-05-14T07:00:00
49,18,5.0,2025-05-14T08:00:00
81,259,3.8,2025-05-14T08:00:00
320,149,4.5,2025-05-14T08:00:00
417,200,4.6,2025-05-14T08:00:00
434,1,5.0,2025-05-14T08:00:00
34,249,3.1,2025-05-14T09:00:00
264,259,5.0,2025-05-14T09:00:00
113,179,2.2,2025-05-14T10:00:00
196,105,4.2,2025-05-14T10:00:00
254,178,4.4,2025-05-14T10:00:00
491,206,3.8,2025-05-14T10:00:00
45,111,3.9,2025-05-14T11:00:00
58,78,4.1,2025-05-14T11:00:00
73,30,3.5,2025-05-14T11:00:00
158,296,3.0,2025-05-14T11:00:00
301,48,4.3,2025-05-14T11:00:00
332,79,5.0,2025-05-14T11:00:00
74,183,3.1,2025-05-14T12:00:00
186,17,5.0,2025-05-14T12:00:00
455,164,5.0,2025-05-14T13:00:00
461,38,3.8,2025-05-14T13:00:00
142,70,3.9,2025-05-14T14:00:00
166,89,3.3,2025-05-14T15:00:00
276,178,1.0,2025-05-14T15:00:00
419,201,4.5,2025-05-14T15:00:00
64,31,3.1,2025-05-14T17:00:00
83,240,4.4,2025-05-14T17:00:00
278,115,4.8,2025-05-14T17:00:00
152,232,4.5,2025-05-14T18:00:00
242,284,5.0,2025-05-14T18:00:00
349,42,5.0,2025-05-14T19:00:00
396,14,4.8,2025-05-14T19:00:00
437,89,2.7,2025-05-14T19:00:00
10,8,2.6,2025-05-14T20:00:00
269,193,4.3,2025-05-14T20:00:00
323,94,1.0,2025-05-14T20:00:00
83,6,3.8,2025-05-14T21:00:00
205,102,4.4,2025-05-14T21:00:00
245,129,3.1,2025-05-14T21:00:00
58,216,4.2,2025-05-14T22:00:00
257,223,4.2,2025-05-14T22:00:00
4,296,3.1,2025-05-14T23:00:00
5,202,3.7,2025-05-14T23:00:00
40,48,4.3,2025-05-14T23:00:00
250,70,3.4,2025-05-14T23:00:00
433,273,5.0,2025-05-14T23:00:00
487,280,3.5,2025-05-14T23:00:00
491,300,3.0,2025-05-14T23:00:00
115,21,4.0,2025-05-15T00:00:00
163,56,5.0,2025-05-15T00:00:00
214,153,3.1,2025-05-15T00:00:00
368,49,2.6,2025-05-15T00:00:00
370,213,2.3,2025-05-15T00:00:00
441,230,5.0,2025-05-15T00:00:00
35,91,5.0,2025-05-15T01:00:00
113,212,3.4,2025-05-15T01:00:00
288,206,2.7,2025-05-15T01:00:00
361,141,5.0,2025-05-15T01:00:00
454,91,4.0,2025-05-15T01:00:00
492,227,4.0,2025-05-15T01:00:00
146,296,4.2,2025-05-15T04:00:00
412,173,3.5,2025-05-15T04:00:00
419,44,3.8,2025-05-15T04:00:00
258,42,3.9,2025-05-15T05:00:00
393,261,3.6,2025-05-15T05:00:00
402,263,3.7,2025-05-15T05:00:00
91,29,5.0,2025-05-15T06:00:00
278,162,2.5,2025-05-15T06:00:00
479,130,4.6,2025-05-15T06:00:00
8,42,4.2,2025-05-15T07:00:00
160,195,3.1,2025-05-15T07:00:00
323,41,2.4,2025-05-15T07:00:00
143,234,4.8,2025-05-15T08:00:00
206,266,2.0,2025-05-15T08:00:00
348,268,5.0,2025-05-15T08:00:00
390,45,2.8,2025-05-15T08:00:00
439,283,4.3,2025-05-15T08:00:00
488,299,4.8,2025-05-15T08:00:00
225,165,4.8,2025-05-15T09:00:00
20,122,1.2,2025-05-15T10:00:00
264,277,4.3,2025-05-15T10:00:00
337,250,2.8,2025-05-15T10:00:00
32,232,4.3,2025-05-15T11:00:00
176,86,4.3,2025-05-15T12:00:00
468,35,4.2,2025-05-15T12:00:00
183,16,3.9,2025-05-15T13:00:00
429,102,3.5,2025-05-15T13:00:00
450,148,3.2,2025-05-15T13:00:00
488,257,3.5,2025-05-15T13:00:00
171,153,3.5,2025-05-15T14:00:00
236,102,4.5,2025-05-15T14:00:00
253,160,3.6,2025-05-15T14:00:00
267,166,4.2,2025-05-15T14:00:00
332,164,4.1,2025-05-15T14:00:00
458,20,5.0,2025-05-15T14:00:00
20,246,4.0,2025-05-15T15:00:00
309,296,4.4,2025-05-15T15:00:00
485,292,4.3,2025-05-15T15:00:00
92,141,5.0,2025-05-15T16:00:00
132,288,4.2,2025-05-15T16:00:00
211,65,5.0,2025-05-15T16:00:00
219,124,4.4,2025-05-15T16:00:00
223,205,3.2,2025-05-15T16:00:00
454,250,3.3,2025-05-15T16:00:00
131,286,4.0,2025-05-15T17:00:00
182,17,3.4,2025-05-15T17:00:00
187,122,3.3,2025-05-15T17:00:00
455,198,5.0,2025-05-15T17:00:00
89,109,4.3,2025-05-15T18:00:00
93,49,3.9,2025-05-15T18:00:00
199,131,5.0,2025-05-15T18:00:00
250,116,5.0,2025-05-15T18:00:00
296,122,4.0,2025-05-15T19:00:00
401,271,4.6,2025-05-15T19:00:00
412,56,3.5,2025-05-15T19:00:00
20,74,2.7,2025-05-15T20:00:00
211,85,5.0,2025-05-15T20:00:00
267,162,4.5,2025-05-15T20:00:00
4,250,3.4,2025-05-15T21:00:00
63,253,3.5,2025-05-15T21:00:00
465,192,4.9,2025-05-15T21:00:00
202,108,3.3,2025-05-15T22:00:00
349,45,5.0,2025-05-15T22:00:00
388,178,3.9,2025-05-15T22:00:00
106,6,5.0,2025-05-15T23:00:00
171,36,4.5,2025-05-16T00:00:00
309,261,4.8,2025-05-16T00:00:00
455,9,4.6,2025-05-16T00:00:00
343,257,3.3,2025-05-16T01:00:00
405,87,2.6,2025-05-16T01:00:00
20,164,3.1,2025-05-16T02:00:00
89,147,4.4,2025-05-16T02:00:00
152,244,4.8,2025-05-16T02:00:00
393,17,4.8,2025-05-16T02:00:00
487,260,4.0,2025-05-16T02:00:00
263,221,3.8,2025-05-16T03:00:00
396,45,4.1,2025-05-16T03:00:00
473,165,1.7,2025-05-16T03:00:00
114,82,4.3,2025-05-16T04:00:00
276,269,3.0,2025-05-16T04:00:00
363,238,3.6,2025-05-16T04:00:00
341,271,3.2,2025-05-16T05:00:00
361,157,2.6,2025-05-16T05:00:00
493,270,2.8,2025-05-16T05:00:00
230,161,4.9,2025-05-16T06:00:00
241,165,5.0,2025-05-16T06:00:00
358,212,1.0,2025-05-16T06:00:00
167,183,3.3,2025-05-16T07:00:00
327,127,3.7,2025-05-16T07:00:00
183,47,3.1,2025-05-16T08:00:00
360,190,3.1,2025-05-16T08:00:00
390,170,5.0,2025-05-16T08:00:00
357,232,3.5,2025-05-16T09:00:00
143,236,3.6,2025-05-16T10:00:00
202,127,3.7,2025-05-16T10:00:00
317,29,4.0,2025-05-16T10:00:00
475,74,4.4,2025-05-16T10:00:00
59,74,3.2,2025-05-16T11:00:00
166,55,3.2,2025-05-16T11:00:00
227,189,3.6,2025-05-16T11:00:00
250,55,1.6,2025-05-16T11:00:00
320,74,4.4,2025-05-16T11:00:00
462,74,1.8,2025-05-16T11:00:00
125,211,4.6,2025-05-16T12:00:00
412,196,3.3,2025-05-16T12:00:00
488,42,2.2,2025-05-16T12:00:00
214,195,3.0,2025-05-16T14:00:00
242,196,4.1,2025-05-16T14:00:00
295,297,3.2,2025-05-16T14:00:00
337,55,4.4,2025-05-16T14:00:00
454,27,3.7,2025-05-16T14:00:00
496,36,3.6,2025-05-16T14:00:00
498,187,4.9,2025-05-16T14:00:00
10,24,4.5,2025-05-16T15:00:00
121,177,5.0,2025-05-16T15:00:00
176,94,3.2,2025-05-16T15:00:00
233,176,3.3,2025-05-16T15:00:00
339,10,4.3,2025-05-16T15:00:00
102,17,2.9,2025-05-16T16:00:00
385,75,4.2,2025-05-16T16:00:00
486,164,2.6,2025-05-16T16:00:00
45,101,4.5,2025-05-16T17:00:00
461,122,2.9,2025-05-16T17:00:00
266,143,5.0,2025-05-16T18:00:00
295,257,3.2,2025-05-16T18:00:00
445,186,5.0,2025-05-16T18:00:00
453,299,2.0,2025-05-16T18:00:00
273,148,3.6,2025-05-16T19:00:00
401,178,4.7,2025-05-16T19:00:00
487,262,4.7,2025-05-16T19:00:00
89,10,2.0,2025-05-16T20:00:00
377,164,3.8,2025-05-16T20:00:00
475,42,3.0,2025-05-16T20:00:00
33,266,4.8,2025-05-16T21:00:00
78,254,5.0,2025-05-16T21:00:00
307,122,4.8,2025-05-16T21:00:00
498,161,4.5,2025-05-16T21:00:00
35,159,5.0,2025-05-16T22:00:00
213,74,3.0,2025-05-16T22:00:00
219,142,5.0,2025-05-16T22:00:00
360,197,4.5,2025-05-16T22:00:00
484,110,3.2,2025-05-16T22:00:00
492,153,4.1,2025-05-16T22:00:00
186,216,2.5,2025-05-16T23:00:00
317,83,5.0,2025-05-16T23:00:00
187,10,4.6,2025-05-17T00:00:00
196,36,3.2,2025-05-17T00:00:00
358,221,3.5,2025-05-17T00:00:00
32,164,2.7,2025-05-17T01:00:00
34,55,3.2,2025-05-17T01:00:00
55,111,2.4,2025-05-17T01:00:00
58,225,4.1,2025-05-17T01:00:00
92,169,4.1,2025-05-17T01:00:00
124,282,4.3,2025-05-17T01:00:00
269,182,5.0,2025-05-17T01:00:00
402,277,3.8,2025-05-17T02:00:00
77,75,3.2,2025-05-17T03:00:00
106,38,5.0,2025-05-17T03:00:00
286,128,3.1,2025-05-17T03:00:00
288,82,3.7,2025-05-17T03:00:00
436,196,4.0,2025-05-17T03:00:00
53,287,4.4,2025-05-17T04:00:00
74,266,3.5,2025-05-17T04:00:00
112,14,3.8,2025-05-17T04:00:00
376,266,3.9,2025-05-17T04:00:00
377,25,4.0,2025-05-17T04:00:00
358,267,1.9,2025-05-17T05:00:00
388,157,4.0,2025-05-17T05:00:00
155,259,3.1,2025-05-17T06:00:00
199,115,4.2,2025-05-17T06:00:00
341,175,4.0,2025-05-17T06:00:00
470,279,5.0,2025-05-17T06:00:00
245,149,5.0,2025-05-17T07:00:00
250,42,2.9,2025-05-17T07:00:00
465,207,5.0,2025-05-17T07:00:00
145,219,2.4,2025-05-17T08:00:00
393,9,4.5,2025-05-17T08:00:00
142,104,3.9,2025-05-17T09:00:00
399,209,2.8,2025-05-17T09:00:00
491,161,2.9,2025-05-17T09:00:00
93,243,4.8,2025-05-17T10:00:00
163,263,5.0,2025-05-17T10:00:00
384,41,4.8,2025-05-17T10:00:00
78,153,4.4,2025-05-17T11:00:00
114,87,4.2,2025-05-17T11:00:00
309,260,4.1,2025-05-17T11:00:00
487,261,4.8,2025-05-17T11:00:00
11,45,3.9,2025-05-17T12:00:00
69,184,5.0,2025-05-17T12:00:00
171,11,4.5,2025-05-17T12:00:00
187,161,4.1,2025-05-17T12:00:00
402,252,5.0,2025-05-17T12:00:00
125,284,3.7,2025-05-17T13:00:00
241,80,5.0,2025-05-17T13:00:00
284,42,2.3,2025-05-17T13:00:00
348,42,2.8,2025-05-17T13:00:00
297,192,4.4,2025-05-17T15:00:00
487,269,4.0,2025-05-17T15:00:00
73,12,3.5,2025-05-17T16:00:00
78,291,4.4,2025-05-17T16:00:00
90,56,3.2,2025-05-17T16:00:00
187,18,3.4,2025-05-17T16:00:00
227,18,4.9,2025-05-17T16:00:00
368,14,3.7,2025-05-17T16:00:00
465,165,3.5,2025-05-17T16:00:00
61,299,3.2,2025-05-17T17:00:00
146,254,5.0,2025-05-17T17:00:00
63,94,2.6,2025-05-17T18:00:00
102,108,3.0,2025-05-17T18:00:00
119,42,4.7,2025-05-17T18:00:00
322,274,4.5,2025-05-17T18:00:00
405,163,4.0,2025-05-17T18:00:00
419,50,4.0,2025-05-17T18:00:00
225,185,3.9,2025-05-17T19:00:00
296,74,4.0,2025-05-17T19:00:00
301,266,3.4,2025-05-17T19:00:00
385,198,4.0,2025-05-17T19:00:00
263,300,3.0,2025-05-17T20:00:00
277,74,3.9,2025-05-17T20:00:00
278,87,3.1,2025-05-17T20:00:00
309,187,3.4,2025-05-17T20:00:00
377,37,3.7,2025-05-17T20:00:00
498,44,2.9,2025-05-17T20:00:00
83,244,5.0,2025-05-17T21:00:00
130,164,2.6,2025-05-17T21:00:00
182,39,3.4,2025-05-17T22:00:00
242,198,5.0,2025-05-17T22:00:00
258,41,3.4,2025-05-17T22:00:00
441,216,4.9,2025-05-17T22:00:00
444,87,3.0,2025-05-17T22:00:00
36,177,3.9,2025-05-17T23:00:00
196,132,4.8,2025-05-17T23:00:00
75,121,5.0,2025-05-18T00:00:00
158,122,3.7,2025-05-18T00:00:00
199,199,3.3,2025-05-18T00:00:00
205,147,4.1,2025-05-18T00:00:00
309,153,4.8,2025-05-18T00:00:00
384,274,3.6,2025-05-18T00:00:00
28,137,4.1,2025-05-18T01:00:00
81,109,4.8,2025-05-18T01:00:00
257,248,4.3,2025-05-18T01:00:00
263,208,5.0,2025-05-18T01:00:00
269,288,3.6,2025-05-18T01:00:00
77,64,4.7,2025-05-18T02:00:00
152,202,4.9,2025-05-18T02:00:00
166,12,3.2,2025-05-18T02:00:00
254,249,3.7,2025-05-18T02:00:00
276,241,3.5,2025-05-18T02:00:00
10,6,2.8,2025-05-18T03:00:00
113,81,5.0,2025-05-18T03:00:00
376,189,5.0,2025-05-18T03:00:00
121,192,3.9,2025-05-18T04:00:00
211,53,4.5,2025-05-18T04:00:00
468,6,3.3,2025-05-18T04:00:00
49,12,5.0,2025-05-18T05:00:00
357,25,3.9,2025-05-18T05:00:00
429,284,5.0,2025-05-18T05:00:00
434,16,2.7,2025-05-18T05:00:00
439,205,4.2,2025-05-18T05:00:00
92,45,2.4,2025-05-18T06:00:00
112,23,4.0,2025-05-18T06:00:00
183,43,3.8,2025-05-18T06:00:00
263,164,4.6,2025-05-18T06:00:00
405,171,4.0,2025-05-18T06:00:00
390,125,4.7,2025-05-18T07:00:00
40,257,2.6,2025-05-18T08:00:00
323,125,2.0,2025-05-18T08:00:00
417,189,4.1,2025-05-18T08:00:00
470,6,4.0,2025-05-18T08:00:00
145,6,4.7,2025-05-18T09:00:00
264,293,4.4,2025-05-18T09:00:00
433,162,4.4,2025-05-18T09:00:00
437,165,2.7,2025-05-18T09:00:00
74,271,3.4,2025-05-18T10:00:00
124,290,3.7,2025-05-18T10:00:00
405,183,4.3,2025-05-18T10:00:00
114,122,3.6,2025-05-18T11:00:00
115,27,5.0,2025-05-18T11:00:00
160,285,4.1,2025-05-18T11:00:00
205,234,2.8,2025-05-18T11:00:00
399,255,3.3,2025-05-18T11:00:00
479,135,4.1,2025-05-18T11:00:00
488,294,3.9,2025-05-18T11:00:00
64,156,5.0,2025-05-18T12:00:00
73,189,4.8,2025-05-18T12:00:00
131,108,2.4,2025-05-18T12:00:00
167,48,2.2,2025-05-18T12:00:00
233,298,5.0,2025-05-18T12:00:00
462,149,2.8,2025-05-18T12:00:00
81,147,4.5,2025-05-18T13:00:00
288,219,2.4,2025-05-18T14:00:00
444,149,3.7,2025-05-18T14:00:00
485,122,3.9,2025-05-18T15:00:00
10,241,3.2,2025-05-18T16:00:00
75,232,4.2,2025-05-18T16:00:00
393,41,5.0,2025-05-18T16:00:00
473,248,5.0,2025-05-18T16:00:00
5,248,4.5,2025-05-18T17:00:00
8,6,2.8,2025-05-18T18:00:00
121,149,3.9,2025-05-18T18:00:00
214,10,1.3,2025-05-18T19:00:00
453,181,3.1,2025-05-18T19:00:00
40,183,2.1,2025-05-18T20:00:00
91,64,5.0,2025-05-18T20:00:00
263,232,4.8,2025-05-18T20:00:00
284,277,1.5,2025-05-18T20:00:00
132,90,4.4,2025-05-18T21:00:00
257,4,4.7,2025-05-18T21:00:00
34,18,4.5,2025-05-18T22:00:00
130,275,1.9,2025-05-18T22:00:00
171,10,3.3,2025-05-18T22:00:00
233,277,4.5,2025-05-18T22:00:00
444,209,4.7,2025-05-18T22:00:00
73,172,4.4,2025-05-18T23:00:00
74,270,2.9,2025-05-18T23:00:00
176,122,2.2,2025-05-18T23:00:00
199,243,3.7,2025-05-18T23:00:00
206,156,2.9,2025-05-18T23:00:00
322,250,3.9,2025-05-18T23:00:00
332,45,4.1,2025-05-18T23:00:00
419,164,4.5,2025-05-18T23:00:00
493,176,2.9,2025-05-18T23:00:00
61,123,3.2,2025-05-19T00:00:00
286,266,4.3,2025-05-19T00:00:00
307,196,1.7,2025-05-19T00:00:00
11,48,3.9,2025-05-19T01:00:00
143,219,2.6,2025-05-19T01:00:00
236,122,3.7,2025-05-19T01:00:00
296,216,3.6,2025-05-19T01:00:00
341,81,2.2,2025-05-19T01:00:00
69,201,4.3,2025-05-19T02:00:00
465,221,5.0,2025-05-19T02:00:00
45,210,3.6,2025-05-19T03:00:00
230,290,4.0,2025-05-19T03:00:00
343,297,3.9,2025-05-19T03:00:00
113,108,2.5,2025-05-19T04:00:00
145,162,4.0,2025-05-19T04:00:00
496,17,4.2,2025-05-19T04:00:00
273,29,2.3,2025-05-19T05:00:00
397,79,4.1,2025-05-19T05:00:00
462,150,3.3,2025-05-19T05:00:00
5,249,4.3,2025-05-19T06:00:00
450,108,4.1,2025-05-19T06:00:00
473,21,3.9,2025-05-19T06:00:00
49,263,3.5,2025-05-19T07:00:00
211,266,3.0,2025-05-19T07:00:00
20,213,4.0,2025-05-19T08:00:00
64,165,5.0,2025-05-19T08:00:00
307,149,3.0,2025-05-19T08:00:00
360,183,4.3,2025-05-19T08:00:00
58,82,5.0,2025-05-19T09:00:00
276,257,3.0,2025-05-19T09:00:00
343,254,3.4,2025-05-19T09:00:00
462,292,2.8,2025-05-19T09:00:00
327,172,3.8,2025-05-19T10:00:00
258,6,1.6,2025-05-19T11:00:00
284,250,2.4,2025-05-19T12:00:00
412,270,3.1,2025-05-19T12:00:00
455,178,4.9,2025-05-19T12:00:00
475,266,3.4,2025-05-19T13:00:00
205,115,3.2,2025-05-19T14:00:00
320,17,3.5,2025-05-19T14:00:00
349,2,5.0,2025-05-19T14:00:00
112,32,3.8,2025-05-19T15:00:00
223,90,3.7,2025-05-19T15:00:00
267,196,3.7,2025-05-19T15:00:00
405,42,3.2,2025-05-19T15:00:00
419,202,4.0,2025-05-19T15:00:00
187,74,2.4,2025-05-19T16:00:00
214,259,1.9,2025-05-19T16:00:00
250,126,4.4,2025-05-19T16:00:00
392,21,3.0,2025-05-19T16:00:00
492,162,3.9,2025-05-19T17:00:00
73,28,3.5,2025-05-19T18:00:00
131,206,3.9,2025-05-19T18:00:00
245,126,4.0,2025-05-19T18:00:00
484,155,3.6,2025-05-19T18:00:00
11,22,4.1,2025-05-19T19:00:00
142,141,4.1,2025-05-19T19:00:00
361,5,3.4,2025-05-19T19:00:00
396,6,4.1,2025-05-19T19:00:00
417,193,5.0,2025-05-19T19:00:00
498,186,3.3,2025-05-19T19:00:00
10,163,2.9,2025-05-19T20:00:00
401,299,3.9,2025-05-19T20:00:00
78,200,4.3,2025-05-19T21:00:00
113,208,3.4,2025-05-19T21:00:00
143,225,3.7,2025-05-19T21:00:00
155,300,4.9,2025-05-19T21:00:00
266,280,3.6,2025-05-19T21:00:00
462,141,4.7,2025-05-19T21:00:00
295,122,3.3,2025-05-19T23:00:00
114,153,3.7,2025-05-20T00:00:00
363,148,2.2,2025-05-20T00:00:00
59,271,4.0,2025-05-20T01:00:00
89,209,3.8,2025-05-20T02:00:00
119,122,3.9,2025-05-20T02:00:00
160,213,4.7,2025-05-20T02:00:00
219,74,5.0,2025-05-20T02:00:00
276,287,2.9,2025-05-20T02:00:00
297,181,3.3,2025-05-20T02:00:00
322,206,4.2,2025-05-20T02:00:00
479,55,2.7,2025-05-20T02:00:00
33,259,3.6,2025-05-20T03:00:00
191,180,3.7,2025-05-20T03:00:00
267,165,3.8,2025-05-20T03:00:00
337,202,3.2,2025-05-20T03:00:00
485,182,4.7,2025-05-20T03:00:00
223,246,4.2,2025-05-20T04:00:00
320,246,3.3,2025-05-20T04:00:00
35,250,3.8,2025-05-20T05:00:00
358,217,3.4,2025-05-20T05:00:00
411,89,5.0,2025-05-20T05:00:00
5,176,4.1,2025-05-20T06:00:00
34,122,2.2,2025-05-20T06:00:00
61,238,4.4,2025-05-20T06:00:00
93,202,3.9,2025-05-20T06:00:00
187,2,4.0,2025-05-20T06:00:00
433,254,4.5,2025-05-20T06:00:00
491,58,4.0,2025-05-20T06:00:00
121,168,4.5,2025-05-20T07:00:00
196,106,4.1,2025-05-20T07:00:00
202,89,2.7,2025-05-20T07:00:00
390,162,4.7,2025-05-20T07:00:00
439,248,4.2,2025-05-20T07:00:00
63,259,2.1,2025-05-20T08:00:00
376,183,3.7,2025-05-20T08:00:00
453,188,3.5,2025-05-20T09:00:00
486,122,2.2,2025-05-20T09:00:00
160,178,2.6,2025-05-20T10:00:00
45,129,5.0,2025-05-20T11:00:00
113,88,4.8,2025-05-20T11:00:00
309,259,3.7,2025-05-20T11:00:00
339,19,4.7,2025-05-20T11:00:00
445,122,4.9,2025-05-20T11:00:00
106,29,5.0,2025-05-20T12:00:00
236,259,4.9,2025-05-20T12:00:00
20,209,2.9,2025-05-20T13:00:00
55,246,5.0,2025-05-20T13:00:00
81,292,3.7,2025-05-20T13:00:00
83,264,3.9,2025-05-20T13:00:00
145,2,4.5,2025-05-20T13:00:00
155,260,4.3,2025-05-20T13:00:00
186,48,3.8,2025-05-20T13:00:00
242,183,5.0,2025-05-20T13:00:00
461,209,2.3,2025-05-20T13:00:00
91,200,4.3,2025-05-20T14:00:00
225,151,5.0,2025-05-20T14:00:00
213,200,4.3,2025-05-20T16:00:00
488,263,4.6,2025-05-20T16:00:00
28,29,2.7,2025-05-20T17:00:00
368,102,3.0,2025-05-20T17:00:00
447,48,3.2,2025-05-20T17:00:00
487,263,4.0,2025-05-20T17:00:00
102,110,4.9,2025-05-20T18:00:00
158,157,3.4,2025-05-20T18:00:00
323,107,1.9,2025-05-20T18:00:00
360,152,2.8,2025-05-20T18:00:00
10,94,3.8,2025-05-20T19:00:00
32,202,3.8,2025-05-20T19:00:00
53,262,4.0,2025-05-20T19:00:00
136,209,3.9,2025-05-20T19:00:00
171,2,3.7,2025-05-20T19:00:00
106,13,5.0,2025-05-20T20:00:00
341,155,3.0,2025-05-20T20:00:00
227,12,5.0,2025-05-20T21:00:00
337,77,4.1,2025-05-20T21:00:00
485,176,5.0,2025-05-20T21:00:00
167,165,4.3,2025-05-20T22:00:00
258,209,2.1,2025-05-20T22:00:00
277,87,2.4,2025-05-20T22:00:00
384,275,3.4,2025-05-20T22:00:00
397,217,1.5,2025-05-20T22:00:00
166,64,2.7,2025-05-20T23:00:00
176,266,3.1,2025-05-20T23:00:00
242,273,5.0,2025-05-20T23:00:00
163,86,5.0,2025-05-21T00:00:00
278,18,4.8,2025-05-21T00:00:00
348,178,3.8,2025-05-21T00:00:00
361,243,3.1,2025-05-21T00:00:00
429,291,4.2,2025-05-21T00:00:00
20,219,3.9,2025-05-21T01:00:00
61,116,3.9,2025-05-21T01:00:00
199,266,3.1,2025-05-21T01:00:00
284,183,2.5,2025-05-21T01:00:00
411,70,5.0,2025-05-21T02:00:00
182,274,4.0,2025-05-21T03:00:00
225,191,4.5,2025-05-21T03:00:00
241,70,4.8,2025-05-21T04:00:00
309,183,5.0,2025-05-21T04:00:00
388,240,3.6,2025-05-21T04:00:00
465,247,4.9,2025-05-21T04:00:00
393,19,4.7,2025-05-21T05:00:00
33,202,4.4,2025-05-21T06:00:00
75,39,3.6,2025-05-21T06:00:00
89,29,3.5,2025-05-21T06:00:00
297,34,2.9,2025-05-21T06:00:00
402,266,4.3,2025-05-21T06:00:00
49,10,4.9,2025-05-21T07:00:00
419,48,4.5,2025-05-21T07:00:00
257,202,4.7,2025-05-21T08:00:00
363,248,2.7,2025-05-21T08:00:00
254,56,4.9,2025-05-21T09:00:00
332,87,4.6,2025-05-21T09:00:00
36,178,4.2,2025-05-21T10:00:00
40,17,4.2,2025-05-21T10:00:00
191,45,2.8,2025-05-21T10:00:00
434,214,4.1,2025-05-21T10:00:00
441,250,5.0,2025-05-21T10:00:00
496,8,3.9,2025-05-21T10:00:00
245,127,5.0,2025-05-21T11:00:00
250,149,3.4,2025-05-21T11:00:00
327,291,3.3,2025-05-21T11:00:00
90,128,4.7,2025-05-21T12:00:00
91,21,5.0,2025-05-21T12:00:00
158,7,4.4,2025-05-21T12:00:00
92,153,4.3,2025-05-21T13:00:00
125,179,2.0,2025-05-21T13:00:00
146,89,3.7,2025-05-21T13:00:00
339,49,5.0,2025-05-21T13:00:00
8,79,3.8,2025-05-21T14:00:00
385,164,4.7,2025-05-21T14:00:00
266,123,5.0,2025-05-21T15:00:00
493,68,3.6,2025-05-21T15:00:00
301,164,4.1,2025-05-21T16:00:00
445,12,3.4,2025-05-21T16:00:00
288,212,3.2,2025-05-21T17:00:00
411,55,5.0,2025-05-21T17:00:00
74,290,3.0,2025-05-21T18:00:00
397,75,4.0,2025-05-21T18:00:00
145,178,3.5,2025-05-21T19:00:00
171,209,3.5,2025-05-21T19:00:00
61,243,3.6,2025-05-21T20:00:00
69,256,4.1,2025-05-21T20:00:00
81,61,5.0,2025-05-21T20:00:00
115,43,4.1,2025-05-21T20:00:00
124,264,4.0,2025-05-21T20:00:00
211,55,5.0,2025-05-21T20:00:00
433,99,3.8,2025-05-21T20:00:00
230,122,3.8,2025-05-21T21:00:00
358,87,2.8,2025-05-21T21:00:00
53,152,2.5,2025-05-21T22:00:00
106,31,5.0,2025-05-21T22:00:00
439,279,4.5,2025-05-21T22:00:00
152,288,4.0,2025-05-21T23:00:00
242,277,5.0,2025-05-21T23:00:00
445,182,4.8,2025-05-21T23:00:00
77,55,4.8,2025-05-22T00:00:00
130,45,1.9,2025-05-22T00:00:00
269,189,4.5,2025-05-22T00:00:00
11,33,4.0,2025-05-22T01:00:00
136,230,3.8,2025-05-22T01:00:00
206,159,4.0,2025-05-22T01:00:00
401,211,2.9,2025-05-22T01:00:00
264,76,2.6,2025-05-22T02:00:00
295,74,4.2,2025-05-22T02:00:00
341,74,2.5,2025-05-22T02:00:00
36,164,4.3,2025-05-22T03:00:00
78,155,4.9,2025-05-22T03:00:00
183,39,4.0,2025-05-22T03:00:00
357,9,3.3,2025-05-22T03:00:00
358,238,2.2,2025-05-22T03:00:00
233,266,4.5,2025-05-22T04:00:00
429,152,3.6,2025-05-22T04:00:00
115,176,4.3,2025-05-22T05:00:00
267,163,4.0,2025-05-22T05:00:00
32,75,3.9,2025-05-22T06:00:00
68,155,4.1,2025-05-22T06:00:00
385,57,4.5,2025-05-22T06:00:00
205,111,4.3,2025-05-22T07:00:00
437,26,3.2,2025-05-22T07:00:00
470,299,4.3,2025-05-22T07:00:00
484,249,5.0,2025-05-22T07:00:00
461,118,2.9,2025-05-22T08:00:00
59,272,3.3,2025-05-22T09:00:00
64,184,4.9,2025-05-22T09:00:00
191,198,3.9,2025-05-22T09:00:00
360,154,3.7,2025-05-22T09:00:00
81,87,5.0,2025-05-22T10:00:00
399,9,5.0,2025-05-22T10:00:00
49,17,5.0,2025-05-22T11:00:00
186,41,3.7,2025-05-22T11:00:00
277,89,4.4,2025-05-22T11:00:00
412,189,4.9,2025-05-22T11:00:00
462,102,3.8,2025-05-22T11:00:00
5,278,3.1,2025-05-22T12:00:00
132,78,4.6,2025-05-22T12:00:00
493,94,3.1,2025-05-22T12:00:00
498,269,1.3,2025-05-22T12:00:00
242,266,5.0,2025-05-22T13:00:00
444,162,2.5,2025-05-22T13:00:00
332,93,5.0,2025-05-22T14:00:00
363,55,1.5,2025-05-22T14:00:00
447,46,2.0,2025-05-22T14:00:00
484,122,3.5,2025-05-22T14:00:00
496,41,3.1,2025-05-22T14:00:00
58,195,4.1,2025-05-22T15:00:00
119,49,4.4,2025-05-22T15:00:00
475,3,4.5,2025-05-22T15:00:00
114,90,5.0,2025-05-22T16:00:00
167,170,3.1,2025-05-22T16:00:00
225,162,4.2,2025-05-22T16:00:00
121,196,4.6,2025-05-22T17:00:00
153,92,4.8,2025-05-22T17:00:00
187,48,3.9,2025-05-22T17:00:00
211,73,5.0,2025-05-22T17:00:00
28,234,3.0,2025-05-22T18:00:00
102,102,3.3,2025-05-22T18:00:00
337,100,3.9,2025-05-22T18:00:00
453,89,3.5,2025-05-22T18:00:00
112,41,4.8,2025-05-22T19:00:00
358,68,1.8,2025-05-22T19:00:00
68,181,4.6,2025-05-22T20:00:00
263,229,5.0,2025-05-22T20:00:00
286,151,4.3,2025-05-22T20:00:00
405,186,3.4,2025-05-22T20:00:00
8,162,3.1,2025-05-22T21:00:00
74,267,3.8,2025-05-22T21:00:00
142,216,3.9,2025-05-22T21:00:00
163,98,5.0,2025-05-22T21:00:00
264,291,4.4,2025-05-22T21:00:00
388,190,2.8,2025-05-22T21:00:00
166,87,3.4,2025-05-22T22:00:00
219,108,4.4,2025-05-22T22:00:00
242,269,4.3,2025-05-22T22:00:00
343,42,1.5,2025-05-22T22:00:00
349,22,4.8,2025-05-22T22:00:00
450,42,4.2,2025-05-22T22:00:00
146,286,3.7,2025-05-22T23:00:00
376,29,4.2,2025-05-22T23:00:00
479,147,4.8,2025-05-22T23:00:00
486,95,1.6,2025-05-22T23:00:00
496,35,4.8,2025-05-22T23:00:00
143,246,2.5,2025-05-23T00:00:00
296,89,3.4,2025-05-23T00:00:00
309,162,4.0,2025-05-23T00:00:00
59,122,2.4,2025-05-23T01:00:00
73,246,2.2,2025-05-23T01:00:00
113,75,4.2,2025-05-23T01:00:00
273,242,3.4,2025-05-23T01:00:00
399,48,5.0,2025-05-23T01:00:00
12,151,2.3,2025-05-23T02:00:00
405,212,2.4,2025-05-23T02:00:00
206,34,3.7,2025-05-23T03:00:00
233,287,4.2,2025-05-23T03:00:00
429,258,4.3,2025-05-23T03:00:00
477,88,3.8,2025-05-23T03:00:00
337,25,3.2,2025-05-23T04:00:00
392,29,5.0,2025-05-23T04:00:00
491,88,4.5,2025-05-23T04:00:00
90,42,4.6,2025-05-23T05:00:00
92,166,4.9,2025-05-23T05:00:00
236,129,4.6,2025-05-23T05:00:00
307,124,2.2,2025-05-23T05:00:00
473,202,3.9,2025-05-23T05:00:00
493,66,4.0,2025-05-23T05:00:00
124,155,2.7,2025-05-23T06:00:00
223,175,3.2,2025-05-23T06:00:00
444,249,3.8,2025-05-23T06:00:00
396,249,5.0,2025-05-23T07:00:00
434,243,2.8,2025-05-23T07:00:00
35,161,5.0,2025-05-23T08:00:00
155,274,4.0,2025-05-23T08:00:00
227,32,4.9,2025-05-23T08:00:00
301,300,4.2,2025-05-23T08:00:00
363,211,3.4,2025-05-23T09:00:00
473,141,4.4,2025-05-23T09:00:00
33,247,3.7,2025-05-23T10:00:00
34,2,2.8,2025-05-23T10:00:00
213,160,2.6,2025-05-23T11:00:00
441,220,4.8,2025-05-23T11:00:00
455,74,4.1,2025-05-23T11:00:00
241,189,5.0,2025-05-23T12:00:00
296,100,4.4,2025-05-23T12:00:00
453,166,3.0,2025-05-23T12:00:00
63,122,4.4,2025-05-23T13:00:00
73,11,4.2,2025-05-23T13:00:00
225,159,5.0,2025-05-23T13:00:00
297,164,3.7,2025-05-23T13:00:00
361,257,2.5,2025-05-23T13:00:00
390,196,5.0,2025-05-23T13:00:00
397,284,3.2,2025-05-23T13:00:00
393,42,3.8,2025-05-23T14:00:00
399,44,3.6,2025-05-23T14:00:00
485,189,4.9,2025-05-23T14:00:00
160,207,3.7,2025-05-23T15:00:00
176,172,4.8,2025-05-23T15:00:00
277,62,4.0,2025-05-23T15:00:00
385,74,3.2,2025-05-23T15:00:00
433,266,5.0,2025-05-23T15:00:00
487,210,3.8,2025-05-23T15:00:00
152,239,5.0,2025-05-23T16:00:00
320,87,3.7,2025-05-23T16:00:00
322,222,4.0,2025-05-23T16:00:00
470,261,4.9,2025-05-23T16:00:00
491,51,2.9,2025-05-23T16:00:00
493,91,3.9,2025-05-23T16:00:00
78,277,4.4,2025-05-23T17:00:00
196,74,3.2,2025-05-23T17:00:00
276,148,2.5,2025-05-23T18:00:00
309,159,4.8,2025-05-23T18:00:00
75,75,2.8,2025-05-23T19:00:00
89,89,2.8,2025-05-23T19:00:00
121,165,4.7,2025-05-23T19:00:00
156,48,3.4,2025-05-23T19:00:00
263,258,3.5,2025-05-23T19:00:00
417,89,3.4,2025-05-23T19:00:00
429,206,2.7,2025-05-23T19:00:00
461,31,4.6,2025-05-23T19:00:00
258,29,3.6,2025-05-23T20:00:00
360,187,4.4,2025-05-23T20:00:00
388,164,4.6,2025-05-23T20:00:00
11,18,3.9,2025-05-23T21:00:00
166,99,3.6,2025-05-23T21:00:00
213,122,1.8,2025-05-23T21:00:00
10,40,3.4,2025-05-23T22:00:00
36,160,4.2,2025-05-23T22:00:00
59,286,4.2,2025-05-23T22:00:00
479,129,5.0,2025-05-23T22:00:00
45,151,2.7,2025-05-23T23:00:00
332,276,4.0,2025-05-23T23:00:00
62,25,3.4,2025-05-24T00:00:00
91,87,4.9,2025-05-24T00:00:00
113,63,4.0,2025-05-24T00:00:00
349,6,5.0,2025-05-24T00:00:00
163,172,4.9,2025-05-24T01:00:00
202,55,2.7,2025-05-24T01:00:00
284,198,3.3,2025-05-24T01:00:00
433,269,4.6,2025-05-24T01:00:00
36,122,2.7,2025-05-24T02:00:00
63,279,4.0,2025-05-24T02:00:00
102,112,2.3,2025-05-24T02:00:00
269,184,5.0,2025-05-24T02:00:00
363,201,3.8,2025-05-24T02:00:00
73,46,4.2,2025-05-24T03:00:00
477,87,4.5,2025-05-24T03:00:00
343,162,2.1,2025-05-24T05:00:00
348,286,3.5,2025-05-24T05:00:00
64,64,4.4,2025-05-24T06:00:00
93,38,4.6,2025-05-24T06:00:00
205,128,4.5,2025-05-24T06:00:00
236,299,3.8,2025-05-24T06:00:00
384,24,3.3,2025-05-24T06:00:00
411,56,5.0,2025-05-24T06:00:00
487,259,4.9,2025-05-24T06:00:00
158,38,4.1,2025-05-24T07:00:00
392,209,2.9,2025-05-24T07:00:00
447,11,3.2,2025-05-24T07:00:00
32,204,4.4,2025-05-24T08:00:00
33,291,3.2,2025-05-24T08:00:00
90,141,4.3,2025-05-24T09:00:00
125,294,4.5,2025-05-24T09:00:00
176,59,5.0,2025-05-24T09:00:00
245,140,4.7,2025-05-24T09:00:00
402,267,3.2,2025-05-24T09:00:00
462,286,2.9,2025-05-24T09:00:00
58,265,3.9,2025-05-24T10:00:00
77,182,3.0,2025-05-24T10:00:00
327,70,4.8,2025-05-24T10:00:00
75,206,4.9,2025-05-24T11:00:00
106,42,5.0,2025-05-24T11:00:00
163,154,5.0,2025-05-24T11:00:00
205,149,4.7,2025-05-24T11:00:00
461,18,3.2,2025-05-24T11:00:00
498,200,3.6,2025-05-24T11:00:00
55,153,3.2,2025-05-24T12:00:00
186,5,4.0,2025-05-24T12:00:00
227,213,3.3,2025-05-24T12:00:00
242,187,5.0,2025-05-24T12:00:00
296,219,3.7,2025-05-24T12:00:00
488,264,3.6,2025-05-24T12:00:00
35,165,4.1,2025-05-24T13:00:00
36,191,4.3,2025-05-24T13:00:00
259,29,5.0,2025-05-24T13:00:00
368,47,3.8,2025-05-24T13:00:00
383,122,3.4,2025-05-24T13:00:00
441,231,4.2,2025-05-24T13:00:00
487,272,4.9,2025-05-24T13:00:00
20,216,3.7,2025-05-24T14:00:00
112,10,3.4,2025-05-24T14:00:00
158,81,2.7,2025-05-24T14:00:00
278,238,3.5,2025-05-24T14:00:00
462,258,2.4,2025-05-24T14:00:00
40,91,3.5,2025-05-24T15:00:00
91,89,4.2,2025-05-24T15:00:00
64,54,3.1,2025-05-24T16:00:00
74,296,4.0,2025-05-24T16:00:00
219,150,4.2,2025-05-24T16:00:00
323,291,1.6,2025-05-24T16:00:00
339,6,4.5,2025-05-24T16:00:00
455,122,4.6,2025-05-24T16:00:00
171,155,3.8,2025-05-24T17:00:00
124,295,3.8,2025-05-24T18:00:00
230,187,4.8,2025-05-24T19:00:00
250,45,2.8,2025-05-24T19:00:00
254,85,4.1,2025-05-24T19:00:00
267,172,4.2,2025-05-24T19:00:00
61,41,3.0,2025-05-24T20:00:00
264,232,3.9,2025-05-24T20:00:00
49,19,3.8,2025-05-24T21:00:00
121,279,2.6,2025-05-24T21:00:00
12,17,3.8,2025-05-24T22:00:00
167,189,3.2,2025-05-24T22:00:00
182,267,4.8,2025-05-24T22:00:00
183,250,4.1,2025-05-24T22:00:00
223,293,2.2,2025-05-24T22:00:00
327,216,4.7,2025-05-24T22:00:00
462,30,3.1,2025-05-24T22:00:00
401,182,4.8,2025-05-24T23:00:00
417,185,4.3,2025-05-24T23:00:00
447,35,2.2,2025-05-24T23:00:00
130,232,2.8,2025-05-25T00:00:00
384,74,3.1,2025-05-25T00:00:00
477,209,2.2,2025-05-25T00:00:00
69,209,3.2,2025-05-25T01:00:00
276,274,3.1,2025-05-25T01:00:00
453,175,3.3,2025-05-25T01:00:00
136,216,3.2,2025-05-25T02:00:00
411,74,5.0,2025-05-25T02:00:00
444,147,4.5,2025-05-25T02:00:00
36,159,4.0,2025-05-25T03:00:00
297,141,3.9,2025-05-25T03:00:00
465,223,5.0,2025-05-25T03:00:00
81,70,5.0,2025-05-25T04:00:00
341,141,2.0,2025-05-25T04:00:00
115,89,3.3,2025-05-25T05:00:00
266,145,5.0,2025-05-25T05:00:00
393,29,5.0,2025-05-25T05:00:00
445,189,5.0,2025-05-25T05:00:00
132,267,2.6,2025-05-25T06:00:00
156,175,4.0,2025-05-25T06:00:00
267,151,4.7,2025-05-25T06:00:00
392,37,3.0,2025-05-25T06:00:00
402,74,2.7,2025-05-25T06:00:00
64,153,5.0,2025-05-25T07:00:00
153,74,5.0,2025-05-25T07:00:00
343,209,2.0,2025-05-25T07:00:00
257,203,5.0,2025-05-25T08:00:00
439,232,3.6,2025-05-25T08:00:00
102,45,2.1,2025-05-25T09:00:00
98,213,3.5,2025-05-25T10:00:00
487,300,5.0,2025-05-25T10:00:00
227,93,4.8,2025-05-25T11:00:00
295,282,4.1,2025-05-25T11:00:00
113,64,4.4,2025-05-25T12:00:00
160,292,4.0,2025-05-25T12:00:00
211,178,4.2,2025-05-25T12:00:00
307,210,2.3,2025-05-25T12:00:00
363,242,3.9,2025-05-25T12:00:00
286,198,4.5,2025-05-25T13:00:00
297,165,2.8,2025-05-25T13:00:00
445,164,4.6,2025-05-25T13:00:00
59,45,3.2,2025-05-25T15:00:00
233,129,3.6,2025-05-25T15:00:00
284,156,3.3,2025-05-25T15:00:00
288,216,3.7,2025-05-25T15:00:00
437,34,4.7,2025-05-25T15:00:00
488,222,4.0,2025-05-25T15:00:00
496,266,2.6,2025-05-25T15:00:00
187,155,4.7,2025-05-25T16:00:00
493,69,4.3,2025-05-25T16:00:00
45,89,3.3,2025-05-25T17:00:00
53,274,4.8,2025-05-25T17:00:00
145,27,3.5,2025-05-25T17:00:00
269,89,3.8,2025-05-25T17:00:00
361,56,2.2,2025-05-25T17:00:00
376,42,4.0,2025-05-25T17:00:00
399,122,3.2,2025-05-25T17:00:00
68,202,5.0,2025-05-25T18:00:00
447,24,1.6,2025-05-25T18:00:00
119,162,3.4,2025-05-25T19:00:00
357,76,3.6,2025-05-25T19:00:00
75,246,3.2,2025-05-25T20:00:00
133,242,4.6,2025-05-25T20:00:00
358,85,2.6,2025-05-25T20:00:00
34,17,4.1,2025-05-25T21:00:00
171,161,2.9,2025-05-25T21:00:00
183,131,2.6,2025-05-25T21:00:00
206,243,2.3,2025-05-25T21:00:00
53,279,4.1,2025-05-25T22:00:00
213,300,2.6,2025-05-25T22:00:00
390,178,5.0,2025-05-25T22:00:00
102,149,3.4,2025-05-25T23:00:00
399,34,4.5,2025-05-25T23:00:00
429,252,4.3,2025-05-25T23:00:00
63,284,4.5,2025-05-26T00:00:00
276,96,3.1,2025-05-26T00:00:00
323,74,1.0,2025-05-26T00:00:00
92,261,3.5,2025-05-26T01:00:00
412,87,3.8,2025-05-26T01:00:00
433,253,4.2,2025-05-26T01:00:00
5,168,5.0,2025-05-26T03:00:00
241,122,5.0,2025-05-26T03:00:00
28,206,3.4,2025-05-26T04:00:00
136,244,3.8,2025-05-26T04:00:00
156,20,3.5,2025-05-26T04:00:00
10,211,3.0,2025-05-26T05:00:00
167,164,4.9,2025-05-26T05:00:00
337,279,2.6,2025-05-26T05:00:00
411,164,4.0,2025-05-26T05:00:00
34,250,2.9,2025-05-26T06:00:00
143,238,3.3,2025-05-26T06:00:00
191,272,3.4,2025-05-26T06:00:00
320,26,3.3,2025-05-26T06:00:00
62,17,2.5,2025-05-26T07:00:00
92,164,3.6,2025-05-26T07:00:00
98,137,3.3,2025-05-26T07:00:00
225,271,3.0,2025-05-26T07:00:00
360,5,3.1,2025-05-26T07:00:00
444,74,3.6,2025-05-26T08:00:00
484,108,2.9,2025-05-26T08:00:00
496,5,3.8,2025-05-26T08:00:00
301,161,5.0,2025-05-26T09:00:00
322,299,3.6,2025-05-26T09:00:00
465,74,3.8,2025-05-26T09:00:00
77,253,2.8,2025-05-26T10:00:00
397,89,5.0,2025-05-26T10:00:00
434,97,4.5,2025-05-26T10:00:00
40,87,3.2,2025-05-26T11:00:00
121,200,4.0,2025-05-26T11:00:00
250,123,4.3,2025-05-26T11:00:00
498,191,4.1,2025-05-26T11:00:00
114,93,4.8,2025-05-26T12:00:00
259,33,4.7,2025-05-26T12:00:00
8,46,4.4,2025-05-26T13:00:00
12,42,2.8,2025-05-26T13:00:00
233,31,2.8,2025-05-26T13:00:00
267,158,4.6,2025-05-26T13:00:00
357,219,2.6,2025-05-26T13:00:00
475,58,3.4,2025-05-26T14:00:00
11,42,4.4,2025-05-26T15:00:00
227,55,5.0,2025-05-26T16:00:00
327,165,3.7,2025-05-26T16:00:00
462,112,3.0,2025-05-26T16:00:00
171,169,4.6,2025-05-26T17:00:00
269,268,4.0,2025-05-26T17:00:00
402,42,2.6,2025-05-26T17:00:00
405,5,3.3,2025-05-26T17:00:00
450,202,3.0,2025-05-26T17:00:00
491,17,2.7,2025-05-26T18:00:00
206,17,3.3,2025-05-26T19:00:00
277,71,4.6,2025-05-26T19:00:00
192,212,4.8,2025-05-26T20:00:00
250,109,4.4,2025-05-26T20:00:00
266,142,5.0,2025-05-26T21:00:00
473,245,4.2,2025-05-26T21:00:00
487,270,5.0,2025-05-26T21:00:00
155,290,5.0,2025-05-26T22:00:00
202,150,4.0,2025-05-26T22:00:00
273,270,4.7,2025-05-26T22:00:00
278,101,3.8,2025-05-26T22:00:00
401,146,3.7,2025-05-26T22:00:00
78,152,4.5,2025-05-26T23:00:00
158,13,4.3,2025-05-26T23:00:00
20,205,3.4,2025-05-27T00:00:00
93,244,2.9,2025-05-27T00:00:00
166,60,3.3,2025-05-27T00:00:00
171,18,4.7,2025-05-27T00:00:00
200,62,4.5,2025-05-27T00:00:00
396,238,4.0,2025-05-27T00:00:00
32,201,4.3,2025-05-27T01:00:00
163,52,5.0,2025-05-27T01:00:00
263,205,5.0,2025-05-27T01:00:00
192,250,4.5,2025-05-27T02:00:00
339,29,5.0,2025-05-27T02:00:00
485,49,3.9,2025-05-27T02:00:00
278,38,4.6,2025-05-27T03:00:00
439,263,4.9,2025-05-27T03:00:00
36,189,2.9,2025-05-27T04:00:00
182,199,2.7,2025-05-27T04:00:00
296,267,3.2,2025-05-27T04:00:00
475,87,4.0,2025-05-27T04:00:00
10,213,2.6,2025-05-27T05:00:00
183,32,2.7,2025-05-27T05:00:00
276,245,2.8,2025-05-27T05:00:00
295,294,2.4,2025-05-27T05:00:00
385,182,3.9,2025-05-27T05:00:00
388,181,4.2,2025-05-27T05:00:00
434,73,4.2,2025-05-27T05:00:00
470,178,3.1,2025-05-27T05:00:00
477,74,3.4,2025-05-27T05:00:00
20,238,3.9,2025-05-27T06:00:00
35,166,4.5,2025-05-27T06:00:00
236,287,3.7,2025-05-27T06:00:00
288,260,2.6,2025-05-27T06:00:00
28,111,4.1,2025-05-27T07:00:00
73,293,3.7,2025-05-27T07:00:00
339,20,4.1,2025-05-27T07:00:00
473,222,4.5,2025-05-27T07:00:00
485,58,4.1,2025-05-27T07:00:00
92,178,5.0,2025-05-27T08:00:00
106,17,5.0,2025-05-27T08:00:00
412,244,2.4,2025-05-27T08:00:00
58,164,4.1,2025-05-27T09:00:00
112,43,4.1,2025-05-27T09:00:00
124,102,2.9,2025-05-27T09:00:00
152,45,4.0,2025-05-27T09:00:00
349,50,4.2,2025-05-27T09:00:00
132,91,4.3,2025-05-27T10:00:00
196,119,4.7,2025-05-27T10:00:00
242,287,5.0,2025-05-27T10:00:00
392,5,4.4,2025-05-27T10:00:00
429,164,3.0,2025-05-27T10:00:00
5,196,5.0,2025-05-27T11:00:00
90,200,3.6,2025-05-27T11:00:00
61,164,2.2,2025-05-27T12:00:00
360,87,2.4,2025-05-27T12:00:00
32,219,4.1,2025-05-27T13:00:00
213,156,3.6,2025-05-27T13:00:00
309,45,4.1,2025-05-27T13:00:00
11,29,3.5,2025-05-27T14:00:00
417,184,4.5,2025-05-27T14:00:00
200,56,4.5,2025-05-27T15:00:00
254,17,3.5,2025-05-27T15:00:00
411,87,5.0,2025-05-27T15:00:00
461,249,3.0,2025-05-27T15:00:00
219,63,3.3,2025-05-27T16:00:00
230,175,4.5,2025-05-27T16:00:00
258,25,4.0,2025-05-27T16:00:00
343,299,4.0,2025-05-27T16:00:00
368,48,3.9,2025-05-27T16:00:00
433,270,4.1,2025-05-27T16:00:00
485,162,4.9,2025-05-27T16:00:00
59,164,2.9,2025-05-27T17:00:00
89,141,5.0,2025-05-27T17:00:00
227,46,3.8,2025-05-27T17:00:00
462,182,2.4,2025-05-27T17:00:00
236,265,4.4,2025-05-27T18:00:00
297,115,3.5,2025-05-27T18:00:00
393,45,4.6,2025-05-27T18:00:00
488,207,3.5,2025-05-27T18:00:00
32,89,4.3,2025-05-27T19:00:00
33,150,2.9,2025-05-27T19:00:00
55,178,5.0,2025-05-27T19:00:00
102,209,2.1,2025-05-27T19:00:00
113,222,3.2,2025-05-27T19:00:00
203,55,4.5,2025-05-27T19:00:00
453,209,3.2,2025-05-27T19:00:00
74,274,3.7,2025-05-27T20:00:00
91,74,4.3,2025-05-27T20:00:00
225,206,4.5,2025-05-27T20:00:00
230,165,4.5,2025-05-27T20:00:00
479,150,4.8,2025-05-27T20:00:00
40,57,4.2,2025-05-27T21:00:00
241,274,4.4,2025-05-27T21:00:00
320,90,4.0,2025-05-27T21:00:00
434,60,4.4,2025-05-27T21:00:00
45,227,3.3,2025-05-27T22:00:00
69,244,3.4,2025-05-27T22:00:00
176,162,4.3,2025-05-27T22:00:00
245,90,3.3,2025-05-27T22:00:00
363,219,3.6,2025-05-27T22:00:00
233,50,2.8,2025-05-27T23:00:00
465,232,5.0,2025-05-27T23:00:00
34,75,2.5,2025-05-28T01:00:00
49,280,3.6,2025-05-28T01:00:00
273,201,3.4,2025-05-28T01:00:00
445,227,3.2,2025-05-28T01:00:00
53,13,3.0,2025-05-28T02:00:00
74,74,1.8,2025-05-28T02:00:00
77,97,4.9,2025-05-28T02:00:00
205,108,4.6,2025-05-28T02:00:00
264,300,4.2,2025-05-28T02:00:00
297,167,4.3,2025-05-28T02:00:00
383,50,1.4,2025-05-28T02:00:00
441,65,2.7,2025-05-28T02:00:00
5,213,4.7,2025-05-28T03:00:00
113,173,2.8,2025-05-28T03:00:00
186,164,2.6,2025-05-28T03:00:00
213,155,4.3,2025-05-28T03:00:00
348,299,4.8,2025-05-28T03:00:00
393,277,3.5,2025-05-28T03:00:00
475,89,4.5,2025-05-28T03:00:00
496,33,4.4,2025-05-28T03:00:00
62,176,3.8,2025-05-28T04:00:00
32,72,4.3,2025-05-28T05:00:00
125,122,2.1,2025-05-28T06:00:00
341,181,4.0,2025-05-28T06:00:00
485,152,4.7,2025-05-28T06:00:00
242,191,5.0,2025-05-28T07:00:00
361,145,5.0,2025-05-28T07:00:00
437,39,4.5,2025-05-28T07:00:00
284,195,3.7,2025-05-28T08:00:00
58,149,3.8,2025-05-28T09:00:00
186,115,3.1,2025-05-28T09:00:00
223,208,3.8,2025-05-28T09:00:00
307,42,2.8,2025-05-28T09:00:00
441,245,4.8,2025-05-28T09:00:00
473,227,4.1,2025-05-28T09:00:00
295,277,2.4,2025-05-28T10:00:00
368,176,2.7,2025-05-28T10:00:00
412,29,2.6,2025-05-28T10:00:00
447,176,2.8,2025-05-28T10:00:00
40,25,4.4,2025-05-28T11:00:00
257,68,4.5,2025-05-28T11:00:00
383,123,2.0,2025-05-28T11:00:00
219,216,3.3,2025-05-28T12:00:00
91,205,3.8,2025-05-28T13:00:00
132,17,4.4,2025-05-28T13:00:00
145,79,3.6,2025-05-28T13:00:00
192,178,3.1,2025-05-28T13:00:00
337,94,3.8,2025-05-28T13:00:00
358,202,2.9,2025-05-28T13:00:00
455,176,4.5,2025-05-28T13:00:00
397,42,2.4,2025-05-28T14:00:00
461,168,3.2,2025-05-28T14:00:00
485,151,4.7,2025-05-28T14:00:00
441,122,2.3,2025-05-28T15:00:00
498,196,3.7,2025-05-28T15:00:00
158,49,4.9,2025-05-28T16:00:00
301,183,4.5,2025-05-28T16:00:00
453,111,1.8,2025-05-28T16:00:00
479,287,4.3,2025-05-28T16:00:00
5,250,5.0,2025-05-28T17:00:00
75,244,2.8,2025-05-28T17:00:00
136,29,2.4,2025-05-28T17:00:00
160,293,3.8,2025-05-28T17:00:00
286,135,4.5,2025-05-28T17:00:00
444,28,3.8,2025-05-28T17:00:00
241,34,3.9,2025-05-28T18:00:00
341,42,2.0,2025-05-28T18:00:00
363,217,2.7,2025-05-28T18:00:00
383,10,1.1,2025-05-28T18:00:00
59,267,3.8,2025-05-28T20:00:00
130,266,2.5,2025-05-28T20:00:00
187,197,4.2,2025-05-28T20:00:00
327,80,5.0,2025-05-28T20:00:00
115,19,4.0,2025-05-28T21:00:00
12,48,2.7,2025-05-28T22:00:00
114,89,4.9,2025-05-28T22:00:00
156,172,3.1,2025-05-28T22:00:00
236,112,4.5,2025-05-28T22:00:00
392,42,3.3,2025-05-28T22:00:00
450,115,3.7,2025-05-28T22:00:00
479,125,4.7,2025-05-28T22:00:00
10,20,3.4,2025-05-28T23:00:00
132,59,4.0,2025-05-28T23:00:00
390,123,4.4,2025-05-28T23:00:00
412,274,3.3,2025-05-28T23:00:00
462,279,3.3,2025-05-28T23:00:00
61,10,2.9,2025-05-29T00:00:00
125,257,3.5,2025-05-29T00:00:00
277,53,3.8,2025-05-29T00:00:00
429,251,3.3,2025-05-29T00:00:00
8,22,3.7,2025-05-29T01:00:00
59,87,4.4,2025-05-29T01:00:00
98,206,3.9,2025-05-29T01:00:00
121,54,4.2,2025-05-29T01:00:00
266,131,4.6,2025-05-29T01:00:00
360,180,4.2,2025-05-29T01:00:00
385,216,3.8,2025-05-29T01:00:00
133,216,5.0,2025-05-29T02:00:00
245,187,4.3,2025-05-29T02:00:00
447,17,2.7,2025-05-29T02:00:00
64,176,4.6,2025-05-29T03:00:00
78,195,3.9,2025-05-29T03:00:00
81,149,4.5,2025-05-29T03:00:00
155,285,4.7,2025-05-29T03:00:00
153,61,3.8,2025-05-29T04:00:00
320,141,3.3,2025-05-29T04:00:00
376,31,4.6,2025-05-29T04:00:00
484,209,4.9,2025-05-29T04:00:00
74,292,3.6,2025-05-29T05:00:00
417,182,5.0,2025-05-29T05:00:00
343,263,3.5,2025-05-29T06:00:00
462,266,3.6,2025-05-29T06:00:00
479,142,5.0,2025-05-29T06:00:00
493,58,3.0,2025-05-29T07:00:00
498,189,4.8,2025-05-29T08:00:00
242,274,5.0,2025-05-29T09:00:00
258,74,2.5,2025-05-29T09:00:00
266,5,3.0,2025-05-29T09:00:00
494,164,4.0,2025-05-29T10:00:00
119,198,4.0,2025-05-29T11:00:00
152,268,3.9,2025-05-29T11:00:00
211,122,3.5,2025-05-29T11:00:00
337,76,4.9,2025-05-29T11:00:00
455,187,4.9,2025-05-29T11:00:00
68,42,2.6,2025-05-29T12:00:00
124,272,3.0,2025-05-29T12:00:00
487,249,3.7,2025-05-29T12:00:00
358,220,2.5,2025-05-29T13:00:00
465,263,3.9,2025-05-29T13:00:00
267,189,4.5,2025-05-29T14:00:00
388,42,3.3,2025-05-29T14:00:00
405,196,3.6,2025-05-29T14:00:00
7,247,3.7,2025-05-29T15:00:00
357,46,4.7,2025-05-29T15:00:00
323,242,1.9,2025-05-29T16:00:00
376,8,4.6,2025-05-29T16:00:00
191,176,2.8,2025-05-29T17:00:00
288,270,2.9,2025-05-29T17:00:00
155,250,3.0,2025-05-29T18:00:00
462,142,2.3,2025-05-29T18:00:00
28,266,4.1,2025-05-29T19:00:00
361,17,4.0,2025-05-29T19:00:00
322,233,3.5,2025-05-29T20:00:00
69,90,4.7,2025-05-29T21:00:00
98,216,3.1,2025-05-29T21:00:00
136,219,3.7,2025-05-29T21:00:00
166,42,3.3,2025-05-29T21:00:00
444,114,4.6,2025-05-29T21:00:00
447,29,3.3,2025-05-29T21:00:00
114,191,3.7,2025-05-29T22:00:00
285,164,4.0,2025-05-29T22:00:00
63,87,2.9,2025-05-29T23:00:00
113,82,4.5,2025-05-29T23:00:00
399,189,3.3,2025-05-29T23:00:00
404,232,3.9,2025-05-29T23:00:00
396,285,4.2,2025-05-30T00:00:00
112,63,3.2,2025-05-30T01:00:00
167,160,4.3,2025-05-30T01:00:00
213,176,3.4,2025-05-30T01:00:00
473,260,3.7,2025-05-30T01:00:00
171,3,3.8,2025-05-30T02:00:00
282,212,3.4,2025-05-30T02:00:00
98,250,4.0,2025-05-30T03:00:00
455,194,5.0,2025-05-30T03:00:00
470,272,4.5,2025-05-30T03:00:00
475,5,3.6,2025-05-30T03:00:00
491,65,3.9,2025-05-30T03:00:00
55,206,4.5,2025-05-30T04:00:00
202,70,4.7,2025-05-30T04:00:00
259,188,4.2,2025-05-30T04:00:00
309,117,3.7,2025-05-30T04:00:00
143,247,3.5,2025-05-30T05:00:00
245,142,3.2,2025-05-30T05:00:00
368,42,3.5,2025-05-30T05:00:00
40,31,3.0,2025-05-30T06:00:00
155,282,3.9,2025-05-30T06:00:00
284,91,2.2,2025-05-30T06:00:00
339,297,2.8,2025-05-30T06:00:00
269,284,3.9,2025-05-30T07:00:00
11,19,4.0,2025-05-30T08:00:00
182,154,3.0,2025-05-30T08:00:00
113,56,4.7,2025-05-30T09:00:00
254,79,4.6,2025-05-30T09:00:00
49,5,3.6,2025-05-30T10:00:00
323,239,2.7,2025-05-30T10:00:00
402,255,5.0,2025-05-30T10:00:00
496,291,2.9,2025-05-30T10:00:00
412,168,3.2,2025-05-30T11:00:00
205,210,3.2,2025-05-30T12:00:00
266,107,5.0,2025-05-30T12:00:00
202,123,4.5,2025-05-30T13:00:00
411,81,4.8,2025-05-30T13:00:00
445,48,3.4,2025-05-30T14:00:00
20,226,3.6,2025-05-30T15:00:00
183,17,3.0,2025-05-30T15:00:00
200,67,4.5,2025-05-30T15:00:00
250,120,4.6,2025-05-30T15:00:00
263,247,5.0,2025-05-30T15:00:00
269,196,5.0,2025-05-30T15:00:00
73,266,2.2,2025-05-30T16:00:00
130,221,3.8,2025-05-30T16:00:00
349,10,4.9,2025-05-30T17:00:00
444,266,3.4,2025-05-30T18:00:00
276,208,2.9,2025-05-30T19:00:00
447,42,1.8,2025-05-30T19:00:00
33,246,3.8,2025-05-30T20:00:00
61,227,2.8,2025-05-30T20:00:00
106,46,4.4,2025-05-30T20:00:00
124,222,2.5,2025-05-30T20:00:00
250,161,2.9,2025-05-30T20:00:00
200,74,4.0,2025-05-30T21:00:00
219,286,4.0,2025-05-30T21:00:00
223,42,2.8,2025-05-30T21:00:00
266,149,4.9,2025-05-30T21:00:00
277,55,3.3,2025-05-30T21:00:00
498,182,3.9,2025-05-30T21:00:00
69,187,4.5,2025-05-30T22:00:00
75,250,5.0,2025-05-30T22:00:00
192,227,5.0,2025-05-30T22:00:00
348,261,5.0,2025-05-30T22:00:00
396,32,3.8,2025-05-30T22:00:00
73,10,2.9,2025-05-30T23:00:00
91,48,5.0,2025-05-30T23:00:00
343,296,4.8,2025-05-30T23:00:00
441,213,4.3,2025-05-30T23:00:00
89,137,3.3,2025-05-31T00:00:00
236,89,4.4,2025-05-31T00:00:00
341,160,3.1,2025-05-31T00:00:00
53,251,5.0,2025-05-31T01:00:00
227,34,4.6,2025-05-31T01:00:00
273,255,3.7,2025-05-31T01:00:00
399,13,4.4,2025-05-31T01:00:00
68,161,4.2,2025-05-31T02:00:00
92,221,2.8,2025-05-31T02:00:00
278,89,3.2,2025-05-31T02:00:00
307,141,3.0,2025-05-31T02:00:00
484,244,3.2,2025-05-31T02:00:00
36,74,2.8,2025-05-31T03:00:00
487,289,4.7,2025-05-31T03:00:00
11,212,2.9,2025-05-31T04:00:00
258,47,3.7,2025-05-31T04:00:00
296,212,4.5,2025-05-31T04:00:00
12,23,2.9,2025-05-31T05:00:00
102,164,3.5,2025-05-31T05:00:00
176,100,4.0,2025-05-31T05:00:00
477,89,3.9,2025-05-31T05:00:00
498,72,3.4,2025-05-31T05:00:00
196,176,3.0,2025-05-31T06:00:00
385,55,3.7,2025-05-31T06:00:00
90,30,2.7,2025-05-31T08:00:00
257,122,5.0,2025-05-31T08:00:00
171,178,3.6,2025-05-31T09:00:00
191,164,4.0,2025-05-31T09:00:00
225,45,3.2,2025-05-31T09:00:00
433,297,3.3,2025-05-31T09:00:00
470,278,3.4,2025-05-31T09:00:00
301,23,4.4,2025-05-31T10:00:00
230,197,3.9,2025-05-31T11:00:00
133,148,3.2,2025-05-31T12:00:00
286,145,4.4,2025-05-31T12:00:00
417,158,5.0,2025-05-31T12:00:00
45,279,3.6,2025-05-31T13:00:00
363,225,3.2,2025-05-31T13:00:00
392,14,4.3,2025-05-31T13:00:00
405,184,4.9,2025-05-31T13:00:00
412,165,4.5,2025-05-31T13:00:00
447,33,3.3,2025-05-31T13:00:00
32,255,2.7,2025-05-31T14:00:00
450,222,2.9,2025-05-31T14:00:00
461,54,2.0,2025-05-31T14:00:00
493,86,3.9,2025-05-31T14:00:00
49,50,4.9,2025-05-31T15:00:00
152,170,4.7,2025-05-31T15:00:00
259,45,5.0,2025-05-31T15:00:00
297,160,4.1,2025-05-31T15:00:00
339,18,4.1,2025-05-31T15:00:00
393,46,3.9,2025-05-31T15:00:00
34,10,5.0,2025-05-31T16:00:00
81,50,3.9,2025-05-31T16:00:00
341,29,2.5,2025-05-31T16:00:00
349,41,5.0,2025-05-31T16:00:00
191,163,4.4,2025-05-31T17:00:00
233,286,4.1,2025-05-31T17:00:00
475,164,3.6,2025-05-31T17:00:00
69,183,4.7,2025-05-31T18:00:00
158,34,4.2,2025-05-31T18:00:00
453,265,3.0,2025-05-31T18:00:00
465,218,5.0,2025-05-31T18:00:00
90,234,3.9,2025-05-31T19:00:00
186,14,5.0,2025-05-31T19:00:00
203,79,4.0,2025-05-31T19:00:00
223,85,4.2,2025-05-31T19:00:00
73,176,5.0,2025-05-31T20:00:00
187,196,2.4,2025-05-31T20:00:00
411,58,5.0,2025-05-31T20:00:00
484,238,4.3,2025-05-31T20:00:00
183,8,4.1,2025-05-31T21:00:00
241,89,5.0,2025-05-31T21:00:00
8,45,3.8,2025-05-31T22:00:00
125,5,3.3,2025-05-31T22:00:00
445,183,4.0,2025-05-31T22:00:00
462,222,1.9,2025-05-31T22:00:00
58,57,4.1,2025-05-31T23:00:00
68,74,4.5,2025-05-31T23:00:00
254,63,2.4,2025-05-31T23:00:00
62,164,3.7,2025-06-01T00:00:00
114,68,3.7,2025-06-01T00:00:00
167,122,3.0,2025-06-01T00:00:00
89,127,3.9,2025-06-01T01:00:00
264,202,4.5,2025-06-01T01:00:00
358,197,1.0,2025-06-01T01:00:00
498,190,4.7,2025-06-01T01:00:00
494,194,4.9,2025-06-01T02:00:00
10,43,3.5,2025-06-01T03:00:00
78,258,4.5,2025-06-01T03:00:00
295,42,2.7,2025-06-01T03:00:00
361,140,4.5,2025-06-01T03:00:00
397,276,4.0,2025-06-01T03:00:00
267,164,5.0,2025-06-01T04:00:00
7,122,4.9,2025-06-01T05:00:00
40,206,2.5,2025-06-01T05:00:00
153,55,4.2,2025-06-01T05:00:00
213,17,2.6,2025-06-01T05:00:00
263,18,3.3,2025-06-01T05:00:00
477,58,4.9,2025-06-01T05:00:00
182,6,4.0,2025-06-01T06:00:00
205,33,3.2,2025-06-01T06:00:00
257,182,3.5,2025-06-01T06:00:00
360,159,3.3,2025-06-01T06:00:00
490,210,4.0,2025-06-01T06:00:00
124,253,4.0,2025-06-01T07:00:00
230,214,2.5,2025-06-01T07:00:00
245,216,4.3,2025-06-01T07:00:00
418,72,5.0,2025-06-01T07:00:00
485,199,5.0,2025-06-01T07:00:00
496,162,2.0,2025-06-01T07:00:00
383,30,1.0,2025-06-01T08:00:00
64,48,3.7,2025-06-01T09:00:00
155,269,4.7,2025-06-01T09:00:00
156,256,3.3,2025-06-01T09:00:00
288,93,4.7,2025-06-01T09:00:00
411,75,4.6,2025-06-01T09:00:00
132,42,4.4,2025-06-01T10:00:00
322,208,3.9,2025-06-01T10:00:00
5,228,5.0,2025-06-01T11:00:00
115,74,4.0,2025-06-01T11:00:00
205,216,3.4,2025-06-01T11:00:00
284,258,2.5,2025-06-01T11:00:00
455,52,4.5,2025-06-01T11:00:00
498,183,4.0,2025-06-01T11:00:00
233,271,4.7,2025-06-01T12:00:00
361,205,3.0,2025-06-01T12:00:00
32,226,4.7,2025-06-01T13:00:00
91,238,4.5,2025-06-01T14:00:00
124,123,2.2,2025-06-01T14:00:00
327,257,2.9,2025-06-01T14:00:00
337,71,4.5,2025-06-01T14:00:00
461,164,2.9,2025-06-01T14:00:00
68,122,3.3,2025-06-01T15:00:00
479,228,3.0,2025-06-01T15:00:00
200,89,5.0,2025-06-01T16:00:00
388,165,4.9,2025-06-01T16:00:00
245,111,3.6,2025-06-01T17:00:00
357,30,3.6,2025-06-01T17:00:00
259,17,5.0,2025-06-01T18:00:00
390,164,5.0,2025-06-01T18:00:00
399,33,4.4,2025-06-01T18:00:00
98,227,4.6,2025-06-01T19:00:00
205,42,2.4,2025-06-01T19:00:00
219,102,4.0,2025-06-01T19:00:00
74,284,3.4,2025-06-01T20:00:00
124,90,2.6,2025-06-01T20:00:00
339,196,3.3,2025-06-01T20:00:00
368,18,4.4,2025-06-01T20:00:00
152,219,4.7,2025-06-01T21:00:00
242,165,4.3,2025-06-01T21:00:00
411,274,3.5,2025-06-01T21:00:00
53,278,5.0,2025-06-01T22:00:00
320,79,5.0,2025-06-01T22:00:00
20,215,4.4,2025-06-01T23:00:00
59,96,4.4,2025-06-01T23:00:00
81,124,4.5,2025-06-01T23:00:00
292,216,3.4,2025-06-02T00:00:00
349,74,4.5,2025-06-02T00:00:00
360,178,3.1,2025-06-02T00:00:00
429,210,4.0,2025-06-02T00:00:00
32,234,4.5,2025-06-02T01:00:00
73,195,3.1,2025-06-02T01:00:00
236,267,4.6,2025-06-02T01:00:00
309,141,4.3,2025-06-02T01:00:00
475,23,4.3,2025-06-02T01:00:00
53,288,4.6,2025-06-02T02:00:00
166,46,2.7,2025-06-02T02:00:00
282,86,2.6,2025-06-02T03:00:00
334,299,5.0,2025-06-02T04:00:00
28,269,2.7,2025-06-02T05:00:00
136,174,4.2,2025-06-02T05:00:00
205,148,3.9,2025-06-02T05:00:00
245,214,4.8,2025-06-02T05:00:00
393,6,4.3,2025-06-02T05:00:00
418,165,4.1,2025-06-02T05:00:00
191,18,2.3,2025-06-02T06:00:00
192,209,4.7,2025-06-02T06:00:00
227,140,2.8,2025-06-02T06:00:00
236,257,4.8,2025-06-02T06:00:00
266,216,4.3,2025-06-02T06:00:00
307,123,3.6,2025-06-02T06:00:00
106,11,5.0,2025-06-02T07:00:00
125,17,2.3,2025-06-02T07:00:00
258,27,3.7,2025-06-02T07:00:00
278,64,3.5,2025-06-02T07:00:00
447,6,3.5,2025-06-02T07:00:00
45,171,5.0,2025-06-02T08:00:00
130,205,3.1,2025-06-02T08:00:00
254,59,5.0,2025-06-02T08:00:00
473,231,5.0,2025-06-02T08:00:00
490,215,3.9,2025-06-02T08:00:00
158,243,4.2,2025-06-02T09:00:00
277,202,2.9,2025-06-02T09:00:00
295,165,3.6,2025-06-02T09:00:00
157,122,4.6,2025-06-02T10:00:00
166,188,2.8,2025-06-02T10:00:00
225,196,4.3,2025-06-02T10:00:00
405,162,3.1,2025-06-02T10:00:00
455,87,3.1,2025-06-02T10:00:00
470,268,3.8,2025-06-02T10:00:00
273,202,3.9,2025-06-02T11:00:00
112,292,3.1,2025-06-02T12:00:00
196,274,3.0,2025-06-02T12:00:00
285,172,4.7,2025-06-02T12:00:00
343,122,2.3,2025-06-02T12:00:00
433,279,4.7,2025-06-02T12:00:00
465,220,5.0,2025-06-02T12:00:00
124,286,3.5,2025-06-02T13:00:00
187,49,3.2,2025-06-02T14:00:00
296,87,4.8,2025-06-02T14:00:00
360,194,3.3,2025-06-02T14:00:00
397,122,3.1,2025-06-02T14:00:00
75,79,2.3,2025-06-02T15:00:00
376,190,4.2,2025-06-02T15:00:00
49,161,3.9,2025-06-02T16:00:00
445,200,4.0,2025-06-02T16:00:00
33,74,3.5,2025-06-02T17:00:00
186,204,2.7,2025-06-02T17:00:00
55,209,4.2,2025-06-02T18:00:00
286,55,3.0,2025-06-02T18:00:00
412,194,3.5,2025-06-02T18:00:00
36,172,4.3,2025-06-02T19:00:00
106,89,4.2,2025-06-02T19:00:00
413,238,5.0,2025-06-02T19:00:00
450,118,4.5,2025-06-02T19:00:00
78,48,3.7,2025-06-02T20:00:00
143,216,3.3,2025-06-02T20:00:00
245,231,3.5,2025-06-02T21:00:00
396,228,4.1,2025-06-02T21:00:00
90,240,4.3,2025-06-02T22:00:00
114,111,3.8,2025-06-02T22:00:00
404,181,4.7,2025-06-02T22:00:00
429,296,4.8,2025-06-02T22:00:00
491,173,2.4,2025-06-02T23:00:00
34,19,4.5,2025-06-03T00:00:00
54,164,3.4,2025-06-03T00:00:00
68,209,4.4,2025-06-03T00:00:00
69,160,4.6,2025-06-03T00:00:00
133,152,2.5,2025-06-03T00:00:00
171,41,4.5,2025-06-03T00:00:00
7,266,3.5,2025-06-03T01:00:00
18,201,2.5,2025-06-03T01:00:00
113,129,2.6,2025-06-03T01:00:00
297,161,3.0,2025-06-03T01:00:00
341,266,2.1,2025-06-03T02:00:00
390,10,4.3,2025-06-03T02:00:00
392,26,4.9,2025-06-03T02:00:00
490,122,3.1,2025-06-03T02:00:00
130,247,4.2,2025-06-03T03:00:00
233,264,4.3,2025-06-03T03:00:00
171,156,3.4,2025-06-03T04:00:00
202,153,3.4,2025-06-03T04:00:00
230,17,3.0,2025-06-03T04:00:00
74,27,2.9,2025-06-03T05:00:00
112,224,2.5,2025-06-03T05:00:00
218,122,5.0,2025-06-03T05:00:00
53,275,5.0,2025-06-03T06:00:00
176,67,3.6,2025-06-03T06:00:00
276,29,2.4,2025-06-03T07:00:00
307,202,1.8,2025-06-03T07:00:00
383,42,1.1,2025-06-03T07:00:00
444,31,3.3,2025-06-03T07:00:00
37,5,4.9,2025-06-03T08:00:00
68,162,5.0,2025-06-03T08:00:00
264,114,3.2,2025-06-03T08:00:00
288,209,3.8,2025-06-03T08:00:00
322,291,3.7,2025-06-03T08:00:00
327,29,4.1,2025-06-03T08:00:00
402,122,4.0,2025-06-03T08:00:00
496,58,2.9,2025-06-03T08:00:00
115,217,3.1,2025-06-03T09:00:00
183,3,3.9,2025-06-03T09:00:00
259,4,5.0,2025-06-03T09:00:00
58,17,3.7,2025-06-03T11:00:00
236,135,3.3,2025-06-03T11:00:00
5,194,4.8,2025-06-03T12:00:00
20,158,1.6,2025-06-03T12:00:00
80,182,3.1,2025-06-03T12:00:00
143,233,2.8,2025-06-03T12:00:00
241,29,3.4,2025-06-03T12:00:00
59,216,3.1,2025-06-03T13:00:00
81,108,5.0,2025-06-03T13:00:00
388,162,4.1,2025-06-03T13:00:00
494,263,3.9,2025-06-03T13:00:00
78,161,3.8,2025-06-03T14:00:00
187,193,3.9,2025-06-03T14:00:00
267,155,4.7,2025-06-03T14:00:00
269,166,4.9,2025-06-03T14:00:00
155,262,4.7,2025-06-03T15:00:00
219,187,4.8,2025-06-03T15:00:00
227,17,4.2,2025-06-03T15:00:00
385,58,4.3,2025-06-03T15:00:00
166,59,3.2,2025-06-03T16:00:00
182,253,2.9,2025-06-03T16:00:00
250,135,3.9,2025-06-03T16:00:00
441,244,5.0,2025-06-03T16:00:00
61,267,2.9,2025-06-03T17:00:00
95,164,4.2,2025-06-03T17:00:00
136,245,4.2,2025-06-03T17:00:00
80,122,1.9,2025-06-03T18:00:00
92,149,4.1,2025-06-03T18:00:00
263,231,4.2,2025-06-03T18:00:00
484,228,4.4,2025-06-03T18:00:00
320,55,3.8,2025-06-03T19:00:00
90,102,4.3,2025-06-03T20:00:00
152,253,3.7,2025-06-03T20:00:00
238,256,4.3,2025-06-03T20:00:00
337,68,5.0,2025-06-03T20:00:00
348,122,2.9,2025-06-03T20:00:00
477,67,3.5,2025-06-03T20:00:00
487,248,3.4,2025-06-03T20:00:00
10,28,3.1,2025-06-03T21:00:00
186,31,4.5,2025-06-03T21:00:00
327,42,4.0,2025-06-03T21:00:00
470,295,4.5,2025-06-03T21:00:00
12,14,2.8,2025-06-03T22:00:00
53,291,4.4,2025-06-03T22:00:00
203,209,3.0,2025-06-03T22:00:00
236,125,4.5,2025-06-03T22:00:00
258,48,2.2,2025-06-03T22:00:00
339,42,4.7,2025-06-03T22:00:00
358,83,1.2,2025-06-03T22:00:00
498,47,3.4,2025-06-03T22:00:00
183,14,3.4,2025-06-03T23:00:00
8,17,4.1,2025-06-04T00:00:00
80,187,3.7,2025-06-04T00:00:00
125,277,3.9,2025-06-04T00:00:00
158,46,4.3,2025-06-04T00:00:00
296,64,5.0,2025-06-04T00:00:00
301,171,4.1,2025-06-04T00:00:00
445,216,3.5,2025-06-04T00:00:00
465,187,3.6,2025-06-04T00:00:00
11,87,3.0,2025-06-04T01:00:00
114,276,3.9,2025-06-04T01:00:00
133,229,3.2,2025-06-04T01:00:00
202,285,2.0,2025-06-04T02:00:00
417,155,4.6,2025-06-04T02:00:00
461,278,2.7,2025-06-04T02:00:00
479,79,2.4,2025-06-04T02:00:00
191,271,2.6,2025-06-04T03:00:00
295,266,4.7,2025-06-04T03:00:00
331,193,2.5,2025-06-04T03:00:00
36,165,4.3,2025-06-04T05:00:00
62,193,3.5,2025-06-04T05:00:00
171,176,4.2,2025-06-04T05:00:00
334,297,5.0,2025-06-04T05:00:00
493,216,1.9,2025-06-04T05:00:00
34,49,4.9,2025-06-04T06:00:00
89,107,5.0,2025-06-04T06:00:00
445,159,4.3,2025-06-04T06:00:00
450,149,3.6,2025-06-04T06:00:00
453,59,3.0,2025-06-04T06:00:00
284,179,4.1,2025-06-04T07:00:00
348,284,5.0,2025-06-04T07:00:00
396,220,4.3,2025-06-04T07:00:00
473,206,5.0,2025-06-04T07:00:00
49,3,5.0,2025-06-04T08:00:00
98,236,3.5,2025-06-04T08:00:00
269,187,5.0,2025-06-04T08:00:00
368,122,3.3,2025-06-04T08:00:00
78,257,4.4,2025-06-04T09:00:00
203,87,4.9,2025-06-04T09:00:00
491,59,3.4,2025-06-04T09:00:00
213,179,4.7,2025-06-04T10:00:00
343,280,3.7,2025-06-04T10:00:00
358,78,1.8,2025-06-04T10:00:00
390,259,4.6,2025-06-04T10:00:00
405,181,3.2,2025-06-04T10:00:00
475,55,2.8,2025-06-04T10:00:00
156,29,4.0,2025-06-04T11:00:00
257,230,4.8,2025-06-04T11:00:00
292,209,5.0,2025-06-04T11:00:00
429,273,5.0,2025-06-04T11:00:00
444,108,3.0,2025-06-04T11:00:00
124,11,3.1,2025-06-04T12:00:00
69,45,4.6,2025-06-04T13:00:00
132,61,4.4,2025-06-04T13:00:00
455,89,5.0,2025-06-04T13:00:00
473,210,4.3,2025-06-04T13:00:00
288,90,3.2,2025-06-04T14:00:00
81,142,5.0,2025-06-04T15:00:00
205,209,3.3,2025-06-04T15:00:00
245,115,4.2,2025-06-04T15:00:00
153,89,4.9,2025-06-04T17:00:00
361,129,4.4,2025-06-04T17:00:00
74,272,2.4,2025-06-04T18:00:00
157,111,3.6,2025-06-04T18:00:00
219,111,4.2,2025-06-04T18:00:00
223,198,2.8,2025-06-04T18:00:00
225,166,4.6,2025-06-04T18:00:00
196,209,4.0,2025-06-04T19:00:00
167,279,2.7,2025-06-04T20:00:00
200,297,3.6,2025-06-04T20:00:00
282,189,3.8,2025-06-04T20:00:00
309,226,3.5,2025-06-04T20:00:00
462,277,3.4,2025-06-04T20:00:00
485,266,3.5,2025-06-04T20:00:00
122,220,4.2,2025-06-04T21:00:00
258,89,2.0,2025-06-04T21:00:00
385,178,3.1,2025-06-04T21:00:00
397,215,3.1,2025-06-04T21:00:00
73,35,3.1,2025-06-04T22:00:00
219,221,3.7,2025-06-04T22:00:00
465,244,5.0,2025-06-04T22:00:00
477,45,3.9,2025-06-04T23:00:00
5,270,4.1,2025-06-05T00:00:00
40,233,2.4,2025-06-05T00:00:00
98,17,2.3,2025-06-05T00:00:00
203,18,3.7,2025-06-05T00:00:00
376,176,3.7,2025-06-05T00:00:00
282,209,3.0,2025-06-05T01:00:00
399,30,4.5,2025-06-05T01:00:00
64,29,4.5,2025-06-05T02:00:00
242,162,5.0,2025-06-05T02:00:00
258,2,3.4,2025-06-05T02:00:00
55,219,4.3,2025-06-05T03:00:00
349,18,5.0,2025-06-05T03:00:00
412,155,4.0,2025-06-05T03:00:00
473,237,5.0,2025-06-05T03:00:00
218,22,3.3,2025-06-05T04:00:00
254,72,5.0,2025-06-05T04:00:00
52,165,4.3,2025-06-05T05:00:00
78,279,4.1,2025-06-05T05:00:00
176,52,3.9,2025-06-05T05:00:00
233,259,4.2,2025-06-05T05:00:00
404,2,4.6,2025-06-05T05:00:00
12,44,3.3,2025-06-05T06:00:00
45,164,4.1,2025-06-05T06:00:00
59,296,3.8,2025-06-05T06:00:00
91,5,5.0,2025-06-05T06:00:00
418,172,4.8,2025-06-05T06:00:00
447,45,2.9,2025-06-05T06:00:00
196,23,3.0,2025-06-05T07:00:00
295,286,4.0,2025-06-05T07:00:00
98,219,3.8,2025-06-05T08:00:00
227,57,5.0,2025-06-05T08:00:00
337,70,4.2,2025-06-05T08:00:00
378,122,4.2,2025-06-05T08:00:00
399,162,2.9,2025-06-05T08:00:00
484,223,3.7,2025-06-05T08:00:00
32,97,4.2,2025-06-05T09:00:00
198,178,5.0,2025-06-05T09:00:00
360,200,4.2,2025-06-05T09:00:00
286,280,3.4,2025-06-05T10:00:00
357,31,4.1,2025-06-05T10:00:00
485,165,4.1,2025-06-05T10:00:00
55,74,4.2,2025-06-05T11:00:00
187,29,4.3,2025-06-05T11:00:00
288,55,5.0,2025-06-05T11:00:00
388,259,3.9,2025-06-05T12:00:00
219,19,3.3,2025-06-05T13:00:00
337,48,2.2,2025-06-05T13:00:00
18,50,5.0,2025-06-05T14:00:00
368,26,5.0,2025-06-05T15:00:00
393,31,4.5,2025-06-05T15:00:00
276,242,3.2,2025-06-05T16:00:00
297,29,1.6,2025-06-05T16:00:00
433,267,4.6,2025-06-05T16:00:00
203,74,5.0,2025-06-05T17:00:00
242,166,4.9,2025-06-05T17:00:00
254,209,3.3,2025-06-05T17:00:00
413,209,4.4,2025-06-05T17:00:00
183,46,4.2,2025-06-05T18:00:00
278,49,5.0,2025-06-05T18:00:00
277,58,3.6,2025-06-05T19:00:00
480,29,4.1,2025-06-05T19:00:00
186,19,4.7,2025-06-05T20:00:00
411,66,5.0,2025-06-05T20:00:00
20,242,3.2,2025-06-05T21:00:00
37,273,3.8,2025-06-05T21:00:00
392,23,4.0,2025-06-05T21:00:00
166,94,3.4,2025-06-05T22:00:00
339,34,4.4,2025-06-05T22:00:00
388,111,3.7,2025-06-05T22:00:00
445,161,4.1,2025-06-05T22:00:00
331,222,2.8,2025-06-05T23:00:00
399,15,4.5,2025-06-05T23:00:00
18,42,5.0,2025-06-06T00:00:00
33,227,4.0,2025-06-06T00:00:00
59,92,4.6,2025-06-06T00:00:00
473,236,4.4,2025-06-06T00:00:00
124,285,4.1,2025-06-06T01:00:00
484,158,2.1,2025-06-06T01:00:00
490,161,3.3,2025-06-06T01:00:00
450,161,3.3,2025-06-06T02:00:00
470,285,5.0,2025-06-06T02:00:00
115,3,4.1,2025-06-06T03:00:00
152,294,3.6,2025-06-06T03:00:00
192,233,5.0,2025-06-06T03:00:00
241,161,5.0,2025-06-06T03:00:00
412,164,3.5,2025-06-06T03:00:00
111,89,5.0,2025-06-06T04:00:00
273,230,3.8,2025-06-06T04:00:00
296,207,3.7,2025-06-06T04:00:00
361,48,4.0,2025-06-06T04:00:00
37,36,4.7,2025-06-06T05:00:00
106,278,4.2,2025-06-06T05:00:00
266,115,4.8,2025-06-06T05:00:00
487,267,4.5,2025-06-06T05:00:00
7,206,3.1,2025-06-06T06:00:00
202,90,3.9,2025-06-06T07:00:00
257,214,5.0,2025-06-06T07:00:00
339,74,3.3,2025-06-06T07:00:00
493,79,4.8,2025-06-06T07:00:00
74,289,3.7,2025-06-06T08:00:00
125,273,4.2,2025-06-06T08:00:00
259,25,5.0,2025-06-06T08:00:00
284,151,2.4,2025-06-06T08:00:00
473,74,3.3,2025-06-06T08:00:00
62,153,2.6,2025-06-06T09:00:00
158,202,3.5,2025-06-06T09:00:00
445,171,4.0,2025-06-06T09:00:00
36,10,3.4,2025-06-06T10:00:00
230,89,2.7,2025-06-06T10:00:00
361,107,5.0,2025-06-06T10:00:00
496,12,4.8,2025-06-06T10:00:00
136,213,3.8,2025-06-06T11:00:00
203,17,4.1,2025-06-06T11:00:00
269,192,5.0,2025-06-06T11:00:00
273,206,3.6,2025-06-06T11:00:00
307,110,3.6,2025-06-06T11:00:00
462,269,4.2,2025-06-06T11:00:00
218,121,5.0,2025-06-06T12:00:00
285,97,3.9,2025-06-06T12:00:00
320,70,3.7,2025-06-06T12:00:00
155,292,4.7,2025-06-06T13:00:00
191,153,4.2,2025-06-06T13:00:00
213,196,4.2,2025-06-06T14:00:00
236,266,4.1,2025-06-06T14:00:00
267,173,4.5,2025-06-06T14:00:00
282,198,3.8,2025-06-06T14:00:00
75,150,5.0,2025-06-06T15:00:00
132,259,3.4,2025-06-06T15:00:00
264,57,3.2,2025-06-06T15:00:00
348,277,4.6,2025-06-06T15:00:00
169,272,5.0,2025-06-06T16:00:00
343,289,2.9,2025-06-06T16:00:00
429,255,4.7,2025-06-06T16:00:00
34,70,4.0,2025-06-06T17:00:00
49,46,4.1,2025-06-06T17:00:00
388,154,4.0,2025-06-06T17:00:00
405,198,5.0,2025-06-06T17:00:00
213,89,2.2,2025-06-06T18:00:00
75,243,2.9,2025-06-06T19:00:00
295,274,4.7,2025-06-06T19:00:00
320,209,3.1,2025-06-06T19:00:00
396,286,3.4,2025-06-06T19:00:00
56,192,4.1,2025-06-06T20:00:00
465,17,3.6,2025-06-06T20:00:00
182,35,3.2,2025-06-06T21:00:00
205,89,3.6,2025-06-06T21:00:00
242,300,5.0,2025-06-06T21:00:00
322,272,4.0,2025-06-06T21:00:00
383,74,1.3,2025-06-06T21:00:00
461,102,2.4,2025-06-06T21:00:00
11,46,4.1,2025-06-06T22:00:00
53,249,3.5,2025-06-06T22:00:00
73,179,3.1,2025-06-06T22:00:00
166,122,2.9,2025-06-06T22:00:00
259,286,3.1,2025-06-06T22:00:00
392,16,3.3,2025-06-06T22:00:00
45,160,3.5,2025-06-06T23:00:00
113,61,4.4,2025-06-06T23:00:00
297,179,3.1,2025-06-06T23:00:00
487,271,5.0,2025-06-06T23:00:00
54,162,4.0,2025-06-07T00:00:00
95,191,3.3,2025-06-07T00:00:00
153,91,3.7,2025-06-07T02:00:00
383,182,1.0,2025-06-07T02:00:00
130,212,4.3,2025-06-07T03:00:00
69,199,4.2,2025-06-07T04:00:00
357,268,3.4,2025-06-07T04:00:00
390,176,5.0,2025-06-07T04:00:00
475,29,4.2,2025-06-07T04:00:00
8,27,4.8,2025-06-07T05:00:00
111,40,4.6,2025-06-07T05:00:00
307,116,4.5,2025-06-07T05:00:00
327,274,2.6,2025-06-07T05:00:00
402,282,5.0,2025-06-07T05:00:00
113,31,3.7,2025-06-07T06:00:00
441,249,4.6,2025-06-07T06:00:00
444,144,4.2,2025-06-07T06:00:00
496,46,3.8,2025-06-07T06:00:00
498,165,3.4,2025-06-07T06:00:00
7,270,4.3,2025-06-07T07:00:00
282,178,2.7,2025-06-07T07:00:00
320,60,3.5,2025-06-07T07:00:00
487,275,4.4,2025-06-07T07:00:00
10,121,3.5,2025-06-07T08:00:00
11,150,2.5,2025-06-07T08:00:00
68,213,5.0,2025-06-07T08:00:00
80,165,3.9,2025-06-07T08:00:00
90,113,4.3,2025-06-07T08:00:00
98,214,4.1,2025-06-07T08:00:00
143,248,2.3,2025-06-07T08:00:00
191,158,3.4,2025-06-07T08:00:00
329,259,5.0,2025-06-07T08:00:00
433,298,4.8,2025-06-07T08:00:00
491,6,2.9,2025-06-07T08:00:00
36,182,3.4,2025-06-07T09:00:00
203,58,5.0,2025-06-07T09:00:00
69,141,3.4,2025-06-07T10:00:00
167,42,2.6,2025-06-07T10:00:00
477,29,3.0,2025-06-07T10:00:00
73,58,3.7,2025-06-07T11:00:00
78,178,4.6,2025-06-07T11:00:00
238,267,5.0,2025-06-07T11:00:00
331,162,3.4,2025-06-07T11:00:00
254,122,3.4,2025-06-07T12:00:00
258,5,2.4,2025-06-07T12:00:00
417,188,5.0,2025-06-07T12:00:00
496,15,4.2,2025-06-07T12:00:00
81,138,5.0,2025-06-07T13:00:00
494,48,3.2,2025-06-07T13:00:00
115,167,3.9,2025-06-07T14:00:00
259,42,4.6,2025-06-07T14:00:00
334,75,5.0,2025-06-07T14:00:00
337,85,3.9,2025-06-07T14:00:00
429,75,3.7,2025-06-07T14:00:00
480,203,3.4,2025-06-07T14:00:00
92,183,3.9,2025-06-07T15:00:00
133,222,4.6,2025-06-07T15:00:00
191,188,3.6,2025-06-07T16:00:00
200,221,4.3,2025-06-07T16:00:00
250,89,3.2,2025-06-07T16:00:00
297,148,3.5,2025-06-07T16:00:00
388,50,2.4,2025-06-07T16:00:00
126,164,4.3,2025-06-07T17:00:00
479,42,4.6,2025-06-07T17:00:00
182,270,3.7,2025-06-07T18:00:00
301,153,5.0,2025-06-07T18:00:00
392,22,4.2,2025-06-07T19:00:00
423,209,3.7,2025-06-07T19:00:00
114,75,4.0,2025-06-07T20:00:00
241,87,5.0,2025-06-07T21:00:00
360,214,2.7,2025-06-07T21:00:00
484,184,2.5,2025-06-07T21:00:00
238,266,5.0,2025-06-07T22:00:00
349,43,3.9,2025-06-07T22:00:00
412,70,3.4,2025-06-07T22:00:00
462,44,3.5,2025-06-07T22:00:00
32,220,3.2,2025-06-07T23:00:00
176,191,4.2,2025-06-07T23:00:00
186,128,3.8,2025-06-07T23:00:00
397,266,5.0,2025-06-07T23:00:00
49,102,4.1,2025-06-08T00:00:00
59,274,3.7,2025-06-08T00:00:00
292,217,4.8,2025-06-08T00:00:00
357,50,3.9,2025-06-08T00:00:00
383,243,1.3,2025-06-08T01:00:00
171,122,3.3,2025-06-08T02:00:00
309,184,4.2,2025-06-08T03:00:00
453,185,4.3,2025-06-08T03:00:00
479,128,5.0,2025-06-08T03:00:00
29,93,3.7,2025-06-08T04:00:00
52,122,4.0,2025-06-08T04:00:00
62,175,4.5,2025-06-08T04:00:00
89,20,3.0,2025-06-08T04:00:00
111,42,4.2,2025-06-08T04:00:00
153,76,3.2,2025-06-08T04:00:00
241,79,5.0,2025-06-08T04:00:00
376,12,4.8,2025-06-08T04:00:00
56,161,3.9,2025-06-08T05:00:00
98,205,5.0,2025-06-08T05:00:00
130,108,2.8,2025-06-08T05:00:00
286,187,3.6,2025-06-08T05:00:00
73,200,4.0,2025-06-08T06:00:00
187,34,3.8,2025-06-08T06:00:00
277,82,4.6,2025-06-08T06:00:00
7,284,4.2,2025-06-08T07:00:00
113,73,4.6,2025-06-08T07:00:00
156,42,4.1,2025-06-08T07:00:00
223,249,4.2,2025-06-08T07:00:00
404,165,3.4,2025-06-08T07:00:00
273,277,3.6,2025-06-08T08:00:00
393,188,3.4,2025-06-08T08:00:00
413,216,4.8,2025-06-08T08:00:00
122,206,4.0,2025-06-08T09:00:00
245,110,4.6,2025-06-08T09:00:00
288,191,2.9,2025-06-08T09:00:00
429,297,3.7,2025-06-08T09:00:00
455,249,3.7,2025-06-08T09:00:00
475,165,3.1,2025-06-08T09:00:00
242,291,5.0,2025-06-08T10:00:00
385,226,2.5,2025-06-08T10:00:00
461,178,3.3,2025-06-08T10:00:00
33,277,5.0,2025-06-08T11:00:00
62,163,3.1,2025-06-08T11:00:00
225,237,4.8,2025-06-08T11:00:00
64,174,5.0,2025-06-08T12:00:00
74,209,2.3,2025-06-08T12:00:00
378,111,4.2,2025-06-08T12:00:00
399,2,4.7,2025-06-08T12:00:00
470,18,3.8,2025-06-08T12:00:00
49,243,3.7,2025-06-08T13:00:00
196,45,2.6,2025-06-08T13:00:00
198,193,2.8,2025-06-08T13:00:00
157,192,4.6,2025-06-08T14:00:00
69,195,5.0,2025-06-08T15:00:00
80,164,4.5,2025-06-08T15:00:00
266,182,4.3,2025-06-08T15:00:00
477,60,3.4,2025-06-08T15:00:00
55,200,3.9,2025-06-08T16:00:00
267,249,4.6,2025-06-08T16:00:00
411,65,3.9,2025-06-08T16:00:00
418,161,5.0,2025-06-08T16:00:00
49,74,3.1,2025-06-08T17:00:00
233,270,3.8,2025-06-08T17:00:00
236,178,2.7,2025-06-08T17:00:00
405,176,2.8,2025-06-08T17:00:00
18,5,4.5,2025-06-08T18:00:00
40,37,3.7,2025-06-08T18:00:00
242,25,4.2,2025-06-08T18:00:00
402,265,5.0,2025-06-08T18:00:00
461,153,2.4,2025-06-08T18:00:00
37,44,4.5,2025-06-08T19:00:00
106,45,5.0,2025-06-08T19:00:00
447,89,2.4,2025-06-08T19:00:00
487,75,3.6,2025-06-08T19:00:00
33,244,3.0,2025-06-08T20:00:00
91,34,5.0,2025-06-08T20:00:00
115,249,3.9,2025-06-08T20:00:00
152,204,4.0,2025-06-08T20:00:00
5,245,5.0,2025-06-08T21:00:00
219,266,3.4,2025-06-08T21:00:00
230,183,3.0,2025-06-08T21:00:00
258,3,3.8,2025-06-08T21:00:00
383,45,1.8,2025-06-08T21:00:00
475,61,3.5,2025-06-08T21:00:00
122,249,4.0,2025-06-08T22:00:00
125,293,4.9,2025-06-08T22:00:00
376,161,5.0,2025-06-08T22:00:00
433,257,5.0,2025-06-08T22:00:00
485,200,4.0,2025-06-08T22:00:00
69,172,4.9,2025-06-08T23:00:00
390,165,5.0,2025-06-08T23:00:00
477,70,3.6,2025-06-08T23:00:00
296,238,4.0,2025-06-09T00:00:00
412,97,3.8,2025-06-09T00:00:00
493,6,2.4,2025-06-09T00:00:00
254,65,4.1,2025-06-09T01:00:00
480,5,3.3,2025-06-09T01:00:00
12,122,2.0,2025-06-09T02:00:00
192,79,2.5,2025-06-09T02:00:00
202,101,4.3,2025-06-09T02:00:00
361,147,4.4,2025-06-09T02:00:00
433,42,3.9,2025-06-09T02:00:00
144,164,4.0,2025-06-09T03:00:00
337,63,3.1,2025-06-09T03:00:00
80,176,3.6,2025-06-09T04:00:00
242,297,5.0,2025-06-09T04:00:00
357,19,3.4,2025-06-09T04:00:00
196,29,3.1,2025-06-09T05:00:00
245,74,2.9,2025-06-09T05:00:00
453,156,3.1,2025-06-09T05:00:00
480,48,4.1,2025-06-09T05:00:00
90,63,3.3,2025-06-09T06:00:00
98,209,4.2,2025-06-09T06:00:00
136,207,4.6,2025-06-09T06:00:00
227,99,5.0,2025-06-09T06:00:00
295,58,3.2,2025-06-09T06:00:00
368,231,3.7,2025-06-09T06:00:00
34,22,4.3,2025-06-09T07:00:00
183,266,2.7,2025-06-09T07:00:00
285,41,3.9,2025-06-09T07:00:00
292,123,3.1,2025-06-09T07:00:00
343,172,2.9,2025-06-09T07:00:00
355,122,4.7,2025-06-09T07:00:00
322,238,3.6,2025-06-09T08:00:00
412,75,3.6,2025-06-09T08:00:00
444,141,5.0,2025-06-09T08:00:00
493,65,4.5,2025-06-09T08:00:00
254,161,4.4,2025-06-09T09:00:00
455,102,4.5,2025-06-09T09:00:00
404,153,4.2,2025-06-09T11:00:00
473,270,3.6,2025-06-09T11:00:00
69,165,4.4,2025-06-09T12:00:00
95,161,4.5,2025-06-09T13:00:00
113,259,2.5,2025-06-09T13:00:00
124,289,4.4,2025-06-09T13:00:00
269,199,4.2,2025-06-09T14:00:00
36,187,4.4,2025-06-09T15:00:00
64,300,5.0,2025-06-09T15:00:00
132,109,3.9,2025-06-09T15:00:00
277,91,4.0,2025-06-09T15:00:00
320,102,4.1,2025-06-09T15:00:00
489,122,2.5,2025-06-09T15:00:00
157,6,2.1,2025-06-09T16:00:00
276,213,3.3,2025-06-09T16:00:00
445,210,4.0,2025-06-09T17:00:00
192,205,4.3,2025-06-09T18:00:00
447,36,3.5,2025-06-09T18:00:00
465,300,4.3,2025-06-09T18:00:00
40,45,3.7,2025-06-09T19:00:00
292,167,3.0,2025-06-09T19:00:00
155,57,4.1,2025-06-09T20:00:00
205,2,4.7,2025-06-09T20:00:00
297,214,1.3,2025-06-09T20:00:00
322,147,2.9,2025-06-09T20:00:00
331,183,4.9,2025-06-09T20:00:00
69,155,4.8,2025-06-09T21:00:00
176,173,4.7,2025-06-09T21:00:00
462,111,2.9,2025-06-09T21:00:00
490,182,3.8,2025-06-09T21:00:00
32,55,3.8,2025-06-09T22:00:00
348,49,3.6,2025-06-09T22:00:00
405,182,4.1,2025-06-09T22:00:00
266,196,2.5,2025-06-09T23:00:00
396,209,3.9,2025-06-09T23:00:00
413,205,5.0,2025-06-09T23:00:00
37,285,4.6,2025-06-10T00:00:00
133,209,3.3,2025-06-10T00:00:00
219,251,4.1,2025-06-10T00:00:00
292,221,4.0,2025-06-10T00:00:00
307,74,1.5,2025-06-10T00:00:00
337,60,4.8,2025-06-10T00:00:00
360,74,2.8,2025-06-10T00:00:00
393,255,3.8,2025-06-10T00:00:00
75,216,5.0,2025-06-10T01:00:00
213,162,4.6,2025-06-10T01:00:00
355,31,4.4,2025-06-10T01:00:00
411,238,3.6,2025-06-10T01:00:00
433,231,3.6,2025-06-10T01:00:00
203,82,4.6,2025-06-10T02:00:00
494,266,2.9,2025-06-10T02:00:00
40,165,2.5,2025-06-10T03:00:00
52,241,2.6,2025-06-10T03:00:00
68,176,4.7,2025-06-10T03:00:00
155,287,5.0,2025-06-10T03:00:00
397,265,4.3,2025-06-10T03:00:00
429,209,3.4,2025-06-10T03:00:00
447,23,3.3,2025-06-10T03:00:00
484,212,4.2,2025-06-10T03:00:00
489,257,3.9,2025-06-10T03:00:00
259,277,3.3,2025-06-10T04:00:00
306,42,5.0,2025-06-10T04:00:00
7,132,3.8,2025-06-10T05:00:00
55,244,5.0,2025-06-10T05:00:00
264,243,4.6,2025-06-10T05:00:00
396,5,4.3,2025-06-10T05:00:00
301,163,4.5,2025-06-10T06:00:00
339,64,2.4,2025-06-10T06:00:00
394,217,5.0,2025-06-10T07:00:00
462,278,4.3,2025-06-10T07:00:00
45,259,3.3,2025-06-10T08:00:00
196,291,3.4,2025-06-10T08:00:00
218,162,3.3,2025-06-10T08:00:00
223,222,3.1,2025-06-10T08:00:00
349,13,4.9,2025-06-10T08:00:00
417,13,4.3,2025-06-10T08:00:00
68,164,4.6,2025-06-10T09:00:00
203,11,4.3,2025-06-10T09:00:00
282,35,2.1,2025-06-10T09:00:00
406,162,4.5,2025-06-10T09:00:00
470,265,4.4,2025-06-10T09:00:00
89,279,2.8,2025-06-10T10:00:00
130,259,1.8,2025-06-10T10:00:00
423,122,3.6,2025-06-10T10:00:00
59,97,3.6,2025-06-10T11:00:00
392,45,4.1,2025-06-10T11:00:00
418,184,5.0,2025-06-10T11:00:00
169,18,3.5,2025-06-10T12:00:00
259,48,4.8,2025-06-10T12:00:00
441,221,4.2,2025-06-10T12:00:00
191,157,2.8,2025-06-10T13:00:00
463,26,3.8,2025-06-10T13:00:00
115,5,4.0,2025-06-10T14:00:00
327,61,5.0,2025-06-10T14:00:00
329,277,5.0,2025-06-10T14:00:00
399,249,4.4,2025-06-10T14:00:00
8,4,3.3,2025-06-10T15:00:00
29,74,3.5,2025-06-10T15:00:00
130,211,3.1,2025-06-10T15:00:00
166,70,2.7,2025-06-10T15:00:00
250,117,4.7,2025-06-10T15:00:00
264,254,4.0,2025-06-10T15:00:00
447,164,2.2,2025-06-10T15:00:00
489,292,4.7,2025-06-10T15:00:00
10,280,3.2,2025-06-10T16:00:00
479,155,3.2,2025-06-10T16:00:00
491,266,2.5,2025-06-10T16:00:00
5,267,3.6,2025-06-10T17:00:00
111,74,5.0,2025-06-10T17:00:00
265,113,5.0,2025-06-10T17:00:00
480,26,3.7,2025-06-10T17:00:00
91,233,4.8,2025-06-10T18:00:00
122,114,2.7,2025-06-10T18:00:00
397,293,3.8,2025-06-10T18:00:00
176,97,4.0,2025-06-10T19:00:00
296,93,3.4,2025-06-10T19:00:00
368,17,3.6,2025-06-10T19:00:00
376,178,4.7,2025-06-10T19:00:00
475,230,3.0,2025-06-10T19:00:00
29,64,3.5,2025-06-10T20:00:00
53,260,3.8,2025-06-10T20:00:00
266,75,3.1,2025-06-10T20:00:00
493,52,3.6,2025-06-10T20:00:00
54,183,4.2,2025-06-10T21:00:00
89,117,4.9,2025-06-10T21:00:00
5,166,4.8,2025-06-10T22:00:00
49,48,4.7,2025-06-10T22:00:00
37,29,4.6,2025-06-10T23:00:00
348,278,4.0,2025-06-10T23:00:00
167,31,3.3,2025-06-11T00:00:00
192,128,3.9,2025-06-11T00:00:00
223,266,2.7,2025-06-11T00:00:00
59,56,3.2,2025-06-11T01:00:00
78,266,4.1,2025-06-11T01:00:00
92,145,3.4,2025-06-11T01:00:00
390,157,5.0,2025-06-11T01:00:00
98,122,2.6,2025-06-11T02:00:00
230,216,3.2,2025-06-11T02:00:00
402,298,3.8,2025-06-11T02:00:00
285,122,2.8,2025-06-11T03:00:00
219,145,4.8,2025-06-11T04:00:00
295,291,4.4,2025-06-11T04:00:00
327,87,5.0,2025-06-11T04:00:00
388,26,3.5,2025-06-11T04:00:00
444,163,3.9,2025-06-11T04:00:00
73,74,1.7,2025-06-11T05:00:00
80,161,4.6,2025-06-11T05:00:00
258,33,3.2,2025-06-11T05:00:00
45,165,4.7,2025-06-11T06:00:00
192,4,4.5,2025-06-11T06:00:00
203,59,4.7,2025-06-11T06:00:00
286,140,3.5,2025-06-11T06:00:00
329,299,5.0,2025-06-11T06:00:00
461,19,3.3,2025-06-11T06:00:00
74,278,3.0,2025-06-11T07:00:00
81,164,3.8,2025-06-11T07:00:00
143,122,2.5,2025-06-11T07:00:00
225,192,4.2,2025-06-11T07:00:00
245,138,4.9,2025-06-11T07:00:00
453,162,3.1,2025-06-11T07:00:00
479,289,3.8,2025-06-11T07:00:00
156,45,4.3,2025-06-11T08:00:00
182,284,4.2,2025-06-11T08:00:00
186,271,3.9,2025-06-11T08:00:00
191,189,3.1,2025-06-11T08:00:00
418,189,3.8,2025-06-11T08:00:00
114,85,5.0,2025-06-11T09:00:00
40,13,3.1,2025-06-11T10:00:00
334,266,5.0,2025-06-11T10:00:00
447,266,2.2,2025-06-11T10:00:00
33,282,3.1,2025-06-11T11:00:00
157,216,2.8,2025-06-11T11:00:00
198,164,3.1,2025-06-11T11:00:00
32,85,4.0,2025-06-11T12:00:00
80,45,2.4,2025-06-11T12:00:00
166,125,1.8,2025-06-11T12:00:00
192,216,5.0,2025-06-11T12:00:00
254,261,3.0,2025-06-11T12:00:00
266,219,3.1,2025-06-11T12:00:00
385,176,4.4,2025-06-11T12:00:00
412,122,3.0,2025-06-11T12:00:00
418,157,5.0,2025-06-11T12:00:00
7,279,2.7,2025-06-11T13:00:00
126,206,4.7,2025-06-11T14:00:00
200,87,4.8,2025-06-11T14:00:00
285,86,3.6,2025-06-11T14:00:00
52,164,3.7,2025-06-11T15:00:00
213,279,2.7,2025-06-11T15:00:00
396,271,2.7,2025-06-11T15:00:00
36,198,4.7,2025-06-11T16:00:00
62,29,2.4,2025-06-11T16:00:00
368,25,2.7,2025-06-11T16:00:00
12,46,3.5,2025-06-11T17:00:00
171,40,3.8,2025-06-11T17:00:00
288,155,3.1,2025-06-11T17:00:00
433,300,4.2,2025-06-11T17:00:00
487,274,3.1,2025-06-11T17:00:00
378,74,2.1,2025-06-11T18:00:00
10,49,5.0,2025-06-11T19:00:00
33,222,4.0,2025-06-11T19:00:00
479,108,5.0,2025-06-11T19:00:00
32,205,4.1,2025-06-11T20:00:00
153,27,3.6,2025-06-11T20:00:00
296,232,4.1,2025-06-11T20:00:00
322,223,3.1,2025-06-11T20:00:00
331,182,4.0,2025-06-11T21:00:00
355,74,3.6,2025-06-11T21:00:00
487,35,3.0,2025-06-11T21:00:00
225,156,3.8,2025-06-11T22:00:00
238,277,3.9,2025-06-11T22:00:00
320,134,4.1,2025-06-11T22:00:00
491,29,3.4,2025-06-11T22:00:00
125,298,3.6,2025-06-11T23:00:00
245,89,4.1,2025-06-11T23:00:00
309,152,3.6,2025-06-11T23:00:00
334,295,5.0,2025-06-11T23:00:00
241,244,4.3,2025-06-12T00:00:00
286,200,5.0,2025-06-12T00:00:00
399,250,3.4,2025-06-12T00:00:00
233,42,4.2,2025-06-12T01:00:00
455,167,5.0,2025-06-12T01:00:00
56,165,4.7,2025-06-12T02:00:00
259,39,5.0,2025-06-12T02:00:00
304,160,3.5,2025-06-12T02:00:00
75,294,2.8,2025-06-12T03:00:00
144,176,3.2,2025-06-12T04:00:00
187,190,4.9,2025-06-12T04:00:00
241,198,4.8,2025-06-12T04:00:00
417,74,4.0,2025-06-12T04:00:00
18,29,3.9,2025-06-12T06:00:00
273,267,4.0,2025-06-12T06:00:00
327,267,4.3,2025-06-12T06:00:00
393,249,3.6,2025-06-12T06:00:00
429,87,3.6,2025-06-12T06:00:00
491,53,4.8,2025-06-12T06:00:00
5,151,4.1,2025-06-12T07:00:00
12,41,4.0,2025-06-12T07:00:00
115,33,5.0,2025-06-12T07:00:00
183,277,1.9,2025-06-12T07:00:00
227,25,4.1,2025-06-12T07:00:00
236,48,3.0,2025-06-12T07:00:00
78,174,4.8,2025-06-12T08:00:00
124,233,2.7,2025-06-12T08:00:00
125,70,3.6,2025-06-12T08:00:00
196,144,3.9,2025-06-12T08:00:00
349,27,5.0,2025-06-12T08:00:00
360,256,2.4,2025-06-12T08:00:00
470,257,4.8,2025-06-12T08:00:00
477,68,4.0,2025-06-12T08:00:00
34,198,3.7,2025-06-12T09:00:00
64,98,3.7,2025-06-12T09:00:00
186,18,4.2,2025-06-12T09:00:00
238,255,4.7,2025-06-12T09:00:00
301,229,4.5,2025-06-12T09:00:00
490,224,2.5,2025-06-12T09:00:00
81,88,5.0,2025-06-12T10:00:00
423,210,5.0,2025-06-12T10:00:00
205,48,3.3,2025-06-12T11:00:00
307,126,2.9,2025-06-12T11:00:00
484,243,3.7,2025-06-12T11:00:00
171,82,2.7,2025-06-12T12:00:00
200,71,4.2,2025-06-12T12:00:00
203,89,5.0,2025-06-12T12:00:00
241,176,5.0,2025-06-12T12:00:00
337,267,2.1,2025-06-12T12:00:00
485,275,4.2,2025-06-12T12:00:00
132,68,4.4,2025-06-12T13:00:00
306,122,3.9,2025-06-12T13:00:00
106,37,5.0,2025-06-12T14:00:00
152,186,5.0,2025-06-12T14:00:00
357,49,4.2,2025-06-12T14:00:00
475,2,4.9,2025-06-12T14:00:00
166,134,1.5,2025-06-12T15:00:00
167,176,3.6,2025-06-12T15:00:00
264,274,5.0,2025-06-12T15:00:00
339,47,2.9,2025-06-12T15:00:00
480,50,3.9,2025-06-12T15:00:00
288,96,3.6,2025-06-12T16:00:00
301,170,4.8,2025-06-12T16:00:00
394,89,3.7,2025-06-12T16:00:00
404,41,4.2,2025-06-12T16:00:00
122,212,4.3,2025-06-12T17:00:00
306,29,4.1,2025-06-12T17:00:00
383,75,2.0,2025-06-12T17:00:00
98,247,4.8,2025-06-12T18:00:00
296,198,3.6,2025-06-12T18:00:00
361,97,3.1,2025-06-12T18:00:00
368,127,2.9,2025-06-12T18:00:00
113,99,3.7,2025-06-12T19:00:00
125,271,4.0,2025-06-12T19:00:00
343,292,3.6,2025-06-12T19:00:00
427,122,3.5,2025-06-12T19:00:00
29,195,2.9,2025-06-12T20:00:00
32,242,3.5,2025-06-12T20:00:00
181,295,3.7,2025-06-12T20:00:00
198,141,3.6,2025-06-12T20:00:00
406,267,4.3,2025-06-12T20:00:00
202,67,3.0,2025-06-12T21:00:00
258,11,3.9,2025-06-12T21:00:00
413,210,4.9,2025-06-12T21:00:00
473,274,3.2,2025-06-12T21:00:00
277,63,4.2,2025-06-12T22:00:00
462,254,3.3,2025-06-12T22:00:00
8,5,3.5,2025-06-13T00:00:00
166,178,3.0,2025-06-13T00:00:00
181,270,5.0,2025-06-13T00:00:00
219,213,3.0,2025-06-13T01:00:00
250,209,3.7,2025-06-13T01:00:00
473,241,4.9,2025-06-13T01:00:00
242,155,4.8,2025-06-13T02:00:00
475,17,4.2,2025-06-13T02:00:00
91,198,4.2,2025-06-13T03:00:00
489,287,3.8,2025-06-13T03:00:00
18,27,4.4,2025-06-13T05:00:00
45,117,5.0,2025-06-13T05:00:00
320,286,3.4,2025-06-13T05:00:00
5,246,4.9,2025-06-13T06:00:00
62,169,3.6,2025-06-13T06:00:00
90,116,4.5,2025-06-13T06:00:00
209,74,3.1,2025-06-13T06:00:00
292,249,4.6,2025-06-13T06:00:00
404,26,3.8,2025-06-13T06:00:00
444,182,2.9,2025-06-13T06:00:00
485,175,4.5,2025-06-13T06:00:00
218,183,3.1,2025-06-13T07:00:00
295,187,3.1,2025-06-13T07:00:00
322,253,4.3,2025-06-13T07:00:00
465,262,3.9,2025-06-13T07:00:00
493,209,2.8,2025-06-13T07:00:00
49,34,4.8,2025-06-13T08:00:00
55,202,4.3,2025-06-13T08:00:00
69,162,4.4,2025-06-13T08:00:00
122,209,3.5,2025-06-13T08:00:00
7,280,4.6,2025-06-13T09:00:00
73,111,2.4,2025-06-13T09:00:00
130,273,2.6,2025-06-13T09:00:00
152,255,2.7,2025-06-13T09:00:00
285,162,3.9,2025-06-13T09:00:00
470,254,4.2,2025-06-13T09:00:00
40,41,3.2,2025-06-13T10:00:00
78,296,4.5,2025-06-13T10:00:00
133,246,4.4,2025-06-13T10:00:00
406,266,3.7,2025-06-13T10:00:00
95,165,4.3,2025-06-13T11:00:00
100,291,3.6,2025-06-13T11:00:00
166,84,2.5,2025-06-13T11:00:00
246,87,3.6,2025-06-13T11:00:00
405,122,2.8,2025-06-13T11:00:00
92,154,3.9,2025-06-13T12:00:00
155,74,2.5,2025-06-13T12:00:00
182,38,3.4,2025-06-13T12:00:00
125,286,3.3,2025-06-13T13:00:00
282,161,3.2,2025-06-13T13:00:00
200,27,3.5,2025-06-13T14:00:00
494,42,4.1,2025-06-13T14:00:00
153,59,4.0,2025-06-13T15:00:00
264,29,2.9,2025-06-13T15:00:00
265,164,3.2,2025-06-13T15:00:00
322,108,2.5,2025-06-13T15:00:00
155,17,2.5,2025-06-13T16:00:00
45,209,4.4,2025-06-13T17:00:00
56,153,3.7,2025-06-13T17:00:00
266,136,4.7,2025-06-13T17:00:00
343,274,3.9,2025-06-13T17:00:00
462,276,2.6,2025-06-13T17:00:00
209,164,5.0,2025-06-13T18:00:00
223,67,3.5,2025-06-13T18:00:00
297,194,3.8,2025-06-13T18:00:00
68,165,4.1,2025-06-13T19:00:00
78,193,5.0,2025-06-13T19:00:00
92,167,4.6,2025-06-13T19:00:00
53,129,3.3,2025-06-13T20:00:00
59,295,2.6,2025-06-13T20:00:00
80,198,5.0,2025-06-13T20:00:00
115,15,4.8,2025-06-13T20:00:00
132,148,4.2,2025-06-13T20:00:00
191,221,3.2,2025-06-13T20:00:00
277,122,2.7,2025-06-13T21:00:00
334,164,5.0,2025-06-13T21:00:00
388,170,3.8,2025-06-13T21:00:00
73,33,3.0,2025-06-13T22:00:00
74,216,1.5,2025-06-13T22:00:00
89,149,4.0,2025-06-13T22:00:00
111,70,5.0,2025-06-13T22:00:00
10,161,2.6,2025-06-13T23:00:00
176,158,3.8,2025-06-13T23:00:00
460,195,5.0,2025-06-13T23:00:00
411,162,4.5,2025-06-14T00:00:00
75,10,3.2,2025-06-14T01:00:00
78,189,5.0,2025-06-14T01:00:00
113,280,3.3,2025-06-14T01:00:00
187,165,3.5,2025-06-14T01:00:00
198,122,3.6,2025-06-14T01:00:00
227,5,4.7,2025-06-14T01:00:00
254,94,4.0,2025-06-14T01:00:00
396,208,3.8,2025-06-14T02:00:00
410,297,3.5,2025-06-14T02:00:00
418,193,5.0,2025-06-14T02:00:00
233,292,4.9,2025-06-14T03:00:00
353,122,3.7,2025-06-14T03:00:00
368,45,4.7,2025-06-14T03:00:00
475,41,3.9,2025-06-14T03:00:00
115,85,3.1,2025-06-14T04:00:00
200,180,3.8,2025-06-14T04:00:00
329,300,3.7,2025-06-14T06:00:00
461,27,3.1,2025-06-14T06:00:00
81,90,3.7,2025-06-14T07:00:00
110,227,4.0,2025-06-14T07:00:00
126,244,5.0,2025-06-14T07:00:00
192,230,5.0,2025-06-14T07:00:00
412,183,3.9,2025-06-14T07:00:00
444,123,4.3,2025-06-14T07:00:00
455,30,4.3,2025-06-14T07:00:00
480,20,3.6,2025-06-14T07:00:00
169,283,4.5,2025-06-14T08:00:00
309,299,4.0,2025-06-14T08:00:00
376,33,5.0,2025-06-14T08:00:00
378,102,3.5,2025-06-14T08:00:00
34,162,1.9,2025-06-14T09:00:00
156,122,3.5,2025-06-14T10:00:00
196,67,3.9,2025-06-14T10:00:00
33,258,3.7,2025-06-14T11:00:00
143,45,3.2,2025-06-14T11:00:00
242,244,4.8,2025-06-14T11:00:00
304,164,5.0,2025-06-14T11:00:00
392,48,3.7,2025-06-14T11:00:00
441,219,4.4,2025-06-14T11:00:00
463,42,2.9,2025-06-14T11:00:00
37,56,4.4,2025-06-14T12:00:00
209,172,4.7,2025-06-14T12:00:00
246,218,2.7,2025-06-14T12:00:00
355,17,4.9,2025-06-14T12:00:00
18,34,5.0,2025-06-14T13:00:00
181,289,2.8,2025-06-14T13:00:00
54,189,5.0,2025-06-14T14:00:00
306,222,4.3,2025-06-14T14:00:00
404,17,3.9,2025-06-14T14:00:00
36,280,3.0,2025-06-14T15:00:00
106,4,5.0,2025-06-14T15:00:00
167,152,3.9,2025-06-14T15:00:00
286,123,4.3,2025-06-14T15:00:00
385,210,3.7,2025-06-14T15:00:00
114,77,4.5,2025-06-14T16:00:00
241,179,5.0,2025-06-14T16:00:00
388,166,3.7,2025-06-14T16:00:00
397,297,4.3,2025-06-14T16:00:00
475,4,3.5,2025-06-14T17:00:00
32,102,3.6,2025-06-14T18:00:00
196,126,5.0,2025-06-14T18:00:00
246,79,2.5,2025-06-14T18:00:00
143,203,3.9,2025-06-14T19:00:00
169,4,3.0,2025-06-14T19:00:00
238,285,5.0,2025-06-14T19:00:00
91,47,4.5,2025-06-14T20:00:00
167,198,3.7,2025-06-14T20:00:00
348,161,3.4,2025-06-14T20:00:00
382,122,4.6,2025-06-14T20:00:00
433,74,3.9,2025-06-14T20:00:00
144,200,4.1,2025-06-14T21:00:00
176,198,4.8,2025-06-14T21:00:00
297,157,4.3,2025-06-14T21:00:00
402,54,3.7,2025-06-14T21:00:00
410,266,4.3,2025-06-14T21:00:00
417,95,2.9,2025-06-14T21:00:00
10,31,4.0,2025-06-14T22:00:00
40,182,1.6,2025-06-14T22:00:00
273,216,3.6,2025-06-14T22:00:00
309,251,3.9,2025-06-14T22:00:00
360,50,3.9,2025-06-14T22:00:00
385,172,4.2,2025-06-14T22:00:00
444,216,2.6,2025-06-14T22:00:00
205,145,4.3,2025-06-14T23:00:00
213,183,3.6,2025-06-14T23:00:00
390,149,5.0,2025-06-14T23:00:00
480,17,4.0,2025-06-14T23:00:00
490,181,4.5,2025-06-14T23:00:00
92,165,5.0,2025-06-15T00:00:00
236,203,3.3,2025-06-15T00:00:00
250,244,2.7,2025-06-15T00:00:00
463,32,3.7,2025-06-15T00:00:00
157,292,3.4,2025-06-15T01:00:00
264,280,4.4,2025-06-15T01:00:00
460,176,5.0,2025-06-15T01:00:00
493,279,3.6,2025-06-15T01:00:00
91,10,4.7,2025-06-15T02:00:00
245,182,4.2,2025-06-15T02:00:00
331,189,4.4,2025-06-15T02:00:00
388,87,1.8,2025-06-15T03:00:00
473,89,3.3,2025-06-15T03:00:00
52,178,4.9,2025-06-15T04:00:00
288,80,4.4,2025-06-15T04:00:00
413,246,5.0,2025-06-15T04:00:00
427,297,1.9,2025-06-15T04:00:00
213,267,2.6,2025-06-15T05:00:00
10,227,3.5,2025-06-15T06:00:00
22,183,3.8,2025-06-15T06:00:00
327,151,3.7,2025-06-15T06:00:00
383,273,1.0,2025-06-15T06:00:00
447,5,3.3,2025-06-15T06:00:00
90,170,2.6,2025-06-15T07:00:00
133,249,5.0,2025-06-15T07:00:00
205,136,3.7,2025-06-15T07:00:00
264,75,2.9,2025-06-15T07:00:00
470,17,2.7,2025-06-15T07:00:00
7,40,2.5,2025-06-15T08:00:00
78,238,3.2,2025-06-15T08:00:00
385,232,2.0,2025-06-15T08:00:00
55,198,4.6,2025-06-15T09:00:00
74,280,3.6,2025-06-15T09:00:00
100,279,3.2,2025-06-15T09:00:00
171,47,3.8,2025-06-15T09:00:00
183,297,1.7,2025-06-15T09:00:00
277,99,3.4,2025-06-15T10:00:00
405,168,4.0,2025-06-15T10:00:00
393,160,3.9,2025-06-15T11:00:00
29,266,3.8,2025-06-15T12:00:00
307,142,3.0,2025-06-15T12:00:00
182,182,2.8,2025-06-15T13:00:00
200,91,4.9,2025-06-15T13:00:00
259,10,5.0,2025-06-15T13:00:00
266,87,3.9,2025-06-15T13:00:00
402,76,3.1,2025-06-15T13:00:00
265,74,3.8,2025-06-15T14:00:00
22,288,3.0,2025-06-15T15:00:00
198,162,3.5,2025-06-15T15:00:00
470,55,2.7,2025-06-15T15:00:00
37,209,3.6,2025-06-15T16:00:00
157,32,2.9,2025-06-15T16:00:00
186,13,4.7,2025-06-15T16:00:00
64,291,5.0,2025-06-15T17:00:00
277,164,3.6,2025-06-15T17:00:00
399,25,3.6,2025-06-15T17:00:00
487,276,4.6,2025-06-15T17:00:00
182,257,3.7,2025-06-15T18:00:00
223,45,1.8,2025-06-15T18:00:00
227,219,1.9,2025-06-15T18:00:00
368,44,3.3,2025-06-15T18:00:00
132,58,5.0,2025-06-15T19:00:00
246,74,2.8,2025-06-15T19:00:00
331,196,3.9,2025-06-15T19:00:00
479,144,4.8,2025-06-15T19:00:00
491,219,3.5,2025-06-15T19:00:00
12,209,2.9,2025-06-15T20:00:00
219,110,4.9,2025-06-15T20:00:00
258,12,3.3,2025-06-15T20:00:00
355,15,4.6,2025-06-15T20:00:00
98,230,3.6,2025-06-15T21:00:00
124,292,3.8,2025-06-15T21:00:00
301,17,4.6,2025-06-15T21:00:00
382,74,4.2,2025-06-15T21:00:00
494,200,3.2,2025-06-15T21:00:00
225,178,4.6,2025-06-15T22:00:00
264,213,4.9,2025-06-15T22:00:00
444,284,2.9,2025-06-15T22:00:00
59,89,3.1,2025-06-16T00:00:00
394,216,3.9,2025-06-16T00:00:00
462,121,3.8,2025-06-16T00:00:00
477,122,2.6,2025-06-16T00:00:00
37,45,4.0,2025-06-16T01:00:00
68,292,4.3,2025-06-16T01:00:00
171,197,3.2,2025-06-16T01:00:00
250,216,3.4,2025-06-16T02:00:00
329,187,3.7,2025-06-16T02:00:00
80,152,3.8,2025-06-16T03:00:00
202,248,2.6,2025-06-16T03:00:00
218,147,5.0,2025-06-16T03:00:00
297,102,3.2,2025-06-16T03:00:00
307,222,3.7,2025-06-16T03:00:00
423,223,3.6,2025-06-16T03:00:00
460,200,4.8,2025-06-16T03:00:00
493,98,4.3,2025-06-16T03:00:00
92,110,4.8,2025-06-16T04:00:00
181,288,2.4,2025-06-16T04:00:00
349,44,4.6,2025-06-16T04:00:00
166,162,1.8,2025-06-16T05:00:00
200,242,3.7,2025-06-16T05:00:00
361,127,5.0,2025-06-16T05:00:00
429,276,4.0,2025-06-16T05:00:00
2,74,2.4,2025-06-16T06:00:00
5,156,5.0,2025-06-16T06:00:00
412,73,4.0,2025-06-16T06:00:00
56,176,5.0,2025-06-16T07:00:00
89,273,2.7,2025-06-16T07:00:00
187,164,3.7,2025-06-16T07:00:00
337,57,4.1,2025-06-16T07:00:00
393,5,5.0,2025-06-16T07:00:00
494,191,4.5,2025-06-16T07:00:00
227,31,4.4,2025-06-16T08:00:00
320,158,3.5,2025-06-16T09:00:00
152,46,3.8,2025-06-16T10:00:00
411,57,4.2,2025-06-16T10:00:00
466,209,3.2,2025-06-16T10:00:00
236,106,4.3,2025-06-16T11:00:00
295,299,4.2,2025-06-16T11:00:00
484,291,2.9,2025-06-16T11:00:00
125,45,2.9,2025-06-16T12:00:00
376,74,5.0,2025-06-16T12:00:00
447,20,2.0,2025-06-16T12:00:00
479,111,5.0,2025-06-16T12:00:00
487,253,4.1,2025-06-16T12:00:00
490,155,2.8,2025-06-16T12:00:00
52,145,3.2,2025-06-16T13:00:00
301,68,2.9,2025-06-16T13:00:00
357,189,3.5,2025-06-16T13:00:00
390,193,5.0,2025-06-16T14:00:00
461,43,2.6,2025-06-16T14:00:00
113,29,3.3,2025-06-16T15:00:00
122,243,4.2,2025-06-16T15:00:00
296,223,3.2,2025-06-16T15:00:00
285,166,3.9,2025-06-16T16:00:00
307,267,2.3,2025-06-16T16:00:00
36,190,4.1,2025-06-16T17:00:00
37,280,4.1,2025-06-16T17:00:00
45,246,4.3,2025-06-16T17:00:00
360,161,3.8,2025-06-16T17:00:00
385,273,2.6,2025-06-16T17:00:00
155,197,3.5,2025-06-16T18:00:00
176,182,4.0,2025-06-16T18:00:00
254,273,3.1,2025-06-16T18:00:00
69,39,4.1,2025-06-16T19:00:00
233,294,3.6,2025-06-16T19:00:00
288,238,3.8,2025-06-16T19:00:00
282,258,2.4,2025-06-16T20:00:00
304,186,4.2,2025-06-16T20:00:00
22,45,4.3,2025-06-16T21:00:00
406,209,2.8,2025-06-16T21:00:00
418,278,4.9,2025-06-16T21:00:00
153,209,3.9,2025-06-16T22:00:00
209,182,5.0,2025-06-16T22:00:00
286,165,4.5,2025-06-16T22:00:00
52,89,3.4,2025-06-16T23:00:00
186,1,4.7,2025-06-16T23:00:00
413,249,5.0,2025-06-16T23:00:00
8,48,3.6,2025-06-17T00:00:00
18,210,3.7,2025-06-17T00:00:00
36,136,2.7,2025-06-17T00:00:00
49,8,4.9,2025-06-17T00:00:00
115,13,4.0,2025-06-17T00:00:00
155,10,2.5,2025-06-17T00:00:00
198,225,3.7,2025-06-17T00:00:00
213,182,2.5,2025-06-17T00:00:00
288,63,4.4,2025-06-17T00:00:00
489,294,3.7,2025-06-17T00:00:00
62,178,3.2,2025-06-17T01:00:00
100,296,3.6,2025-06-17T01:00:00
246,78,4.5,2025-06-17T01:00:00
405,155,3.5,2025-06-17T01:00:00
447,27,4.4,2025-06-17T01:00:00
460,266,4.0,2025-06-17T01:00:00
53,89,4.0,2025-06-17T02:00:00
55,221,4.0,2025-06-17T02:00:00
132,82,4.8,2025-06-17T02:00:00
349,28,4.7,2025-06-17T02:00:00
406,167,3.4,2025-06-17T02:00:00
465,291,4.4,2025-06-17T02:00:00
144,173,2.5,2025-06-17T03:00:00
309,297,4.7,2025-06-17T03:00:00
404,6,3.8,2025-06-17T03:00:00
473,213,4.4,2025-06-17T03:00:00
95,153,4.7,2025-06-17T04:00:00
110,223,4.8,2025-06-17T04:00:00
156,74,3.3,2025-06-17T04:00:00
277,45,3.0,2025-06-17T04:00:00
288,198,4.3,2025-06-17T04:00:00
306,74,4.5,2025-06-17T04:00:00
411,62,4.8,2025-06-17T04:00:00
463,6,4.0,2025-06-17T04:00:00
292,248,3.7,2025-06-17T05:00:00
327,163,4.0,2025-06-17T05:00:00
343,45,3.0,2025-06-17T05:00:00
111,96,5.0,2025-06-17T06:00:00
334,74,5.0,2025-06-17T06:00:00
487,287,4.6,2025-06-17T06:00:00
37,42,5.0,2025-06-17T07:00:00
200,84,4.7,2025-06-17T07:00:00
224,185,2.6,2025-06-17T07:00:00
40,50,3.0,2025-06-17T08:00:00
245,87,3.6,2025-06-17T08:00:00
392,122,3.5,2025-06-17T08:00:00
8,20,4.5,2025-06-17T09:00:00
22,29,4.8,2025-06-17T09:00:00
73,4,3.3,2025-06-17T09:00:00
132,92,4.8,2025-06-17T09:00:00
176,192,5.0,2025-06-17T09:00:00
182,271,2.8,2025-06-17T09:00:00
473,229,3.7,2025-06-17T09:00:00
32,91,4.6,2025-06-17T10:00:00
69,163,5.0,2025-06-17T10:00:00
143,245,2.7,2025-06-17T10:00:00
273,205,3.8,2025-06-17T10:00:00
441,205,5.0,2025-06-17T11:00:00
54,182,4.5,2025-06-17T12:00:00
75,287,3.0,2025-06-17T12:00:00
396,122,2.7,2025-06-17T12:00:00
250,260,2.3,2025-06-17T13:00:00
382,70,5.0,2025-06-17T13:00:00
32,70,4.5,2025-06-17T14:00:00
353,58,4.1,2025-06-17T14:00:00
59,78,4.2,2025-06-17T15:00:00
213,169,4.3,2025-06-17T15:00:00
322,99,3.4,2025-06-17T15:00:00
477,91,4.0,2025-06-17T15:00:00
98,211,3.8,2025-06-17T16:00:00
167,161,3.7,2025-06-17T16:00:00
182,10,4.3,2025-06-17T16:00:00
183,10,3.0,2025-06-17T16:00:00
295,268,3.3,2025-06-17T16:00:00
378,150,2.6,2025-06-17T16:00:00
475,47,3.3,2025-06-17T16:00:00
114,55,5.0,2025-06-17T17:00:00
157,276,2.8,2025-06-17T17:00:00
411,249,3.7,2025-06-17T17:00:00
5,163,5.0,2025-06-17T18:00:00
125,266,3.5,2025-06-17T18:00:00
192,249,5.0,2025-06-17T18:00:00
238,279,5.0,2025-06-17T18:00:00
444,196,3.2,2025-06-17T18:00:00
242,188,5.0,2025-06-17T19:00:00
288,66,5.0,2025-06-17T19:00:00
412,17,2.4,2025-06-17T19:00:00
29,89,4.0,2025-06-17T20:00:00
154,164,5.0,2025-06-17T20:00:00
191,178,3.8,2025-06-17T20:00:00
397,74,4.7,2025-06-17T20:00:00
10,164,2.0,2025-06-17T21:00:00
34,74,2.5,2025-06-17T21:00:00
45,196,3.8,2025-06-17T21:00:00
91,30,5.0,2025-06-17T21:00:00
92,209,3.4,2025-06-17T21:00:00
111,50,4.1,2025-06-17T21:00:00
155,29,3.1,2025-06-17T21:00:00
62,216,2.6,2025-06-17T22:00:00
187,169,3.4,2025-06-17T22:00:00
433,294,3.4,2025-06-17T22:00:00
33,267,4.1,2025-06-17T23:00:00
106,14,5.0,2025-06-17T23:00:00
183,35,4.3,2025-06-17T23:00:00
18,21,3.9,2025-06-18T00:00:00
56,194,4.0,2025-06-18T00:00:00
295,262,4.2,2025-06-18T00:00:00
298,266,4.4,2025-06-18T00:00:00
182,258,4.3,2025-06-18T01:00:00
273,74,2.3,2025-06-18T01:00:00
296,160,2.5,2025-06-18T01:00:00
327,284,3.1,2025-06-18T01:00:00
383,102,2.4,2025-06-18T01:00:00
406,178,4.9,2025-06-18T01:00:00
480,10,2.4,2025-06-18T01:00:00
455,48,3.2,2025-06-18T02:00:00
126,94,4.7,2025-06-18T03:00:00
198,267,2.3,2025-06-18T03:00:00
78,168,4.0,2025-06-18T04:00:00
225,193,4.5,2025-06-18T04:00:00
235,216,3.8,2025-06-18T04:00:00
461,9,2.7,2025-06-18T04:00:00
169,2,5.0,2025-06-18T05:00:00
410,291,4.1,2025-06-18T05:00:00
245,141,4.9,2025-06-18T06:00:00
282,245,3.4,2025-06-18T07:00:00
286,89,4.6,2025-06-18T07:00:00
8,47,3.3,2025-06-18T08:00:00
64,288,4.3,2025-06-18T08:00:00
241,188,4.9,2025-06-18T08:00:00
277,70,4.5,2025-06-18T08:00:00
404,218,3.2,2025-06-18T08:00:00
68,192,3.9,2025-06-18T09:00:00
90,221,3.3,2025-06-18T09:00:00
100,267,3.8,2025-06-18T09:00:00
390,168,5.0,2025-06-18T09:00:00
470,256,4.0,2025-06-18T09:00:00
224,122,3.4,2025-06-18T10:00:00
402,257,4.5,2025-06-18T10:00:00
487,257,4.2,2025-06-18T10:00:00
36,188,3.4,2025-06-18T11:00:00
78,182,4.8,2025-06-18T11:00:00
91,36,5.0,2025-06-18T11:00:00
143,232,3.1,2025-06-18T11:00:00
183,45,2.7,2025-06-18T11:00:00
196,212,3.7,2025-06-18T11:00:00
455,57,4.6,2025-06-18T11:00:00
490,209,3.9,2025-06-18T11:00:00
259,215,3.6,2025-06-18T12:00:00
367,270,2.5,2025-06-18T12:00:00
394,239,5.0,2025-06-18T12:00:00
8,29,3.9,2025-06-18T13:00:00
219,141,4.6,2025-06-18T13:00:00
353,74,4.3,2025-06-18T13:00:00
368,189,2.1,2025-06-18T13:00:00
385,162,3.4,2025-06-18T13:00:00
7,267,4.3,2025-06-18T14:00:00
325,242,5.0,2025-06-18T14:00:00
411,165,4.0,2025-06-18T14:00:00
49,277,3.1,2025-06-18T15:00:00
106,259,3.5,2025-06-18T16:00:00
265,122,5.0,2025-06-18T16:00:00
306,129,4.7,2025-06-18T16:00:00
477,285,3.7,2025-06-18T16:00:00
171,205,2.3,2025-06-18T17:00:00
198,250,2.9,2025-06-18T17:00:00
266,125,4.8,2025-06-18T17:00:00
296,66,4.1,2025-06-18T17:00:00
412,169,3.7,2025-06-18T17:00:00
2,122,4.0,2025-06-18T18:00:00
74,148,3.4,2025-06-18T18:00:00
126,209,4.5,2025-06-18T18:00:00
191,187,2.5,2025-06-18T18:00:00
376,6,4.7,2025-06-18T18:00:00
186,260,3.9,2025-06-18T19:00:00
331,200,4.2,2025-06-18T19:00:00
166,130,2.1,2025-06-18T20:00:00
115,245,4.3,2025-06-18T21:00:00
205,104,4.9,2025-06-18T21:00:00
301,198,5.0,2025-06-18T21:00:00
417,29,4.1,2025-06-18T21:00:00
491,223,3.5,2025-06-18T21:00:00
393,20,3.8,2025-06-18T22:00:00
32,212,4.1,2025-06-18T23:00:00
297,172,2.9,2025-06-18T23:00:00
320,25,4.0,2025-06-18T23:00:00
236,293,4.7,2025-06-19T00:00:00
304,162,4.2,2025-06-19T00:00:00
413,261,2.0,2025-06-19T00:00:00
36,155,5.0,2025-06-19T01:00:00
176,201,3.7,2025-06-19T01:00:00
484,250,3.9,2025-06-19T01:00:00
113,143,2.9,2025-06-19T02:00:00
125,264,3.0,2025-06-19T02:00:00
423,232,5.0,2025-06-19T02:00:00
429,253,4.4,2025-06-19T02:00:00
388,176,4.5,2025-06-19T03:00:00
447,21,4.1,2025-06-19T03:00:00
133,223,3.0,2025-06-19T04:00:00
225,154,5.0,2025-06-19T04:00:00
427,274,2.8,2025-06-19T04:00:00
110,235,4.7,2025-06-19T05:00:00
187,178,3.4,2025-06-19T05:00:00
223,241,3.8,2025-06-19T05:00:00
273,291,4.3,2025-06-19T05:00:00
91,41,5.0,2025-06-19T06:00:00
254,216,4.2,2025-06-19T06:00:00
264,261,3.6,2025-06-19T06:00:00
325,89,3.8,2025-06-19T06:00:00
463,45,4.1,2025-06-19T06:00:00
477,55,3.8,2025-06-19T06:00:00
98,42,3.4,2025-06-19T07:00:00
218,113,5.0,2025-06-19T07:00:00
227,49,4.9,2025-06-19T07:00:00
349,280,4.1,2025-06-19T07:00:00
331,157,3.7,2025-06-19T08:00:00
258,17,3.3,2025-06-19T09:00:00
355,45,4.3,2025-06-19T09:00:00
461,46,3.3,2025-06-19T09:00:00
53,165,3.3,2025-06-19T10:00:00
494,182,5.0,2025-06-19T10:00:00
361,52,4.5,2025-06-19T11:00:00
460,213,4.7,2025-06-19T11:00:00
153,83,4.8,2025-06-19T12:00:00
154,45,4.8,2025-06-19T12:00:00
254,162,3.9,2025-06-19T12:00:00
329,182,5.0,2025-06-19T12:00:00
397,257,4.6,2025-06-19T12:00:00
473,219,3.7,2025-06-19T12:00:00
12,2,4.1,2025-06-19T13:00:00
181,255,4.7,2025-06-19T13:00:00
187,23,4.2,2025-06-19T13:00:00
223,219,2.8,2025-06-19T13:00:00
285,178,5.0,2025-06-19T13:00:00
399,21,4.0,2025-06-19T13:00:00
433,280,4.9,2025-06-19T13:00:00
89,206,2.2,2025-06-19T14:00:00
202,68,4.1,2025-06-19T14:00:00
241,175,5.0,2025-06-19T14:00:00
307,129,4.3,2025-06-19T14:00:00
34,209,4.5,2025-06-19T15:00:00
57,42,3.6,2025-06-19T15:00:00
298,270,4.5,2025-06-19T15:00:00
54,170,4.0,2025-06-19T16:00:00
250,249,3.2,2025-06-19T16:00:00
378,142,3.2,2025-06-19T16:00:00
441,222,4.6,2025-06-19T16:00:00
462,270,3.0,2025-06-19T16:00:00
489,17,3.0,2025-06-19T16:00:00
18,6,4.2,2025-06-19T17:00:00
122,246,4.0,2025-06-19T17:00:00
213,31,2.9,2025-06-19T17:00:00
334,73,5.0,2025-06-19T17:00:00
417,274,3.3,2025-06-19T17:00:00
45,102,4.8,2025-06-19T18:00:00
80,211,2.6,2025-06-19T18:00:00
281,266,4.8,2025-06-19T18:00:00
444,115,3.6,2025-06-19T18:00:00
181,284,3.6,2025-06-19T19:00:00
327,94,4.9,2025-06-19T19:00:00
405,173,3.9,2025-06-19T19:00:00
113,164,2.6,2025-06-19T20:00:00
246,70,2.3,2025-06-19T20:00:00
337,88,5.0,2025-06-19T20:00:00
406,198,4.7,2025-06-19T20:00:00
75,214,4.2,2025-06-19T21:00:00
182,122,3.2,2025-06-19T21:00:00
258,18,3.4,2025-06-19T21:00:00
8,74,2.0,2025-06-19T22:00:00
37,35,4.9,2025-06-19T22:00:00
292,222,4.6,2025-06-19T22:00:00
355,75,4.5,2025-06-19T22:00:00
493,63,3.4,2025-06-19T23:00:00
281,49,5.0,2025-06-20T00:00:00
418,200,5.0,2025-06-20T00:00:00
224,274,3.1,2025-06-20T02:00:00
410,258,3.9,2025-06-20T02:00:00
455,70,3.8,2025-06-20T02:00:00
470,269,5.0,2025-06-20T02:00:00
153,57,5.0,2025-06-20T03:00:00
258,34,2.7,2025-06-20T03:00:00
69,153,5.0,2025-06-20T04:00:00
75,207,5.0,2025-06-20T04:00:00
90,208,3.5,2025-06-20T04:00:00
225,42,3.5,2025-06-20T04:00:00
287,189,2.9,2025-06-20T04:00:00
378,34,2.7,2025-06-20T04:00:00
477,59,3.4,2025-06-20T04:00:00
95,157,4.4,2025-06-20T05:00:00
111,21,4.1,2025-06-20T05:00:00
418,89,5.0,2025-06-20T05:00:00
132,80,5.0,2025-06-20T06:00:00
152,165,3.8,2025-06-20T06:00:00
154,189,5.0,2025-06-20T06:00:00
242,160,4.4,2025-06-20T06:00:00
277,79,1.6,2025-06-20T06:00:00
367,206,2.4,2025-06-20T06:00:00
460,199,5.0,2025-06-20T06:00:00
479,267,4.0,2025-06-20T06:00:00
166,280,2.5,2025-06-20T07:00:00
489,270,3.8,2025-06-20T07:00:00
73,41,2.6,2025-06-20T08:00:00
115,23,5.0,2025-06-20T08:00:00
349,272,3.3,2025-06-20T08:00:00
355,42,4.4,2025-06-20T08:00:00
383,135,2.7,2025-06-20T08:00:00
59,278,4.8,2025-06-20T10:00:00
91,183,4.2,2025-06-20T10:00:00
466,217,3.9,2025-06-20T10:00:00
287,266,3.3,2025-06-20T11:00:00
296,242,4.7,2025-06-20T11:00:00
382,277,4.7,2025-06-20T11:00:00
392,41,4.8,2025-06-20T11:00:00
186,196,3.4,2025-06-20T12:00:00
396,49,3.5,2025-06-20T12:00:00
18,209,3.8,2025-06-20T13:00:00
49,30,5.0,2025-06-20T13:00:00
111,6,4.2,2025-06-20T13:00:00
126,216,4.8,2025-06-20T13:00:00
133,250,4.7,2025-06-20T14:00:00
200,66,5.0,2025-06-20T14:00:00
304,89,2.0,2025-06-20T14:00:00
353,89,5.0,2025-06-20T14:00:00
397,289,3.5,2025-06-20T14:00:00
5,158,4.7,2025-06-20T15:00:00
45,216,3.3,2025-06-20T15:00:00
92,266,3.3,2025-06-20T15:00:00
233,249,4.3,2025-06-20T15:00:00
238,291,5.0,2025-06-20T15:00:00
78,288,4.6,2025-06-20T16:00:00
196,260,4.2,2025-06-20T16:00:00
209,193,3.7,2025-06-20T16:00:00
360,67,2.8,2025-06-20T16:00:00
477,3,2.5,2025-06-20T16:00:00
52,182,3.8,2025-06-20T17:00:00
122,229,5.0,2025-06-20T17:00:00
242,260,4.8,2025-06-20T17:00:00
301,160,3.4,2025-06-20T17:00:00
402,260,3.8,2025-06-20T17:00:00
157,295,3.0,2025-06-20T18:00:00
80,238,3.5,2025-06-20T19:00:00
156,30,5.0,2025-06-20T19:00:00
235,233,4.4,2025-06-20T20:00:00
246,88,3.6,2025-06-20T20:00:00
297,35,1.2,2025-06-20T20:00:00
343,285,3.6,2025-06-20T20:00:00
114,29,3.2,2025-06-20T21:00:00
224,222,2.1,2025-06-20T21:00:00
378,31,2.8,2025-06-20T21:00:00
382,87,3.5,2025-06-20T21:00:00
463,168,3.0,2025-06-20T21:00:00
29,63,4.2,2025-06-20T22:00:00
157,125,4.5,2025-06-20T22:00:00
169,249,3.5,2025-06-20T22:00:00
465,212,4.7,2025-06-20T22:00:00
144,49,1.5,2025-06-20T23:00:00
329,27,3.3,2025-06-20T23:00:00
55,223,5.0,2025-06-21T00:00:00
122,222,4.6,2025-06-21T00:00:00
205,101,3.7,2025-06-21T00:00:00
427,6,2.2,2025-06-21T00:00:00
447,255,2.1,2025-06-21T00:00:00
227,19,3.8,2025-06-21T01:00:00
12,34,3.0,2025-06-21T02:00:00
18,41,5.0,2025-06-21T02:00:00
187,19,2.8,2025-06-21T02:00:00
307,162,2.9,2025-06-21T02:00:00
383,209,1.9,2025-06-21T02:00:00
22,38,3.0,2025-06-21T03:00:00
32,57,3.5,2025-06-21T03:00:00
56,266,3.6,2025-06-21T03:00:00
74,253,2.9,2025-06-21T03:00:00
200,32,3.7,2025-06-21T03:00:00
475,6,4.4,2025-06-21T04:00:00
298,257,4.6,2025-06-21T05:00:00
480,109,2.1,2025-06-21T05:00:00
91,14,5.0,2025-06-21T06:00:00
166,48,1.6,2025-06-21T06:00:00
182,283,3.4,2025-06-21T06:00:00
282,155,3.6,2025-06-21T06:00:00
325,73,4.9,2025-06-21T06:00:00
406,286,4.2,2025-06-21T06:00:00
423,219,4.4,2025-06-21T06:00:00
459,162,4.9,2025-06-21T06:00:00
69,17,3.9,2025-06-21T07:00:00
288,56,4.2,2025-06-21T07:00:00
327,225,3.5,2025-06-21T07:00:00
7,296,4.4,2025-06-21T08:00:00
68,244,4.5,2025-06-21T08:00:00
29,122,3.4,2025-06-21T09:00:00
62,7,2.6,2025-06-21T09:00:00
89,213,3.9,2025-06-21T09:00:00
144,179,3.6,2025-06-21T09:00:00
268,101,4.2,2025-06-21T09:00:00
295,269,4.0,2025-06-21T09:00:00
353,63,3.1,2025-06-21T09:00:00
10,39,2.4,2025-06-21T10:00:00
383,111,2.5,2025-06-21T10:00:00
417,166,4.5,2025-06-21T10:00:00
463,216,1.7,2025-06-21T10:00:00
113,67,4.5,2025-06-21T11:00:00
155,8,4.3,2025-06-21T11:00:00
167,70,1.9,2025-06-21T11:00:00
225,266,5.0,2025-06-21T11:00:00
361,123,5.0,2025-06-21T11:00:00
106,300,3.3,2025-06-21T12:00:00
125,29,3.6,2025-06-21T12:00:00
126,246,5.0,2025-06-21T12:00:00
209,29,3.5,2025-06-21T12:00:00
490,196,3.9,2025-06-21T12:00:00
223,5,3.4,2025-06-21T13:00:00
297,156,2.4,2025-06-21T13:00:00
306,31,4.3,2025-06-21T13:00:00
8,172,2.3,2025-06-21T14:00:00
413,221,4.7,2025-06-21T14:00:00
423,262,4.4,2025-06-21T14:00:00
192,9,2.2,2025-06-21T15:00:00
245,266,3.3,2025-06-21T15:00:00
368,2,5.0,2025-06-21T15:00:00
100,272,3.7,2025-06-21T16:00:00
191,127,1.4,2025-06-21T16:00:00
277,73,3.6,2025-06-21T16:00:00
285,196,4.1,2025-06-21T16:00:00
390,148,5.0,2025-06-21T16:00:00
349,39,4.7,2025-06-21T17:00:00
494,260,3.7,2025-06-21T17:00:00
500,277,5.0,2025-06-21T17:00:00
296,75,3.9,2025-06-21T18:00:00
68,216,4.5,2025-06-21T19:00:00
281,267,4.4,2025-06-21T19:00:00
388,187,4.3,2025-06-21T19:00:00
404,164,4.7,2025-06-21T19:00:00
411,280,3.6,2025-06-21T19:00:00
393,184,3.6,2025-06-21T20:00:00
402,276,4.2,2025-06-21T20:00:00
33,208,3.1,2025-06-21T21:00:00
361,132,3.8,2025-06-21T21:00:00
90,29,2.7,2025-06-21T22:00:00
98,133,2.9,2025-06-21T22:00:00
154,183,4.8,2025-06-21T22:00:00
484,74,3.2,2025-06-21T22:00:00
80,273,3.5,2025-06-21T23:00:00
113,149,3.3,2025-06-21T23:00:00
115,158,4.1,2025-06-21T23:00:00
144,196,3.2,2025-06-21T23:00:00
487,265,3.8,2025-06-21T23:00:00
493,42,3.1,2025-06-21T23:00:00
219,55,3.5,2025-06-22T00:00:00
235,244,3.3,2025-06-22T00:00:00
331,240,2.5,2025-06-22T00:00:00
282,216,4.3,2025-06-22T01:00:00
394,209,4.1,2025-06-22T01:00:00
413,230,4.7,2025-06-22T01:00:00
465,42,4.4,2025-06-22T01:00:00
127,56,3.7,2025-06-22T02:00:00
304,191,3.5,2025-06-22T02:00:00
470,139,3.3,2025-06-22T02:00:00
320,6,3.7,2025-06-22T03:00:00
397,57,4.9,2025-06-22T03:00:00
487,288,4.5,2025-06-22T03:00:00
59,291,4.9,2025-06-22T04:00:00
376,9,5.0,2025-06-22T04:00:00
405,154,4.1,2025-06-22T04:00:00
433,44,4.0,2025-06-22T04:00:00
475,14,3.2,2025-06-22T04:00:00
18,17,4.1,2025-06-22T05:00:00
37,24,4.8,2025-06-22T05:00:00
126,224,4.9,2025-06-22T05:00:00
132,261,3.9,2025-06-22T05:00:00
169,279,5.0,2025-06-22T05:00:00
259,19,5.0,2025-06-22T05:00:00
385,248,2.5,2025-06-22T05:00:00
53,66,4.1,2025-06-22T06:00:00
181,294,4.2,2025-06-22T06:00:00
327,122,3.3,2025-06-22T06:00:00
378,149,2.4,2025-06-22T06:00:00
412,161,3.3,2025-06-22T06:00:00
64,158,5.0,2025-06-22T07:00:00
2,267,4.2,2025-06-22T08:00:00
198,75,3.1,2025-06-22T08:00:00
410,262,4.0,2025-06-22T08:00:00
34,38,4.4,2025-06-22T09:00:00
360,185,3.9,2025-06-22T09:00:00
500,280,4.2,2025-06-22T09:00:00
224,106,3.3,2025-06-22T10:00:00
296,213,3.6,2025-06-22T10:00:00
53,216,3.8,2025-06-22T11:00:00
143,217,3.1,2025-06-22T11:00:00
361,246,3.5,2025-06-22T11:00:00
236,45,2.8,2025-06-22T12:00:00
254,45,2.6,2025-06-22T12:00:00
68,197,4.2,2025-06-22T13:00:00
110,209,4.5,2025-06-22T13:00:00
429,259,4.2,2025-06-22T13:00:00
490,246,3.8,2025-06-22T13:00:00
334,87,5.0,2025-06-22T14:00:00
423,249,4.4,2025-06-22T14:00:00
156,32,4.7,2025-06-22T15:00:00
238,74,4.4,2025-06-22T15:00:00
394,74,3.6,2025-06-22T15:00:00
106,24,5.0,2025-06-22T16:00:00
241,249,4.5,2025-06-22T16:00:00
265,256,3.7,2025-06-22T16:00:00
413,226,5.0,2025-06-22T17:00:00
111,41,4.7,2025-06-22T18:00:00
166,270,1.7,2025-06-22T18:00:00
404,29,4.7,2025-06-22T18:00:00
218,249,4.2,2025-06-22T19:00:00
396,223,4.2,2025-06-22T19:00:00
491,90,4.2,2025-06-22T19:00:00
152,229,5.0,2025-06-22T20:00:00
176,245,4.2,2025-06-22T20:00:00
301,27,5.0,2025-06-22T20:00:00
489,227,4.2,2025-06-22T20:00:00
153,51,4.1,2025-06-22T21:00:00
254,177,2.8,2025-06-22T21:00:00
383,113,3.2,2025-06-22T22:00:00
53,243,2.3,2025-06-22T23:00:00
54,161,4.0,2025-06-22T23:00:00
202,64,4.6,2025-06-22T23:00:00
297,169,3.8,2025-06-22T23:00:00
355,10,4.8,2025-06-22T23:00:00
441,243,3.5,2025-06-22T23:00:00
36,151,5.0,2025-06-23T00:00:00
57,45,3.9,2025-06-23T00:00:00
41,129,4.2,2025-06-23T01:00:00
367,251,4.0,2025-06-23T01:00:00
406,257,4.0,2025-06-23T01:00:00
98,231,4.3,2025-06-23T02:00:00
213,178,2.3,2025-06-23T03:00:00
273,231,4.0,2025-06-23T03:00:00
57,48,4.9,2025-06-23T04:00:00
159,29,4.1,2025-06-23T04:00:00
192,243,4.8,2025-06-23T04:00:00
209,178,3.3,2025-06-23T04:00:00
225,209,3.0,2025-06-23T04:00:00
268,235,3.1,2025-06-23T04:00:00
397,91,5.0,2025-06-23T04:00:00
500,261,4.2,2025-06-23T04:00:00
55,201,3.6,2025-06-23T05:00:00
75,222,4.5,2025-06-23T05:00:00
165,254,4.3,2025-06-23T05:00:00
233,291,4.5,2025-06-23T05:00:00
331,164,4.4,2025-06-23T05:00:00
405,161,4.2,2025-06-23T05:00:00
429,280,3.1,2025-06-23T05:00:00
461,4,3.7,2025-06-23T05:00:00
484,89,3.8,2025-06-23T05:00:00
250,189,2.3,2025-06-23T06:00:00
455,75,5.0,2025-06-23T06:00:00
92,89,3.0,2025-06-23T07:00:00
210,259,3.9,2025-06-23T07:00:00
462,280,3.0,2025-06-23T07:00:00
12,226,2.2,2025-06-23T08:00:00
113,86,3.1,2025-06-23T08:00:00
125,164,3.1,2025-06-23T08:00:00
289,162,4.2,2025-06-23T08:00:00
388,41,3.5,2025-06-23T08:00:00
392,40,4.4,2025-06-23T08:00:00
394,250,4.4,2025-06-23T08:00:00
8,193,2.8,2025-06-23T09:00:00
258,183,2.5,2025-06-23T09:00:00
296,27,2.2,2025-06-23T09:00:00
417,277,4.4,2025-06-23T09:00:00
111,45,5.0,2025-06-23T10:00:00
156,41,5.0,2025-06-23T10:00:00
167,17,2.7,2025-06-23T10:00:00
106,32,5.0,2025-06-23T11:00:00
191,55,4.0,2025-06-23T11:00:00
418,164,4.8,2025-06-23T11:00:00
477,31,2.9,2025-06-23T11:00:00
224,257,2.1,2025-06-23T12:00:00
292,266,4.4,2025-06-23T12:00:00
329,266,4.9,2025-06-23T12:00:00
466,277,2.7,2025-06-23T12:00:00
143,230,2.8,2025-06-23T13:00:00
382,89,4.6,2025-06-23T13:00:00
399,233,3.0,2025-06-23T13:00:00
447,32,3.1,2025-06-23T13:00:00
154,165,5.0,2025-06-23T14:00:00
157,164,5.0,2025-06-23T14:00:00
307,136,3.1,2025-06-23T14:00:00
343,300,2.8,2025-06-23T14:00:00
360,45,1.9,2025-06-23T14:00:00
378,188,3.7,2025-06-23T14:00:00
491,92,3.0,2025-06-23T14:00:00
494,189,5.0,2025-06-23T14:00:00
29,5,2.7,2025-06-23T15:00:00
45,123,4.8,2025-06-23T15:00:00
376,32,5.0,2025-06-23T15:00:00
465,266,4.8,2025-06-23T15:00:00
479,145,4.7,2025-06-23T15:00:00
89,136,3.6,2025-06-23T16:00:00
17,298,4.5,2025-06-23T17:00:00
281,42,3.8,2025-06-23T17:00:00
114,166,4.2,2025-06-23T18:00:00
202,87,3.9,2025-06-23T18:00:00
287,122,3.2,2025-06-23T18:00:00
397,63,4.7,2025-06-23T18:00:00
461,3,4.3,2025-06-23T18:00:00
78,75,2.4,2025-06-23T19:00:00
460,187,5.0,2025-06-23T19:00:00
490,219,5.0,2025-06-23T19:00:00
133,238,4.3,2025-06-23T20:00:00
205,25,3.2,2025-06-23T20:00:00
320,297,3.4,2025-06-23T20:00:00
337,69,3.3,2025-06-23T20:00:00
390,152,5.0,2025-06-23T20:00:00
45,191,3.3,2025-06-23T21:00:00
329,196,5.0,2025-06-23T21:00:00
491,52,3.1,2025-06-23T21:00:00
59,260,4.0,2025-06-23T22:00:00
402,300,4.7,2025-06-23T22:00:00
459,189,4.4,2025-06-23T22:00:00
487,250,3.0,2025-06-23T22:00:00
52,173,3.8,2025-06-23T23:00:00
69,78,4.3,2025-06-23T23:00:00
62,45,3.9,2025-06-24T00:00:00
80,196,5.0,2025-06-24T00:00:00
349,293,3.8,2025-06-24T00:00:00
159,48,5.0,2025-06-24T01:00:00
49,6,3.8,2025-06-24T02:00:00
55,115,4.2,2025-06-24T02:00:00
95,179,3.6,2025-06-24T02:00:00
144,166,3.6,2025-06-24T02:00:00
182,2,4.9,2025-06-24T02:00:00
295,223,3.1,2025-06-24T02:00:00
327,57,4.9,2025-06-24T02:00:00
334,97,4.3,2025-06-24T02:00:00
470,122,3.3,2025-06-24T02:00:00
7,291,4.4,2025-06-24T04:00:00
98,178,3.1,2025-06-24T04:00:00
54,157,3.9,2025-06-24T05:00:00
394,246,5.0,2025-06-24T05:00:00
480,2,3.9,2025-06-24T05:00:00
306,277,4.7,2025-06-24T06:00:00
89,231,2.3,2025-06-24T07:00:00
132,241,3.1,2025-06-24T07:00:00
368,9,4.6,2025-06-24T08:00:00
2,274,3.7,2025-06-24T09:00:00
186,283,4.0,2025-06-24T09:00:00
227,62,5.0,2025-06-24T09:00:00
378,182,1.6,2025-06-24T10:00:00
98,215,4.3,2025-06-24T11:00:00
233,274,4.6,2025-06-24T11:00:00
241,64,4.3,2025-06-24T11:00:00
246,89,3.6,2025-06-24T11:00:00
259,12,4.7,2025-06-24T11:00:00
297,153,2.0,2025-06-24T11:00:00
393,178,3.3,2025-06-24T11:00:00
447,7,3.4,2025-06-24T11:00:00
463,213,1.7,2025-06-24T11:00:00
465,243,4.1,2025-06-24T11:00:00
92,196,4.1,2025-06-24T12:00:00
196,179,2.4,2025-06-24T12:00:00
238,263,5.0,2025-06-24T12:00:00
181,6,4.2,2025-06-24T13:00:00
265,213,5.0,2025-06-24T13:00:00
411,122,2.9,2025-06-24T13:00:00
56,180,4.0,2025-06-24T14:00:00
242,163,5.0,2025-06-24T14:00:00
114,233,4.2,2025-06-24T15:00:00
254,256,4.7,2025-06-24T15:00:00
361,164,4.6,2025-06-24T15:00:00
59,165,3.2,2025-06-24T16:00:00
110,219,3.2,2025-06-24T16:00:00
433,276,4.2,2025-06-24T16:00:00
441,201,4.1,2025-06-24T16:00:00
10,7,3.2,2025-06-24T17:00:00
153,75,4.0,2025-06-24T17:00:00
198,190,3.2,2025-06-24T17:00:00
315,45,3.6,2025-06-24T17:00:00
412,205,3.3,2025-06-24T17:00:00
427,156,3.3,2025-06-24T17:00:00
461,8,4.0,2025-06-24T17:00:00
462,148,3.2,2025-06-24T17:00:00
22,8,4.0,2025-06-24T18:00:00
122,223,4.0,2025-06-24T18:00:00
429,28,3.6,2025-06-24T18:00:00
55,227,3.5,2025-06-24T19:00:00
56,202,3.1,2025-06-24T19:00:00
282,122,2.1,2025-06-24T19:00:00
285,158,4.2,2025-06-24T19:00:00
288,116,2.2,2025-06-24T19:00:00
368,96,3.7,2025-06-24T19:00:00
383,150,2.5,2025-06-24T19:00:00
465,248,5.0,2025-06-24T19:00:00
33,5,3.6,2025-06-24T20:00:00
68,249,5.0,2025-06-24T20:00:00
225,163,4.4,2025-06-24T21:00:00
490,222,5.0,2025-06-24T21:00:00
125,193,3.8,2025-06-24T22:00:00
245,119,3.7,2025-06-24T22:00:00
289,122,4.2,2025-06-24T22:00:00
367,290,3.0,2025-06-24T22:00:00
410,279,4.2,2025-06-24T22:00:00
489,274,3.7,2025-06-24T22:00:00
32,87,4.4,2025-06-24T23:00:00
304,195,3.8,2025-06-24T23:00:00
393,122,2.7,2025-06-24T23:00:00
411,69,5.0,2025-06-24T23:00:00
462,293,2.6,2025-06-24T23:00:00
127,277,3.3,2025-06-25T00:00:00
132,164,3.5,2025-06-25T00:00:00
198,165,3.4,2025-06-25T00:00:00
273,275,4.6,2025-06-25T00:00:00
479,298,3.8,2025-06-25T00:00:00
114,240,4.3,2025-06-25T01:00:00
301,166,5.0,2025-06-25T01:00:00
392,8,4.7,2025-06-25T01:00:00
493,214,2.8,2025-06-25T01:00:00
74,263,4.7,2025-06-25T02:00:00
200,289,2.7,2025-06-25T02:00:00
418,122,3.7,2025-06-25T02:00:00
433,238,3.1,2025-06-25T02:00:00
18,270,3.3,2025-06-25T03:00:00
298,280,4.6,2025-06-25T03:00:00
133,150,3.8,2025-06-25T04:00:00
235,204,3.9,2025-06-25T04:00:00
325,122,3.7,2025-06-25T04:00:00
394,249,4.3,2025-06-25T04:00:00
417,34,3.6,2025-06-25T04:00:00
56,178,4.2,2025-06-25T05:00:00
91,122,3.9,2025-06-25T05:00:00
353,70,4.9,2025-06-25T05:00:00
390,129,5.0,2025-06-25T05:00:00
462,259,3.8,2025-06-25T05:00:00
89,115,3.8,2025-06-25T06:00:00
191,151,3.1,2025-06-25T06:00:00
385,209,3.3,2025-06-25T06:00:00
192,252,3.8,2025-06-25T07:00:00
280,55,3.6,2025-06-25T07:00:00
320,41,2.7,2025-06-25T07:00:00
337,67,3.7,2025-06-25T07:00:00
388,200,4.2,2025-06-25T07:00:00
74,89,2.4,2025-06-25T08:00:00
292,164,3.0,2025-06-25T08:00:00
304,274,2.8,2025-06-25T08:00:00
477,213,3.8,2025-06-25T09:00:00
34,141,2.9,2025-06-25T10:00:00
152,128,4.1,2025-06-25T10:00:00
181,74,3.8,2025-06-25T10:00:00
455,155,4.9,2025-06-25T10:00:00
98,238,3.5,2025-06-25T11:00:00
202,149,3.8,2025-06-25T11:00:00
265,216,5.0,2025-06-25T11:00:00
287,180,3.7,2025-06-25T11:00:00
277,17,3.2,2025-06-25T12:00:00
235,249,3.9,2025-06-25T13:00:00
166,165,2.4,2025-06-25T14:00:00
219,129,5.0,2025-06-25T14:00:00
225,31,4.0,2025-06-25T14:00:00
329,122,3.7,2025-06-25T14:00:00
382,206,4.2,2025-06-25T14:00:00
45,135,4.0,2025-06-25T15:00:00
98,241,2.7,2025-06-25T15:00:00
100,277,3.7,2025-06-25T15:00:00
165,262,5.0,2025-06-25T15:00:00
418,40,4.4,2025-06-25T15:00:00
37,27,5.0,2025-06-25T17:00:00
241,153,5.0,2025-06-25T17:00:00
367,34,2.9,2025-06-25T17:00:00
417,187,4.8,2025-06-25T17:00:00
57,300,4.3,2025-06-25T18:00:00
360,155,3.8,2025-06-25T18:00:00
36,153,4.5,2025-06-25T19:00:00
133,74,2.6,2025-06-25T19:00:00
210,267,4.7,2025-06-25T19:00:00
475,13,3.8,2025-06-25T19:00:00
64,256,4.3,2025-06-25T20:00:00
78,275,3.9,2025-06-25T20:00:00
280,122,3.9,2025-06-25T20:00:00
441,89,2.8,2025-06-25T20:00:00
37,210,3.1,2025-06-25T21:00:00
285,10,2.5,2025-06-25T21:00:00
447,4,2.1,2025-06-25T21:00:00
92,155,3.3,2025-06-25T22:00:00
186,209,3.6,2025-06-25T22:00:00
393,16,4.7,2025-06-25T22:00:00
500,285,3.0,2025-06-25T22:00:00
89,75,2.5,2025-06-25T23:00:00
176,190,4.0,2025-06-25T23:00:00
410,277,3.3,2025-06-25T23:00:00
12,45,1.5,2025-06-26T00:00:00
337,42,2.5,2025-06-26T00:00:00
397,295,3.9,2025-06-26T00:00:00
126,250,5.0,2025-06-26T01:00:00
227,283,3.7,2025-06-26T01:00:00
388,158,4.5,2025-06-26T01:00:00
413,219,4.9,2025-06-26T01:00:00
477,79,2.6,2025-06-26T01:00:00
69,197,4.0,2025-06-26T02:00:00
258,4,3.2,2025-06-26T02:00:00
349,1,5.0,2025-06-26T02:00:00
390,189,4.6,2025-06-26T02:00:00
399,296,3.8,2025-06-26T02:00:00
491,144,2.5,2025-06-26T02:00:00
7,289,4.1,2025-06-26T03:00:00
91,228,3.7,2025-06-26T03:00:00
157,129,4.7,2025-06-26T03:00:00
202,115,3.8,2025-06-26T03:00:00
394,245,4.1,2025-06-26T03:00:00
461,41,4.0,2025-06-26T03:00:00
169,33,5.0,2025-06-26T04:00:00
480,4,4.1,2025-06-26T04:00:00
57,50,3.9,2025-06-26T05:00:00
153,94,4.0,2025-06-26T05:00:00
233,254,4.2,2025-06-26T05:00:00
388,45,3.0,2025-06-26T05:00:00
423,213,4.1,2025-06-26T05:00:00
487,173,3.2,2025-06-26T05:00:00
62,35,2.9,2025-06-26T06:00:00
156,18,4.7,2025-06-26T06:00:00
227,263,4.0,2025-06-26T06:00:00
396,266,3.5,2025-06-26T06:00:00
405,291,2.3,2025-06-26T06:00:00
106,176,3.2,2025-06-26T07:00:00
343,17,1.8,2025-06-26T07:00:00
353,68,4.9,2025-06-26T07:00:00
383,115,2.8,2025-06-26T07:00:00
41,102,4.3,2025-06-26T08:00:00
236,164,3.2,2025-06-26T08:00:00
242,200,4.6,2025-06-26T08:00:00
288,266,4.5,2025-06-26T08:00:00
327,88,4.7,2025-06-26T08:00:00
385,110,3.6,2025-06-26T08:00:00
176,56,4.4,2025-06-26T09:00:00
280,253,5.0,2025-06-26T09:00:00
413,213,4.7,2025-06-26T09:00:00
49,209,3.7,2025-06-26T10:00:00
154,172,5.0,2025-06-26T10:00:00
282,250,2.5,2025-06-26T10:00:00
296,224,3.4,2025-06-26T10:00:00
360,29,3.5,2025-06-26T10:00:00
406,168,3.6,2025-06-26T10:00:00
480,45,4.6,2025-06-26T10:00:00
22,172,3.3,2025-06-26T11:00:00
95,196,4.0,2025-06-26T11:00:00
427,196,3.8,2025-06-26T11:00:00
429,256,5.0,2025-06-26T11:00:00
52,189,3.9,2025-06-26T12:00:00
157,128,4.3,2025-06-26T13:00:00
166,57,3.7,2025-06-26T13:00:00
334,85,5.0,2025-06-26T13:00:00
75,237,4.3,2025-06-26T14:00:00
196,147,4.6,2025-06-26T14:00:00
383,87,2.0,2025-06-26T14:00:00
7,42,3.4,2025-06-26T15:00:00
36,244,2.8,2025-06-26T15:00:00
143,205,3.4,2025-06-26T15:00:00
489,258,3.6,2025-06-26T15:00:00
106,164,4.4,2025-06-26T16:00:00
191,74,2.3,2025-06-26T16:00:00
218,42,4.7,2025-06-26T16:00:00
281,181,3.6,2025-06-26T16:00:00
337,75,4.4,2025-06-26T16:00:00
465,98,3.5,2025-06-26T16:00:00
484,218,4.4,2025-06-26T16:00:00
17,178,4.2,2025-06-26T17:00:00
355,149,4.9,2025-06-26T17:00:00
404,45,3.4,2025-06-26T17:00:00
133,232,4.5,2025-06-26T18:00:00
213,246,3.4,2025-06-26T18:00:00
167,29,2.1,2025-06-26T19:00:00
57,35,3.8,2025-06-26T20:00:00
320,32,3.0,2025-06-26T20:00:00
321,29,2.9,2025-06-26T20:00:00
376,45,3.9,2025-06-26T20:00:00
2,89,3.5,2025-06-26T21:00:00
12,168,2.5,2025-06-26T22:00:00
36,41,2.2,2025-06-26T22:00:00
52,176,4.5,2025-06-26T22:00:00
53,252,4.4,2025-06-26T22:00:00
68,179,5.0,2025-06-26T22:00:00
159,7,4.8,2025-06-26T22:00:00
209,192,4.3,2025-06-26T22:00:00
351,211,5.0,2025-06-26T22:00:00
402,269,4.3,2025-06-26T22:00:00
459,153,3.2,2025-06-26T22:00:00
463,141,3.4,2025-06-26T22:00:00
470,277,3.6,2025-06-26T22:00:00
191,200,4.1,2025-06-26T23:00:00
490,198,3.5,2025-06-26T23:00:00
55,181,5.0,2025-06-27T00:00:00
56,170,4.8,2025-06-27T00:00:00
62,151,2.6,2025-06-27T00:00:00
113,57,3.8,2025-06-27T00:00:00
268,147,4.1,2025-06-27T00:00:00
493,283,3.1,2025-06-27T00:00:00
45,138,3.9,2025-06-27T01:00:00
301,122,5.0,2025-06-27T01:00:00
404,172,4.9,2025-06-27T01:00:00
417,168,5.0,2025-06-27T01:00:00
456,266,2.5,2025-06-27T01:00:00
233,251,4.5,2025-06-27T02:00:00
238,257,4.9,2025-06-27T02:00:00
242,168,5.0,2025-06-27T02:00:00
10,209,3.2,2025-06-27T03:00:00
182,290,4.4,2025-06-27T03:00:00
297,158,2.1,2025-06-27T03:00:00
390,151,5.0,2025-06-27T03:00:00
250,172,3.2,2025-06-27T04:00:00
45,148,5.0,2025-06-27T05:00:00
331,178,4.3,2025-06-27T05:00:00
418,174,5.0,2025-06-27T05:00:00
132,9,3.5,2025-06-27T06:00:00
166,206,2.4,2025-06-27T06:00:00
353,79,4.4,2025-06-27T06:00:00
368,50,4.2,2025-06-27T06:00:00
49,256,3.2,2025-06-27T07:00:00
287,293,3.1,2025-06-27T07:00:00
307,108,3.9,2025-06-27T07:00:00
466,246,3.5,2025-06-27T07:00:00
494,196,4.1,2025-06-27T07:00:00
205,246,2.8,2025-06-27T08:00:00
254,57,4.1,2025-06-27T08:00:00
8,33,3.9,2025-06-27T09:00:00
111,5,5.0,2025-06-27T09:00:00
417,96,3.9,2025-06-27T09:00:00
423,216,5.0,2025-06-27T09:00:00
487,161,4.0,2025-06-27T09:00:00
32,45,3.2,2025-06-27T10:00:00
37,4,5.0,2025-06-27T10:00:00
80,42,3.2,2025-06-27T10:00:00
280,283,4.2,2025-06-27T10:00:00
301,6,5.0,2025-06-27T10:00:00
41,74,3.8,2025-06-27T11:00:00
460,102,4.5,2025-06-27T11:00:00
29,231,2.5,2025-06-27T12:00:00
144,266,2.5,2025-06-27T12:00:00
224,197,1.5,2025-06-27T12:00:00
289,152,3.4,2025-06-27T12:00:00
410,259,4.5,2025-06-27T12:00:00
165,277,5.0,2025-06-27T13:00:00
186,50,4.5,2025-06-27T13:00:00
295,285,3.9,2025-06-27T13:00:00
110,176,5.0,2025-06-27T14:00:00
298,299,4.1,2025-06-27T14:00:00
233,29,3.5,2025-06-27T15:00:00
238,226,4.9,2025-06-27T15:00:00
23,87,4.6,2025-06-27T16:00:00
54,167,4.2,2025-06-27T16:00:00
152,160,4.8,2025-06-27T16:00:00
277,118,1.7,2025-06-27T16:00:00
12,29,3.5,2025-06-27T17:00:00
154,179,4.5,2025-06-27T17:00:00
351,74,4.7,2025-06-27T17:00:00
462,267,4.1,2025-06-27T17:00:00
29,232,3.5,2025-06-27T18:00:00
210,285,4.0,2025-06-27T18:00:00
241,42,4.4,2025-06-27T18:00:00
393,89,3.0,2025-06-27T18:00:00
455,55,5.0,2025-06-27T18:00:00
80,172,3.9,2025-06-27T19:00:00
157,116,4.9,2025-06-27T19:00:00
296,6,3.8,2025-06-27T19:00:00
487,175,4.3,2025-06-27T19:00:00
75,44,3.5,2025-06-27T20:00:00
122,213,4.3,2025-06-27T20:00:00
227,75,4.8,2025-06-27T21:00:00
277,67,3.6,2025-06-27T21:00:00
8,259,2.5,2025-06-27T23:00:00
101,108,2.1,2025-06-27T23:00:00
265,18,2.6,2025-06-27T23:00:00
296,205,4.3,2025-06-27T23:00:00
306,32,3.8,2025-06-27T23:00:00
368,6,3.4,2025-06-27T23:00:00
2,268,4.1,2025-06-28T00:00:00
33,260,3.6,2025-06-28T00:00:00
196,243,3.5,2025-06-28T00:00:00
210,124,4.1,2025-06-28T00:00:00
273,290,2.9,2025-06-28T00:00:00
315,17,4.6,2025-06-28T00:00:00
329,29,3.6,2025-06-28T00:00:00
388,209,3.3,2025-06-28T00:00:00
75,141,4.3,2025-06-28T01:00:00
385,42,2.5,2025-06-28T01:00:00
57,209,3.2,2025-06-28T02:00:00
74,122,2.5,2025-06-28T02:00:00
159,49,4.8,2025-06-28T02:00:00
277,209,2.7,2025-06-28T02:00:00
378,109,3.5,2025-06-28T02:00:00
412,172,4.7,2025-06-28T02:00:00
463,29,4.5,2025-06-28T02:00:00
480,41,3.5,2025-06-28T02:00:00
349,300,4.0,2025-06-28T03:00:00
144,193,2.4,2025-06-28T04:00:00
233,39,3.4,2025-06-28T04:00:00
235,32,3.0,2025-06-28T05:00:00
236,161,2.9,2025-06-28T05:00:00
245,205,3.3,2025-06-28T05:00:00
360,102,2.9,2025-06-28T05:00:00
455,267,3.7,2025-06-28T05:00:00
487,91,3.5,2025-06-28T05:00:00
69,181,4.4,2025-06-28T06:00:00
95,89,2.3,2025-06-28T06:00:00
200,5,4.1,2025-06-28T06:00:00
84,42,3.8,2025-06-28T07:00:00
18,30,4.6,2025-06-28T08:00:00
406,164,3.4,2025-06-28T08:00:00
45,280,3.1,2025-06-28T09:00:00
125,267,4.3,2025-06-28T09:00:00
219,209,3.7,2025-06-28T09:00:00
133,243,4.3,2025-06-28T10:00:00
242,74,5.0,2025-06-28T10:00:00
465,226,4.7,2025-06-28T10:00:00
7,277,3.5,2025-06-28T11:00:00
59,236,2.9,2025-06-28T11:00:00
246,250,1.8,2025-06-28T11:00:00
361,238,3.5,2025-06-28T11:00:00
479,110,5.0,2025-06-28T11:00:00
12,6,3.8,2025-06-28T12:00:00
296,271,2.5,2025-06-28T12:00:00
394,230,5.0,2025-06-28T12:00:00
404,183,4.7,2025-06-28T12:00:00
23,74,3.7,2025-06-28T13:00:00
143,249,3.5,2025-06-28T13:00:00
355,218,3.2,2025-06-28T13:00:00
192,102,3.6,2025-06-28T14:00:00
298,267,4.3,2025-06-28T14:00:00
411,197,4.0,2025-06-28T14:00:00
441,270,3.1,2025-06-28T14:00:00
273,266,4.2,2025-06-28T15:00:00
288,140,2.7,2025-06-28T15:00:00
292,212,4.6,2025-06-28T15:00:00
295,265,4.3,2025-06-28T15:00:00
69,42,3.0,2025-06-28T16:00:00
114,280,4.6,2025-06-28T16:00:00
285,182,3.9,2025-06-28T16:00:00
382,146,5.0,2025-06-28T16:00:00
22,42,4.3,2025-06-28T17:00:00
56,128,3.4,2025-06-28T17:00:00
85,23,3.7,2025-06-28T17:00:00
100,266,3.2,2025-06-28T17:00:00
227,241,3.7,2025-06-28T17:00:00
320,135,5.0,2025-06-28T17:00:00
325,55,4.9,2025-06-28T17:00:00
327,52,4.5,2025-06-28T17:00:00
487,297,5.0,2025-06-28T17:00:00
167,258,1.5,2025-06-28T18:00:00
289,141,3.4,2025-06-28T18:00:00
410,280,3.2,2025-06-28T18:00:00
127,260,3.0,2025-06-28T19:00:00
169,42,4.2,2025-06-28T19:00:00
106,50,4.9,2025-06-28T20:00:00
210,266,4.8,2025-06-28T20:00:00
412,55,4.3,2025-06-28T20:00:00
68,167,2.8,2025-06-28T21:00:00
227,164,3.1,2025-06-28T21:00:00
306,47,5.0,2025-06-28T21:00:00
74,82,3.0,2025-06-28T22:00:00
198,206,2.7,2025-06-28T22:00:00
241,158,4.5,2025-06-28T22:00:00
304,172,2.9,2025-06-28T22:00:00
334,267,5.0,2025-06-28T22:00:00
382,266,3.4,2025-06-28T22:00:00
392,1,3.3,2025-06-28T22:00:00
92,189,3.6,2025-06-28T23:00:00
181,285,4.5,2025-06-28T23:00:00
288,17,2.5,2025-06-28T23:00:00
448,60,4.5,2025-06-28T23:00:00
466,244,4.3,2025-06-28T23:00:00
114,34,3.3,2025-06-29T01:00:00
227,44,4.8,2025-06-29T01:00:00
34,4,4.5,2025-06-29T02:00:00
200,257,3.5,2025-06-29T02:00:00
250,29,2.8,2025-06-29T02:00:00
399,288,3.8,2025-06-29T02:00:00
433,197,3.4,2025-06-29T02:00:00
75,45,3.6,2025-06-29T03:00:00
85,220,4.6,2025-06-29T03:00:00
132,277,3.4,2025-06-29T03:00:00
165,274,5.0,2025-06-29T03:00:00
461,248,2.8,2025-06-29T03:00:00
235,75,3.9,2025-06-29T04:00:00
477,27,3.2,2025-06-29T04:00:00
490,202,3.2,2025-06-29T04:00:00
49,201,3.0,2025-06-29T05:00:00
126,213,4.4,2025-06-29T05:00:00
196,171,3.1,2025-06-29T05:00:00
37,39,5.0,2025-06-29T06:00:00
45,114,5.0,2025-06-29T06:00:00
367,266,4.7,2025-06-29T06:00:00
465,281,4.6,2025-06-29T06:00:00
156,17,3.6,2025-06-29T07:00:00
238,259,4.7,2025-06-29T07:00:00
480,42,4.8,2025-06-29T07:00:00
33,238,3.3,2025-06-29T08:00:00
60,253,5.0,2025-06-29T08:00:00
64,157,5.0,2025-06-29T08:00:00
153,70,4.7,2025-06-29T08:00:00
236,115,4.9,2025-06-29T08:00:00
273,269,3.3,2025-06-29T08:00:00
410,281,5.0,2025-06-29T08:00:00
221,183,3.2,2025-06-29T09:00:00
258,142,2.1,2025-06-29T09:00:00
343,251,3.2,2025-06-29T09:00:00
394,29,2.9,2025-06-29T09:00:00
159,30,3.8,2025-06-29T10:00:00
459,172,4.4,2025-06-29T10:00:00
475,18,4.4,2025-06-29T10:00:00
191,262,1.9,2025-06-29T11:00:00
238,293,4.7,2025-06-29T11:00:00
447,2,3.8,2025-06-29T11:00:00
489,273,4.1,2025-06-29T11:00:00
225,198,4.9,2025-06-29T13:00:00
397,269,4.2,2025-06-29T13:00:00
413,218,4.0,2025-06-29T13:00:00
494,122,3.1,2025-06-29T13:00:00
89,74,2.3,2025-06-29T14:00:00
295,292,3.5,2025-06-29T14:00:00
8,122,2.6,2025-06-29T15:00:00
95,187,4.2,2025-06-29T15:00:00
500,300,3.3,2025-06-29T15:00:00
127,94,3.1,2025-06-29T16:00:00
315,48,4.2,2025-06-29T16:00:00
320,266,2.7,2025-06-29T16:00:00
418,46,4.3,2025-06-29T16:00:00
210,250,3.5,2025-06-29T17:00:00
288,30,3.9,2025-06-29T17:00:00
296,244,3.2,2025-06-29T17:00:00
327,176,4.0,2025-06-29T17:00:00
353,183,2.6,2025-06-29T17:00:00
307,266,2.8,2025-06-29T18:00:00
491,67,4.7,2025-06-29T18:00:00
62,4,3.1,2025-06-29T19:00:00
80,153,4.6,2025-06-29T19:00:00
331,216,2.7,2025-06-29T19:00:00
360,108,2.6,2025-06-29T19:00:00
409,74,2.6,2025-06-29T19:00:00
477,102,3.1,2025-06-29T19:00:00
159,32,4.8,2025-06-29T20:00:00
192,198,3.8,2025-06-29T20:00:00
410,273,4.5,2025-06-29T20:00:00
429,74,3.2,2025-06-29T20:00:00
306,137,4.9,2025-06-29T21:00:00
387,42,3.9,2025-06-29T22:00:00
396,43,5.0,2025-06-29T22:00:00
91,223,4.1,2025-06-29T23:00:00
139,56,5.0,2025-06-29T23:00:00
385,165,3.2,2025-06-29T23:00:00
111,38,5.0,2025-06-30T00:00:00
246,90,3.9,2025-06-30T00:00:00
320,138,4.5,2025-06-30T00:00:00
321,216,3.0,2025-06-30T00:00:00
114,274,4.2,2025-06-30T01:00:00
298,128,2.7,2025-06-30T01:00:00
52,123,3.9,2025-06-30T02:00:00
113,300,3.4,2025-06-30T02:00:00
219,279,3.5,2025-06-30T02:00:00
247,48,5.0,2025-06-30T02:00:00
433,293,4.2,2025-06-30T02:00:00
41,48,2.3,2025-06-30T03:00:00
281,7,4.3,2025-06-30T03:00:00
402,256,4.2,2025-06-30T03:00:00
406,280,3.8,2025-06-30T03:00:00
159,42,3.5,2025-06-30T04:00:00
169,266,5.0,2025-06-30T04:00:00
376,27,3.1,2025-06-30T04:00:00
455,165,5.0,2025-06-30T04:00:00
17,165,4.7,2025-06-30T05:00:00
176,48,2.7,2025-06-30T05:00:00
282,246,2.2,2025-06-30T05:00:00
427,168,4.3,2025-06-30T05:00:00
491,69,4.7,2025-06-30T05:00:00
307,50,2.6,2025-06-30T06:00:00
361,137,4.3,2025-06-30T06:00:00
383,149,2.7,2025-06-30T06:00:00
126,271,3.8,2025-06-30T07:00:00
166,75,3.2,2025-06-30T07:00:00
325,213,3.8,2025-06-30T07:00:00
14,250,5.0,2025-06-30T08:00:00
157,191,4.5,2025-06-30T08:00:00
268,122,4.5,2025-06-30T08:00:00
53,272,3.4,2025-06-30T09:00:00
191,87,2.7,2025-06-30T09:00:00
218,74,3.6,2025-06-30T09:00:00
224,74,2.1,2025-06-30T09:00:00
152,230,5.0,2025-06-30T10:00:00
167,197,4.1,2025-06-30T10:00:00
205,113,4.1,2025-06-30T10:00:00
110,160,3.4,2025-06-30T11:00:00
321,249,3.9,2025-06-30T11:00:00
143,31,3.1,2025-06-30T12:00:00
280,267,4.5,2025-06-30T12:00:00
36,154,4.9,2025-06-30T13:00:00
54,198,3.4,2025-06-30T13:00:00
196,267,3.4,2025-06-30T13:00:00
209,159,4.1,2025-06-30T13:00:00
331,151,3.7,2025-06-30T13:00:00
433,289,4.6,2025-06-30T13:00:00
186,193,4.1,2025-06-30T14:00:00
213,59,2.1,2025-06-30T14:00:00
233,262,4.0,2025-06-30T14:00:00
52,279,3.9,2025-06-30T15:00:00
351,50,4.7,2025-06-30T15:00:00
390,187,5.0,2025-06-30T15:00:00
265,57,3.9,2025-06-30T16:00:00
337,64,4.2,2025-06-30T16:00:00
388,175,4.4,2025-06-30T16:00:00
484,205,4.3,2025-06-30T16:00:00
12,27,3.9,2025-06-30T17:00:00
18,48,4.8,2025-06-30T17:00:00
26,278,4.4,2025-06-30T17:00:00
74,258,3.6,2025-06-30T17:00:00
392,176,3.2,2025-06-30T17:00:00
394,232,4.6,2025-06-30T17:00:00
53,296,4.4,2025-06-30T18:00:00
57,29,4.4,2025-06-30T18:00:00
122,208,4.9,2025-06-30T18:00:00
254,66,3.3,2025-06-30T18:00:00
387,35,4.6,2025-06-30T18:00:00
277,42,2.8,2025-06-30T19:00:00
301,35,5.0,2025-06-30T19:00:00
29,87,3.3,2025-06-30T20:00:00
60,294,4.6,2025-06-30T20:00:00
182,262,4.5,2025-06-30T20:00:00
411,209,4.2,2025-06-30T20:00:00
125,279,4.4,2025-06-30T22:00:00
235,223,3.8,2025-06-30T22:00:00
288,73,4.0,2025-06-30T22:00:00
292,219,4.7,2025-06-30T22:00:00
152,241,4.5,2025-06-30T23:00:00
281,274,5.0,2025-06-30T23:00:00
382,118,4.6,2025-06-30T23:00:00
423,211,4.0,2025-06-30T23:00:00
460,178,4.5,2025-06-30T23:00:00
17,74,4.0,2025-07-01T00:00:00
69,213,4.0,2025-07-01T00:00:00
75,89,2.7,2025-07-01T00:00:00
85,42,3.7,2025-07-01T00:00:00
101,202,2.7,2025-07-01T00:00:00
287,125,3.6,2025-07-01T00:00:00
297,193,5.0,2025-07-01T00:00:00
304,179,4.1,2025-07-01T00:00:00
351,238,5.0,2025-07-01T00:00:00
417,191,4.9,2025-07-01T00:00:00
456,47,4.3,2025-07-01T00:00:00
462,295,2.9,2025-07-01T00:00:00
156,33,4.3,2025-07-01T01:00:00
477,62,3.3,2025-07-01T01:00:00
2,271,4.1,2025-07-01T02:00:00
10,4,3.6,2025-07-01T02:00:00
41,122,3.2,2025-07-01T02:00:00
315,23,4.7,2025-07-01T02:00:00
328,127,3.9,2025-07-01T02:00:00
95,178,3.6,2025-07-01T03:00:00
181,11,4.4,2025-07-01T03:00:00
209,194,4.5,2025-07-01T03:00:00
292,211,4.7,2025-07-01T03:00:00
37,16,5.0,2025-07-01T04:00:00
106,178,3.4,2025-07-01T04:00:00
242,87,4.5,2025-07-01T04:00:00
306,20,4.7,2025-07-01T04:00:00
393,292,3.4,2025-07-01T04:00:00
441,223,4.0,2025-07-01T04:00:00
56,164,4.6,2025-07-01T05:00:00
139,74,4.7,2025-07-01T05:00:00
154,193,5.0,2025-07-01T05:00:00
367,237,2.7,2025-07-01T05:00:00
463,48,4.3,2025-07-01T05:00:00
32,249,4.5,2025-07-01T06:00:00
62,87,1.8,2025-07-01T06:00:00
144,74,2.9,2025-07-01T06:00:00
218,145,5.0,2025-07-01T06:00:00
268,149,4.4,2025-07-01T06:00:00
18,45,5.0,2025-07-01T07:00:00
181,291,3.8,2025-07-01T07:00:00
236,269,3.7,2025-07-01T07:00:00
192,280,3.9,2025-07-01T08:00:00
288,15,2.9,2025-07-01T08:00:00
343,255,4.5,2025-07-01T08:00:00
392,74,3.3,2025-07-01T08:00:00
133,228,4.4,2025-07-01T09:00:00
227,141,3.4,2025-07-01T09:00:00
280,275,5.0,2025-07-01T09:00:00
349,164,4.2,2025-07-01T09:00:00
368,223,3.7,2025-07-01T09:00:00
490,192,4.2,2025-07-01T09:00:00
74,252,4.0,2025-07-01T10:00:00
396,55,3.4,2025-07-01T10:00:00
92,159,4.4,2025-07-01T11:00:00
328,122,4.6,2025-07-01T11:00:00
60,295,4.3,2025-07-01T12:00:00
68,220,4.8,2025-07-01T12:00:00
100,286,5.0,2025-07-01T12:00:00
153,259,2.2,2025-07-01T12:00:00
418,173,5.0,2025-07-01T12:00:00
466,46,2.2,2025-07-01T12:00:00
41,50,3.2,2025-07-01T13:00:00
165,281,4.8,2025-07-01T13:00:00
33,209,4.1,2025-07-01T15:00:00
327,21,4.0,2025-07-01T15:00:00
53,298,3.5,2025-07-01T16:00:00
406,298,4.0,2025-07-01T16:00:00
456,166,3.5,2025-07-01T16:00:00
298,271,3.7,2025-07-01T17:00:00
49,89,3.0,2025-07-01T18:00:00
213,203,2.0,2025-07-01T18:00:00
159,1,4.8,2025-07-01T19:00:00
200,72,5.0,2025-07-01T19:00:00
225,194,5.0,2025-07-01T19:00:00
438,9,3.8,2025-07-01T19:00:00
60,288,4.7,2025-07-01T20:00:00
198,238,4.3,2025-07-01T20:00:00
233,300,4.0,2025-07-01T20:00:00
235,219,4.6,2025-07-01T20:00:00
320,217,3.3,2025-07-01T20:00:00
8,10,4.0,2025-07-01T21:00:00
461,75,3.2,2025-07-01T21:00:00
23,88,3.9,2025-07-01T22:00:00
33,230,4.5,2025-07-01T22:00:00
84,209,3.1,2025-07-01T22:00:00
127,267,5.0,2025-07-01T22:00:00
221,184,2.7,2025-07-01T22:00:00
238,270,5.0,2025-07-01T22:00:00
277,201,2.8,2025-07-01T22:00:00
57,27,4.9,2025-07-01T23:00:00
292,210,4.2,2025-07-01T23:00:00
295,288,4.7,2025-07-01T23:00:00
327,6,3.5,2025-07-01T23:00:00
355,35,5.0,2025-07-01T23:00:00
378,89,3.2,2025-07-01T23:00:00
225,180,3.1,2025-07-02T01:00:00
245,164,3.4,2025-07-02T01:00:00
254,75,4.4,2025-07-02T01:00:00
250,128,3.6,2025-07-02T02:00:00
281,74,2.5,2025-07-02T02:00:00
325,81,4.9,2025-07-02T02:00:00
22,166,3.1,2025-07-02T03:00:00
34,248,3.8,2025-07-02T03:00:00
394,225,5.0,2025-07-02T03:00:00
233,122,3.0,2025-07-02T04:00:00
282,34,2.8,2025-07-02T04:00:00
462,299,4.3,2025-07-02T04:00:00
113,169,4.2,2025-07-02T05:00:00
268,121,3.7,2025-07-02T05:00:00
315,182,2.6,2025-07-02T05:00:00
334,45,4.7,2025-07-02T06:00:00
368,46,3.5,2025-07-02T06:00:00
475,12,3.0,2025-07-02T07:00:00
393,50,4.4,2025-07-02T08:00:00
45,127,5.0,2025-07-02T09:00:00
248,42,3.8,2025-07-02T09:00:00
258,45,4.0,2025-07-02T09:00:00
409,140,4.5,2025-07-02T09:00:00
412,68,4.4,2025-07-02T09:00:00
34,223,3.4,2025-07-02T10:00:00
383,141,2.6,2025-07-02T10:00:00
448,97,4.6,2025-07-02T10:00:00
7,259,3.8,2025-07-02T11:00:00
157,179,4.7,2025-07-02T11:00:00
296,67,4.4,2025-07-02T11:00:00
351,167,3.3,2025-07-02T11:00:00
404,19,4.0,2025-07-02T11:00:00
114,292,3.4,2025-07-02T12:00:00
367,260,2.7,2025-07-02T12:00:00
94,86,4.3,2025-07-02T13:00:00
182,18,3.0,2025-07-02T13:00:00
95,42,2.6,2025-07-02T14:00:00
127,222,4.6,2025-07-02T14:00:00
320,15,3.8,2025-07-02T14:00:00
41,172,2.8,2025-07-02T15:00:00
91,164,4.0,2025-07-02T15:00:00
288,94,4.1,2025-07-02T15:00:00
289,245,2.7,2025-07-02T15:00:00
296,178,3.1,2025-07-02T15:00:00
382,69,4.0,2025-07-02T15:00:00
466,89,2.7,2025-07-02T15:00:00
480,79,3.2,2025-07-02T15:00:00
285,151,3.5,2025-07-02T16:00:00
325,74,4.4,2025-07-02T16:00:00
361,45,4.1,2025-07-02T16:00:00
368,132,2.8,2025-07-02T16:00:00
26,265,4.1,2025-07-02T17:00:00
273,295,3.6,2025-07-02T17:00:00
397,281,4.9,2025-07-02T17:00:00
411,225,4.5,2025-07-02T17:00:00
32,216,3.8,2025-07-02T18:00:00
89,104,4.0,2025-07-02T18:00:00
169,122,3.2,2025-07-02T18:00:00
182,74,4.2,2025-07-02T18:00:00
321,279,3.8,2025-07-02T18:00:00
478,213,3.9,2025-07-02T18:00:00
210,280,5.0,2025-07-02T19:00:00
227,65,5.0,2025-07-02T19:00:00
396,222,4.3,2025-07-02T20:00:00
407,142,5.0,2025-07-02T20:00:00
186,21,4.4,2025-07-02T21:00:00
494,151,4.0,2025-07-02T21:00:00
95,74,3.2,2025-07-02T22:00:00
110,42,3.7,2025-07-02T22:00:00
113,18,3.5,2025-07-02T22:00:00
241,55,4.7,2025-07-02T22:00:00
246,214,2.9,2025-07-02T22:00:00
315,5,4.4,2025-07-02T22:00:00
346,183,2.7,2025-07-02T22:00:00
360,61,2.9,2025-07-02T22:00:00
34,35,4.6,2025-07-02T23:00:00
91,13,5.0,2025-07-02T23:00:00
132,66,5.0,2025-07-02T23:00:00
273,164,1.9,2025-07-02T23:00:00
205,121,4.6,2025-07-03T00:00:00
402,37,3.3,2025-07-03T00:00:00
427,170,2.6,2025-07-03T00:00:00
459,147,3.2,2025-07-03T00:00:00
461,247,2.9,2025-07-03T00:00:00
491,72,4.5,2025-07-03T00:00:00
74,17,2.2,2025-07-03T01:00:00
85,207,4.5,2025-07-03T01:00:00
92,123,4.4,2025-07-03T01:00:00
191,191,3.5,2025-07-03T02:00:00
122,238,4.1,2025-07-03T03:00:00
378,212,2.0,2025-07-03T03:00:00
392,3,5.0,2025-07-03T03:00:00
106,48,4.9,2025-07-03T04:00:00
132,262,3.1,2025-07-03T04:00:00
166,245,2.1,2025-07-03T04:00:00
167,180,4.0,2025-07-03T04:00:00
429,257,3.7,2025-07-03T04:00:00
242,275,5.0,2025-07-03T05:00:00
277,11,2.3,2025-07-03T05:00:00
314,122,2.3,2025-07-03T05:00:00
219,138,4.0,2025-07-03T06:00:00
246,71,4.2,2025-07-03T06:00:00
447,38,3.4,2025-07-03T06:00:00
127,216,3.8,2025-07-03T07:00:00
413,268,3.6,2025-07-03T07:00:00
152,5,2.9,2025-07-03T08:00:00
353,17,3.8,2025-07-03T08:00:00
484,225,3.7,2025-07-03T08:00:00
29,55,4.3,2025-07-03T09:00:00
100,74,2.3,2025-07-03T09:00:00
390,102,4.7,2025-07-03T09:00:00
466,250,3.7,2025-07-03T09:00:00
101,211,3.7,2025-07-03T10:00:00
287,145,4.4,2025-07-03T10:00:00
376,164,4.6,2025-07-03T10:00:00
478,176,3.4,2025-07-03T10:00:00
489,29,2.3,2025-07-03T10:00:00
34,168,3.3,2025-07-03T11:00:00
221,87,2.7,2025-07-03T11:00:00
411,189,3.8,2025-07-03T11:00:00
315,42,4.2,2025-07-03T12:00:00
328,110,3.8,2025-07-03T12:00:00
360,122,1.8,2025-07-03T12:00:00
410,229,2.4,2025-07-03T12:00:00
36,180,4.0,2025-07-03T13:00:00
114,205,2.3,2025-07-03T13:00:00
349,33,5.0,2025-07-03T13:00:00
417,45,3.4,2025-07-03T13:00:00
49,164,4.0,2025-07-03T14:00:00
152,87,4.1,2025-07-03T14:00:00
287,181,3.8,2025-07-03T14:00:00
296,53,4.5,2025-07-03T14:00:00
455,151,4.3,2025-07-03T14:00:00
477,182,3.7,2025-07-03T14:00:00
500,257,4.5,2025-07-03T14:00:00
153,80,5.0,2025-07-03T15:00:00
176,273,3.3,2025-07-03T15:00:00
210,269,4.5,2025-07-03T15:00:00
213,187,4.1,2025-07-03T15:00:00
218,148,4.6,2025-07-03T15:00:00
295,278,3.5,2025-07-03T15:00:00
297,162,4.2,2025-07-03T16:00:00
334,67,5.0,2025-07-03T16:00:00
80,181,4.3,2025-07-03T17:00:00
233,257,4.1,2025-07-03T17:00:00
280,272,5.0,2025-07-03T17:00:00
285,200,5.0,2025-07-03T17:00:00
331,246,3.3,2025-07-03T17:00:00
459,164,3.7,2025-07-03T17:00:00
490,266,2.9,2025-07-03T17:00:00
353,213,2.7,2025-07-03T18:00:00
390,289,4.2,2025-07-03T18:00:00
258,30,2.0,2025-07-03T19:00:00
29,73,2.8,2025-07-03T20:00:00
44,45,3.5,2025-07-03T20:00:00
54,160,4.4,2025-07-03T20:00:00
84,44,4.9,2025-07-03T20:00:00
413,206,4.6,2025-07-03T20:00:00
418,177,4.7,2025-07-03T20:00:00
8,35,3.7,2025-07-03T21:00:00
368,10,4.2,2025-07-03T21:00:00
433,287,3.7,2025-07-03T21:00:00
153,177,3.9,2025-07-03T22:00:00
159,33,5.0,2025-07-03T22:00:00
265,249,5.0,2025-07-03T22:00:00
306,193,3.7,2025-07-03T22:00:00
10,2,3.6,2025-07-03T23:00:00
68,29,4.3,2025-07-03T23:00:00
111,48,5.0,2025-07-03T23:00:00
122,74,4.0,2025-07-03T23:00:00
303,232,3.6,2025-07-03T23:00:00
385,157,4.7,2025-07-03T23:00:00
62,44,2.7,2025-07-04T00:00:00
12,50,3.7,2025-07-04T01:00:00
14,74,5.0,2025-07-04T01:00:00
69,180,3.8,2025-07-04T01:00:00
224,262,1.4,2025-07-04T01:00:00
247,27,3.9,2025-07-04T01:00:00
248,94,4.4,2025-07-04T01:00:00
411,95,4.3,2025-07-04T01:00:00
462,108,4.8,2025-07-04T01:00:00
84,48,4.8,2025-07-04T02:00:00
126,243,5.0,2025-07-04T02:00:00
238,289,4.9,2025-07-04T02:00:00
277,172,3.8,2025-07-04T02:00:00
376,195,3.7,2025-07-04T02:00:00
320,183,3.0,2025-07-04T03:00:00
367,70,3.3,2025-07-04T03:00:00
460,262,5.0,2025-07-04T03:00:00
116,267,4.5,2025-07-04T04:00:00
307,132,3.8,2025-07-04T04:00:00
353,84,4.9,2025-07-04T04:00:00
361,75,3.7,2025-07-04T04:00:00
378,17,1.7,2025-07-04T04:00:00
17,172,5.0,2025-07-04T06:00:00
478,237,4.2,2025-07-04T06:00:00
18,4,4.2,2025-07-04T07:00:00
92,285,3.5,2025-07-04T07:00:00
101,209,3.9,2025-07-04T07:00:00
236,153,3.9,2025-07-04T07:00:00
387,5,3.7,2025-07-04T07:00:00
2,253,3.4,2025-07-04T09:00:00
60,266,4.1,2025-07-04T09:00:00
209,195,3.9,2025-07-04T09:00:00
301,78,3.8,2025-07-04T10:00:00
315,34,5.0,2025-07-04T10:00:00
423,40,3.2,2025-07-04T10:00:00
22,122,2.9,2025-07-04T11:00:00
53,280,5.0,2025-07-04T11:00:00
307,102,4.0,2025-07-04T11:00:00
139,71,5.0,2025-07-04T12:00:00
154,29,5.0,2025-07-04T12:00:00
196,266,3.8,2025-07-04T12:00:00
417,20,3.8,2025-07-04T12:00:00
132,274,3.8,2025-07-04T14:00:00
285,161,4.6,2025-07-04T14:00:00
296,277,3.0,2025-07-04T15:00:00
388,191,3.9,2025-07-04T15:00:00
192,206,4.9,2025-07-04T16:00:00
304,209,3.7,2025-07-04T16:00:00
337,17,2.9,2025-07-04T16:00:00
480,76,3.0,2025-07-04T16:00:00
33,270,3.7,2025-07-04T17:00:00
56,172,5.0,2025-07-04T17:00:00
227,16,5.0,2025-07-04T18:00:00
289,216,2.5,2025-07-04T18:00:00
2,299,4.0,2025-07-04T19:00:00
156,198,3.8,2025-07-04T19:00:00
165,259,4.8,2025-07-04T19:00:00
125,258,4.3,2025-07-04T20:00:00
321,257,4.4,2025-07-04T20:00:00
325,250,3.6,2025-07-04T20:00:00
385,31,3.1,2025-07-04T20:00:00
36,185,3.2,2025-07-04T21:00:00
100,256,3.1,2025-07-04T21:00:00
176,17,3.2,2025-07-04T21:00:00
235,74,4.5,2025-07-04T21:00:00
409,122,3.8,2025-07-04T21:00:00
54,178,4.0,2025-07-04T22:00:00
122,48,3.0,2025-07-04T22:00:00
191,223,3.2,2025-07-04T22:00:00
200,55,4.5,2025-07-04T22:00:00
238,262,5.0,2025-07-04T22:00:00
475,246,3.2,2025-07-04T22:00:00
477,48,2.4,2025-07-04T22:00:00
127,246,4.0,2025-07-04T23:00:00
144,165,2.6,2025-07-04T23:00:00
258,122,3.1,2025-07-04T23:00:00
273,249,3.7,2025-07-04T23:00:00
280,273,4.4,2025-07-04T23:00:00
14,61,5.0,2025-07-05T00:00:00
75,74,3.6,2025-07-05T00:00:00
95,259,2.4,2025-07-05T00:00:00
298,292,4.4,2025-07-05T00:00:00
327,75,4.6,2025-07-05T00:00:00
456,42,3.9,2025-07-05T00:00:00
85,17,4.5,2025-07-05T01:00:00
125,259,3.4,2025-07-05T01:00:00
181,292,4.1,2025-07-05T01:00:00
390,183,4.8,2025-07-05T01:00:00
411,10,3.2,2025-07-05T01:00:00
500,298,4.0,2025-07-05T01:00:00
355,110,4.9,2025-07-05T02:00:00
447,41,4.6,2025-07-05T02:00:00
26,209,4.7,2025-07-05T03:00:00
41,62,2.3,2025-07-05T03:00:00
139,168,4.6,2025-07-05T03:00:00
292,238,4.9,2025-07-05T03:00:00
413,223,4.3,2025-07-05T03:00:00
441,227,3.3,2025-07-05T03:00:00
466,206,4.1,2025-07-05T03:00:00
18,122,4.2,2025-07-05T04:00:00
177,189,4.1,2025-07-05T04:00:00
382,183,2.5,2025-07-05T04:00:00
133,213,4.2,2025-07-05T05:00:00
225,267,4.0,2025-07-05T05:00:00
349,16,5.0,2025-07-05T05:00:00
393,49,4.8,2025-07-05T05:00:00
31,55,3.2,2025-07-05T06:00:00
321,274,4.6,2025-07-05T06:00:00
361,31,2.2,2025-07-05T06:00:00
396,258,2.8,2025-07-05T06:00:00
406,160,3.7,2025-07-05T06:00:00
455,45,3.5,2025-07-05T06:00:00
7,209,2.8,2025-07-05T07:00:00
125,263,3.6,2025-07-05T07:00:00
23,75,3.8,2025-07-05T08:00:00
123,247,2.8,2025-07-05T08:00:00
144,151,3.8,2025-07-05T08:00:00
153,87,4.1,2025-07-05T08:00:00
181,161,2.8,2025-07-05T08:00:00
287,131,4.4,2025-07-05T08:00:00
198,246,3.6,2025-07-05T09:00:00
268,189,3.4,2025-07-05T09:00:00
245,108,4.5,2025-07-05T10:00:00
248,16,4.1,2025-07-05T10:00:00
285,160,4.1,2025-07-05T10:00:00
462,246,2.6,2025-07-05T10:00:00
394,122,3.4,2025-07-05T11:00:00
427,142,3.2,2025-07-05T11:00:00
41,1,3.5,2025-07-05T12:00:00
126,223,5.0,2025-07-05T12:00:00
224,130,3.5,2025-07-05T12:00:00
315,46,4.2,2025-07-05T12:00:00
106,21,4.3,2025-07-05T13:00:00
167,196,3.8,2025-07-05T13:00:00
157,142,4.4,2025-07-05T14:00:00
169,45,5.0,2025-07-05T14:00:00
186,32,4.5,2025-07-05T14:00:00
241,163,4.5,2025-07-05T14:00:00
210,296,4.4,2025-07-05T15:00:00
205,224,2.9,2025-07-05T16:00:00
455,162,5.0,2025-07-05T17:00:00
123,246,3.9,2025-07-05T18:00:00
224,161,1.8,2025-07-05T18:00:00
334,259,4.8,2025-07-05T18:00:00
438,5,3.3,2025-07-05T18:00:00
135,183,5.0,2025-07-05T19:00:00
281,277,3.2,2025-07-05T19:00:00
295,5,3.1,2025-07-05T19:00:00
10,249,1.9,2025-07-05T20:00:00
125,246,2.8,2025-07-05T20:00:00
198,243,3.7,2025-07-05T20:00:00
489,276,4.2,2025-07-05T20:00:00
45,17,3.4,2025-07-05T21:00:00
250,157,3.2,2025-07-05T21:00:00
265,236,5.0,2025-07-05T21:00:00
407,48,4.0,2025-07-05T21:00:00
433,256,4.1,2025-07-05T21:00:00
57,2,3.1,2025-07-05T22:00:00
111,122,3.4,2025-07-05T22:00:00
254,179,2.8,2025-07-05T22:00:00
331,171,5.0,2025-07-05T22:00:00
371,48,5.0,2025-07-05T22:00:00
404,176,4.2,2025-07-05T22:00:00
413,282,3.5,2025-07-05T22:00:00
429,201,2.9,2025-07-05T22:00:00
165,266,4.0,2025-07-05T23:00:00
196,10,2.8,2025-07-05T23:00:00
14,223,5.0,2025-07-06T00:00:00
84,161,2.3,2025-07-06T00:00:00
116,153,3.8,2025-07-06T00:00:00
218,56,4.3,2025-07-06T00:00:00
303,295,4.8,2025-07-06T00:00:00
360,167,5.0,2025-07-06T00:00:00
447,209,1.8,2025-07-06T00:00:00
448,89,4.1,2025-07-06T00:00:00
484,230,2.6,2025-07-06T00:00:00
494,184,4.9,2025-07-06T00:00:00
258,191,1.8,2025-07-06T01:00:00
282,211,3.7,2025-07-06T01:00:00
94,70,4.5,2025-07-06T02:00:00
221,182,4.5,2025-07-06T02:00:00
254,54,4.1,2025-07-06T02:00:00
288,57,4.9,2025-07-06T02:00:00
327,266,3.5,2025-07-06T02:00:00
331,188,3.5,2025-07-06T02:00:00
351,216,5.0,2025-07-06T02:00:00
378,144,2.8,2025-07-06T02:00:00
182,164,3.6,2025-07-06T03:00:00
191,175,3.8,2025-07-06T03:00:00
196,123,3.6,2025-07-06T03:00:00
277,267,2.2,2025-07-06T03:00:00
402,288,5.0,2025-07-06T03:00:00
95,115,3.4,2025-07-06T04:00:00
387,45,4.2,2025-07-06T04:00:00
429,19,2.5,2025-07-06T04:00:00
452,29,3.8,2025-07-06T04:00:00
298,277,3.3,2025-07-06T05:00:00
33,122,3.6,2025-07-06T06:00:00
44,5,4.1,2025-07-06T06:00:00
62,5,2.8,2025-07-06T07:00:00
198,176,4.6,2025-07-06T07:00:00
407,229,3.5,2025-07-06T07:00:00
433,209,3.9,2025-07-06T07:00:00
125,79,2.4,2025-07-06T08:00:00
314,238,3.2,2025-07-06T09:00:00
376,48,5.0,2025-07-06T09:00:00
383,94,1.7,2025-07-06T09:00:00
491,42,3.0,2025-07-06T09:00:00
32,11,2.2,2025-07-06T10:00:00
100,42,3.1,2025-07-06T10:00:00
156,259,3.1,2025-07-06T10:00:00
177,123,2.1,2025-07-06T10:00:00
353,178,3.4,2025-07-06T10:00:00
2,139,4.1,2025-07-06T11:00:00
49,11,3.8,2025-07-06T11:00:00
14,206,5.0,2025-07-06T12:00:00
113,69,4.2,2025-07-06T12:00:00
367,284,3.3,2025-07-06T12:00:00
447,40,2.9,2025-07-06T12:00:00
123,232,2.0,2025-07-06T13:00:00
152,299,3.5,2025-07-06T13:00:00
159,257,4.0,2025-07-06T13:00:00
246,295,2.0,2025-07-06T13:00:00
80,162,4.0,2025-07-06T14:00:00
122,189,3.7,2025-07-06T14:00:00
12,25,3.5,2025-07-06T15:00:00
148,274,3.1,2025-07-06T15:00:00
219,123,4.4,2025-07-06T15:00:00
334,286,4.5,2025-07-06T15:00:00
346,196,4.0,2025-07-06T15:00:00
31,48,5.0,2025-07-06T16:00:00
89,276,3.5,2025-07-06T16:00:00
320,148,3.5,2025-07-06T16:00:00
447,34,1.6,2025-07-06T16:00:00
23,55,3.2,2025-07-06T17:00:00
49,47,4.7,2025-07-06T17:00:00
74,294,2.1,2025-07-06T17:00:00
110,224,3.2,2025-07-06T17:00:00
297,145,3.8,2025-07-06T17:00:00
378,129,3.3,2025-07-06T17:00:00
489,267,4.0,2025-07-06T17:00:00
101,164,2.5,2025-07-06T18:00:00
132,135,3.6,2025-07-06T18:00:00
394,267,2.8,2025-07-06T18:00:00
113,97,4.5,2025-07-06T19:00:00
127,261,4.4,2025-07-06T19:00:00
166,63,3.3,2025-07-06T19:00:00
268,209,3.5,2025-07-06T19:00:00
280,261,4.4,2025-07-06T19:00:00
441,247,5.0,2025-07-06T19:00:00
478,219,4.8,2025-07-06T19:00:00
17,164,5.0,2025-07-06T20:00:00
18,74,4.0,2025-07-06T20:00:00
91,79,3.6,2025-07-06T20:00:00
500,269,3.3,2025-07-06T20:00:00
34,178,2.5,2025-07-06T21:00:00
80,185,3.5,2025-07-06T21:00:00
84,267,4.6,2025-07-06T21:00:00
250,140,3.9,2025-07-06T21:00:00
460,183,5.0,2025-07-06T21:00:00
295,89,2.8,2025-07-06T22:00:00
321,253,4.0,2025-07-06T22:00:00
355,164,3.3,2025-07-06T22:00:00
410,269,4.4,2025-07-06T22:00:00
213,231,2.6,2025-07-06T23:00:00
461,40,3.6,2025-07-06T23:00:00
156,46,4.4,2025-07-07T00:00:00
191,162,4.5,2025-07-07T00:00:00
225,197,5.0,2025-07-07T00:00:00
364,263,4.5,2025-07-07T00:00:00
427,113,4.2,2025-07-07T00:00:00
491,91,4.3,2025-07-07T00:00:00
8,183,3.7,2025-07-07T01:00:00
304,42,2.4,2025-07-07T01:00:00
407,122,4.8,2025-07-07T01:00:00
57,47,3.5,2025-07-07T02:00:00
176,183,5.0,2025-07-07T02:00:00
192,238,4.5,2025-07-07T02:00:00
303,255,5.0,2025-07-07T02:00:00
392,6,3.5,2025-07-07T02:00:00
182,9,4.8,2025-07-07T03:00:00
396,61,3.3,2025-07-07T03:00:00
14,209,5.0,2025-07-07T04:00:00
114,263,3.2,2025-07-07T04:00:00
242,270,4.7,2025-07-07T04:00:00
126,236,5.0,2025-07-07T06:00:00
152,224,5.0,2025-07-07T06:00:00
186,4,4.4,2025-07-07T06:00:00
235,198,3.0,2025-07-07T06:00:00
192,222,5.0,2025-07-07T07:00:00
227,43,4.2,2025-07-07T07:00:00
328,189,3.2,2025-07-07T07:00:00
349,12,4.5,2025-07-07T07:00:00
415,74,3.2,2025-07-07T07:00:00
490,226,4.3,2025-07-07T07:00:00
54,156,3.6,2025-07-07T08:00:00
224,108,4.0,2025-07-07T08:00:00
282,228,2.8,2025-07-07T08:00:00
289,164,4.9,2025-07-07T08:00:00
417,157,4.3,2025-07-07T08:00:00
29,125,3.4,2025-07-07T09:00:00
292,42,3.2,2025-07-07T09:00:00
306,5,4.1,2025-07-07T09:00:00
148,122,2.2,2025-07-07T10:00:00
126,179,5.0,2025-07-07T11:00:00
157,183,3.7,2025-07-07T11:00:00
233,206,3.0,2025-07-07T11:00:00
281,270,4.2,2025-07-07T11:00:00
410,261,4.7,2025-07-07T11:00:00
198,9,2.6,2025-07-07T12:00:00
296,222,3.8,2025-07-07T12:00:00
382,161,3.9,2025-07-07T12:00:00
489,251,4.3,2025-07-07T12:00:00
139,120,5.0,2025-07-07T13:00:00
254,16,4.5,2025-07-07T13:00:00
268,112,3.5,2025-07-07T13:00:00
285,198,4.3,2025-07-07T13:00:00
8,182,2.7,2025-07-07T14:00:00
92,182,5.0,2025-07-07T14:00:00
247,42,4.8,2025-07-07T14:00:00
418,154,5.0,2025-07-07T14:00:00
459,175,4.2,2025-07-07T14:00:00
361,189,4.5,2025-07-07T15:00:00
364,172,3.4,2025-07-07T15:00:00
406,58,3.0,2025-07-07T15:00:00
407,129,5.0,2025-07-07T15:00:00
411,179,4.1,2025-07-07T15:00:00
466,238,2.7,2025-07-07T15:00:00
154,89,4.3,2025-07-07T16:00:00
169,29,4.4,2025-07-07T16:00:00
181,266,4.3,2025-07-07T16:00:00
331,277,2.3,2025-07-07T16:00:00
368,172,2.3,2025-07-07T16:00:00
383,187,1.7,2025-07-07T16:00:00
22,31,3.3,2025-07-07T17:00:00
219,10,3.0,2025-07-07T17:00:00
153,45,4.6,2025-07-07T18:00:00
452,286,3.0,2025-07-07T18:00:00
480,8,3.5,2025-07-07T18:00:00
406,192,3.7,2025-07-07T19:00:00
475,79,4.1,2025-07-07T19:00:00
491,63,3.9,2025-07-07T19:00:00
32,35,2.5,2025-07-07T20:00:00
67,221,3.8,2025-07-07T20:00:00
69,179,4.5,2025-07-07T20:00:00
176,184,5.0,2025-07-07T20:00:00
328,17,4.0,2025-07-07T20:00:00
31,45,3.3,2025-07-07T21:00:00
68,178,4.9,2025-07-07T22:00:00
148,267,4.2,2025-07-07T22:00:00
242,189,5.0,2025-07-07T22:00:00
433,255,3.5,2025-07-07T22:00:00
238,82,3.9,2025-07-07T23:00:00
268,106,4.5,2025-07-07T23:00:00
360,151,4.3,2025-07-07T23:00:00
385,89,3.6,2025-07-07T23:00:00
406,163,3.7,2025-07-07T23:00:00
7,293,3.4,2025-07-08T00:00:00
23,267,2.4,2025-07-08T00:00:00
31,99,2.6,2025-07-08T01:00:00
60,267,5.0,2025-07-08T01:00:00
210,63,4.2,2025-07-08T01:00:00
417,151,4.6,2025-07-08T01:00:00
41,164,2.5,2025-07-08T02:00:00
45,291,4.2,2025-07-08T02:00:00
53,6,3.1,2025-07-08T02:00:00
135,274,4.2,2025-07-08T02:00:00
254,69,4.9,2025-07-08T03:00:00
307,101,3.1,2025-07-08T03:00:00
409,165,3.1,2025-07-08T03:00:00
44,42,4.3,2025-07-08T04:00:00
478,209,5.0,2025-07-08T04:00:00
167,182,4.6,2025-07-08T05:00:00
209,234,2.6,2025-07-08T05:00:00
280,271,4.0,2025-07-08T05:00:00
7,286,4.7,2025-07-08T06:00:00
36,179,4.0,2025-07-08T06:00:00
241,182,5.0,2025-07-08T06:00:00
298,264,3.9,2025-07-08T06:00:00
423,228,4.6,2025-07-08T06:00:00
62,74,2.1,2025-07-08T07:00:00
92,129,4.0,2025-07-08T07:00:00
133,155,2.5,2025-07-08T07:00:00
447,1,3.5,2025-07-08T07:00:00
14,226,5.0,2025-07-08T08:00:00
75,149,4.3,2025-07-08T08:00:00
123,209,3.0,2025-07-08T08:00:00
139,141,5.0,2025-07-08T08:00:00
218,115,4.5,2025-07-08T08:00:00
277,150,2.2,2025-07-08T08:00:00
282,208,3.5,2025-07-08T08:00:00
382,192,4.2,2025-07-08T08:00:00
456,161,4.3,2025-07-08T08:00:00
301,39,5.0,2025-07-08T09:00:00
242,197,4.8,2025-07-08T10:00:00
273,34,2.1,2025-07-08T10:00:00
292,48,3.4,2025-07-08T10:00:00
355,26,3.7,2025-07-08T10:00:00
7,269,5.0,2025-07-08T11:00:00
53,269,4.4,2025-07-08T11:00:00
417,163,5.0,2025-07-08T11:00:00
18,10,4.8,2025-07-08T12:00:00
56,254,3.9,2025-07-08T12:00:00
165,74,3.1,2025-07-08T12:00:00
254,175,5.0,2025-07-08T12:00:00
337,62,4.8,2025-07-08T12:00:00
388,179,4.0,2025-07-08T12:00:00
477,216,3.1,2025-07-08T12:00:00
478,74,4.4,2025-07-08T12:00:00
157,148,4.9,2025-07-08T13:00:00
245,124,5.0,2025-07-08T13:00:00
159,44,3.7,2025-07-08T14:00:00
200,60,4.7,2025-07-08T14:00:00
325,243,4.7,2025-07-08T14:00:00
371,164,3.6,2025-07-08T14:00:00
408,120,3.1,2025-07-08T14:00:00
89,108,4.8,2025-07-08T15:00:00
241,164,4.7,2025-07-08T15:00:00
287,115,4.7,2025-07-08T15:00:00
85,249,4.0,2025-07-08T16:00:00
289,291,3.5,2025-07-08T16:00:00
441,111,3.8,2025-07-08T16:00:00
106,20,5.0,2025-07-08T17:00:00
248,34,5.0,2025-07-08T17:00:00
10,123,2.9,2025-07-08T18:00:00
26,198,3.2,2025-07-08T18:00:00
67,244,4.1,2025-07-08T18:00:00
84,29,4.2,2025-07-08T18:00:00
421,270,3.1,2025-07-08T18:00:00
494,74,2.2,2025-07-08T18:00:00
367,292,3.6,2025-07-08T19:00:00
393,93,2.1,2025-07-08T19:00:00
438,42,3.6,2025-07-08T19:00:00
116,277,4.0,2025-07-08T20:00:00
205,130,4.1,2025-07-08T20:00:00
262,209,5.0,2025-07-08T20:00:00
328,201,2.8,2025-07-08T20:00:00
433,271,4.3,2025-07-08T20:00:00
159,89,2.9,2025-07-08T21:00:00
250,11,2.5,2025-07-08T21:00:00
315,74,3.0,2025-07-08T21:00:00
390,89,3.4,2025-07-08T21:00:00
80,220,3.0,2025-07-08T22:00:00
94,74,5.0,2025-07-08T22:00:00
181,249,4.2,2025-07-08T22:00:00
382,100,3.8,2025-07-08T22:00:00
49,172,4.1,2025-07-08T23:00:00
466,216,4.6,2025-07-08T23:00:00
184,242,4.1,2025-07-09T00:00:00
441,217,5.0,2025-07-09T00:00:00
41,52,2.8,2025-07-09T01:00:00
45,180,3.1,2025-07-09T01:00:00
144,189,3.8,2025-07-09T01:00:00
123,216,3.9,2025-07-09T02:00:00
288,292,3.5,2025-07-09T02:00:00
2,209,2.5,2025-07-09T03:00:00
7,233,3.1,2025-07-09T03:00:00
51,4,2.2,2025-07-09T03:00:00
101,87,2.5,2025-07-09T03:00:00
249,87,5.0,2025-07-09T03:00:00
48,270,3.9,2025-07-09T04:00:00
57,10,3.8,2025-07-09T04:00:00
176,96,4.0,2025-07-09T04:00:00
429,272,4.7,2025-07-09T04:00:00
462,115,2.3,2025-07-09T04:00:00
75,257,3.6,2025-07-09T05:00:00
273,210,4.4,2025-07-09T05:00:00
95,46,3.0,2025-07-09T06:00:00
221,200,3.6,2025-07-09T07:00:00
165,264,4.8,2025-07-09T08:00:00
385,173,4.1,2025-07-09T08:00:00
427,285,2.1,2025-07-09T08:00:00
282,182,3.8,2025-07-09T09:00:00
254,52,4.1,2025-07-09T10:00:00
320,119,3.5,2025-07-09T10:00:00
480,6,4.2,2025-07-09T10:00:00
133,164,3.5,2025-07-09T11:00:00
447,49,1.7,2025-07-09T11:00:00
461,185,1.7,2025-07-09T11:00:00
14,219,4.7,2025-07-09T12:00:00
92,132,4.7,2025-07-09T13:00:00
156,5,4.1,2025-07-09T13:00:00
157,178,4.4,2025-07-09T13:00:00
353,55,3.3,2025-07-09T13:00:00
355,89,3.7,2025-07-09T13:00:00
415,157,2.6,2025-07-09T13:00:00
448,74,4.2,2025-07-09T13:00:00
491,73,3.0,2025-07-09T13:00:00
198,216,3.8,2025-07-09T14:00:00
277,189,2.8,2025-07-09T14:00:00
364,197,3.3,2025-07-09T14:00:00
85,39,4.5,2025-07-09T15:00:00
297,149,3.3,2025-07-09T15:00:00
328,102,3.6,2025-07-09T15:00:00
455,166,5.0,2025-07-09T15:00:00
74,87,2.4,2025-07-09T16:00:00
265,217,5.0,2025-07-09T16:00:00
272,74,4.1,2025-07-09T16:00:00
283,266,3.1,2025-07-09T16:00:00
314,221,3.6,2025-07-09T16:00:00
378,2,2.9,2025-07-09T16:00:00
114,70,4.1,2025-07-09T17:00:00
304,196,4.4,2025-07-09T17:00:00
368,43,3.4,2025-07-09T17:00:00
376,47,3.1,2025-07-09T18:00:00
452,75,2.1,2025-07-09T18:00:00
484,234,5.0,2025-07-09T18:00:00
126,205,5.0,2025-07-09T19:00:00
166,88,2.6,2025-07-09T19:00:00
110,231,4.2,2025-07-09T20:00:00
111,198,3.2,2025-07-09T20:00:00
177,178,5.0,2025-07-09T20:00:00
224,270,3.6,2025-07-09T20:00:00
231,89,2.6,2025-07-09T20:00:00
413,208,5.0,2025-07-09T20:00:00
461,2,2.3,2025-07-09T20:00:00
2,106,4.7,2025-07-09T21:00:00
196,175,3.2,2025-07-09T21:00:00
304,151,4.3,2025-07-09T21:00:00
327,65,4.4,2025-07-09T21:00:00
351,209,5.0,2025-07-09T21:00:00
33,29,3.4,2025-07-09T22:00:00
44,27,2.7,2025-07-09T22:00:00
167,255,2.7,2025-07-09T22:00:00
254,70,4.9,2025-07-09T22:00:00
342,167,4.1,2025-07-09T22:00:00
364,187,3.6,2025-07-09T23:00:00
209,175,4.8,2025-07-10T00:00:00
213,209,2.7,2025-07-10T00:00:00
321,164,4.2,2025-07-10T00:00:00
438,45,3.1,2025-07-10T00:00:00
500,268,5.0,2025-07-10T00:00:00
125,89,3.3,2025-07-10T01:00:00
192,221,5.0,2025-07-10T01:00:00
258,9,3.5,2025-07-10T01:00:00
287,46,3.1,2025-07-10T01:00:00
346,209,2.8,2025-07-10T01:00:00
402,102,2.2,2025-07-10T01:00:00
12,156,2.7,2025-07-10T02:00:00
54,200,4.2,2025-07-10T02:00:00
110,249,4.9,2025-07-10T02:00:00
167,178,4.5,2025-07-10T02:00:00
387,292,3.0,2025-07-10T02:00:00
392,30,3.6,2025-07-10T02:00:00
460,173,5.0,2025-07-10T02:00:00
45,139,4.2,2025-07-10T03:00:00
247,17,4.2,2025-07-10T03:00:00
411,246,3.8,2025-07-10T03:00:00
484,221,4.4,2025-07-10T03:00:00
221,172,3.5,2025-07-10T04:00:00
334,257,5.0,2025-07-10T04:00:00
349,268,3.1,2025-07-10T04:00:00
394,212,5.0,2025-07-10T04:00:00
38,35,5.0,2025-07-10T05:00:00
139,287,4.4,2025-07-10T05:00:00
246,164,3.5,2025-07-10T05:00:00
298,54,3.2,2025-07-10T05:00:00
364,251,5.0,2025-07-10T05:00:00
480,7,3.5,2025-07-10T05:00:00
34,27,5.0,2025-07-10T06:00:00
62,42,3.3,2025-07-10T06:00:00
100,280,4.4,2025-07-10T06:00:00
127,274,4.0,2025-07-10T06:00:00
415,87,4.6,2025-07-10T07:00:00
8,24,3.8,2025-07-10T08:00:00
186,7,4.7,2025-07-10T09:00:00
198,224,3.9,2025-07-10T09:00:00
241,266,3.7,2025-07-10T09:00:00
394,248,3.8,2025-07-10T09:00:00
122,160,3.3,2025-07-10T10:00:00
382,165,4.0,2025-07-10T10:00:00
29,105,5.0,2025-07-10T11:00:00
68,232,4.7,2025-07-10T11:00:00
205,114,4.5,2025-07-10T11:00:00
217,164,2.9,2025-07-10T11:00:00
17,247,3.2,2025-07-10T12:00:00
148,165,3.4,2025-07-10T12:00:00
301,18,5.0,2025-07-10T12:00:00
327,59,4.4,2025-07-10T12:00:00
383,147,2.2,2025-07-10T12:00:00
71,245,3.4,2025-07-10T13:00:00
84,45,4.4,2025-07-10T13:00:00
289,200,4.6,2025-07-10T13:00:00
368,299,3.1,2025-07-10T14:00:00
418,44,4.6,2025-07-10T14:00:00
182,157,3.2,2025-07-10T15:00:00
225,183,4.5,2025-07-10T15:00:00
491,56,4.2,2025-07-10T15:00:00
57,26,4.4,2025-07-10T16:00:00
361,74,4.1,2025-07-10T16:00:00
406,74,2.0,2025-07-10T16:00:00
427,176,4.1,2025-07-10T16:00:00
460,291,5.0,2025-07-10T16:00:00
331,122,2.1,2025-07-10T17:00:00
409,17,1.3,2025-07-10T17:00:00
281,299,4.5,2025-07-10T18:00:00
283,15,3.6,2025-07-10T18:00:00
334,178,5.0,2025-07-10T18:00:00
475,35,3.5,2025-07-10T18:00:00
23,89,4.3,2025-07-10T19:00:00
176,115,2.7,2025-07-10T19:00:00
417,42,3.5,2025-07-10T19:00:00
60,277,4.9,2025-07-10T20:00:00
67,241,2.9,2025-07-10T20:00:00
181,259,3.4,2025-07-10T20:00:00
394,222,5.0,2025-07-10T20:00:00
30,184,5.0,2025-07-10T21:00:00
106,40,5.0,2025-07-10T21:00:00
219,149,4.5,2025-07-10T21:00:00
306,102,4.6,2025-07-10T21:00:00
126,212,4.5,2025-07-10T22:00:00
165,276,3.2,2025-07-10T22:00:00
196,202,2.8,2025-07-10T22:00:00
265,42,3.3,2025-07-10T22:00:00
295,11,2.7,2025-07-10T22:00:00
396,212,5.0,2025-07-10T22:00:00
406,165,3.0,2025-07-10T22:00:00
480,30,3.7,2025-07-10T22:00:00
489,149,3.2,2025-07-10T22:00:00
191,13,3.2,2025-07-10T23:00:00
198,106,2.2,2025-07-10T23:00:00
241,118,4.9,2025-07-10T23:00:00
392,28,4.2,2025-07-10T23:00:00
447,9,3.3,2025-07-10T23:00:00
17,155,4.2,2025-07-11T00:00:00
31,29,3.1,2025-07-11T00:00:00
148,169,4.4,2025-07-11T00:00:00
303,122,4.7,2025-07-11T00:00:00
233,255,4.8,2025-07-11T01:00:00
262,179,4.6,2025-07-11T01:00:00
285,170,4.8,2025-07-11T01:00:00
22,164,4.6,2025-07-11T02:00:00
122,227,3.7,2025-07-11T02:00:00
281,29,4.1,2025-07-11T02:00:00
288,61,3.7,2025-07-11T02:00:00
321,232,4.2,2025-07-11T02:00:00
406,151,4.8,2025-07-11T02:00:00
18,35,5.0,2025-07-11T03:00:00
23,97,4.5,2025-07-11T03:00:00
26,23,4.1,2025-07-11T03:00:00
62,48,2.6,2025-07-11T03:00:00
191,161,4.4,2025-07-11T03:00:00
459,165,4.1,2025-07-11T03:00:00
238,300,5.0,2025-07-11T04:00:00
296,250,4.8,2025-07-11T04:00:00
304,194,5.0,2025-07-11T04:00:00
466,270,3.8,2025-07-11T04:00:00
477,274,3.5,2025-07-11T04:00:00
490,168,3.8,2025-07-11T04:00:00
154,259,5.0,2025-07-11T05:00:00
235,83,4.0,2025-07-11T05:00:00
409,157,3.9,2025-07-11T05:00:00
410,89,2.9,2025-07-11T05:00:00
461,49,5.0,2025-07-11T05:00:00
22,161,3.2,2025-07-11T06:00:00
283,48,2.7,2025-07-11T06:00:00
292,206,4.2,2025-07-11T06:00:00
298,274,4.0,2025-07-11T06:00:00
280,277,5.0,2025-07-11T07:00:00
334,58,4.4,2025-07-11T07:00:00
184,230,3.4,2025-07-11T08:00:00
408,68,5.0,2025-07-11T08:00:00
69,126,3.9,2025-07-11T09:00:00
438,29,4.4,2025-07-11T09:00:00
60,297,5.0,2025-07-11T10:00:00
110,122,2.1,2025-07-11T10:00:00
153,198,4.0,2025-07-11T10:00:00
210,297,5.0,2025-07-11T10:00:00
361,101,4.9,2025-07-11T10:00:00
407,74,3.0,2025-07-11T10:00:00
307,89,3.7,2025-07-11T11:00:00
320,7,2.8,2025-07-11T11:00:00
390,182,4.8,2025-07-11T11:00:00
423,233,4.8,2025-07-11T11:00:00
441,232,4.5,2025-07-11T11:00:00
242,283,5.0,2025-07-11T12:00:00
484,233,4.9,2025-07-11T12:00:00
490,243,3.8,2025-07-11T12:00:00
32,245,4.8,2025-07-11T13:00:00
167,193,4.0,2025-07-11T13:00:00
272,85,3.1,2025-07-11T13:00:00
433,202,2.4,2025-07-11T13:00:00
295,141,2.4,2025-07-11T14:00:00
413,252,3.5,2025-07-11T14:00:00
494,179,4.5,2025-07-11T14:00:00
49,122,2.9,2025-07-11T15:00:00
159,122,2.9,2025-07-11T15:00:00
235,122,2.8,2025-07-11T15:00:00
268,128,3.5,2025-07-11T15:00:00
2,129,4.2,2025-07-11T16:00:00
289,125,3.3,2025-07-11T16:00:00
315,31,5.0,2025-07-11T16:00:00
320,128,4.3,2025-07-11T16:00:00
482,166,4.2,2025-07-11T16:00:00
69,186,5.0,2025-07-11T17:00:00
135,189,4.1,2025-07-11T17:00:00
415,67,4.0,2025-07-11T17:00:00
111,58,4.4,2025-07-11T18:00:00
139,55,5.0,2025-07-11T18:00:00
218,141,4.3,2025-07-11T18:00:00
420,281,4.3,2025-07-11T18:00:00
459,122,3.6,2025-07-11T18:00:00
45,274,3.7,2025-07-11T19:00:00
107,158,5.0,2025-07-11T19:00:00
294,74,3.8,2025-07-11T19:00:00
298,269,4.2,2025-07-11T19:00:00
402,283,3.5,2025-07-11T19:00:00
62,39,3.5,2025-07-11T20:00:00
100,284,3.7,2025-07-11T20:00:00
378,216,2.0,2025-07-11T20:00:00
410,22,2.7,2025-07-11T20:00:00
246,55,4.5,2025-07-11T21:00:00
351,101,4.3,2025-07-11T22:00:00
385,56,4.5,2025-07-11T22:00:00
475,265,3.0,2025-07-11T22:00:00
56,169,3.6,2025-07-11T23:00:00
176,196,4.0,2025-07-11T23:00:00
177,166,3.3,2025-07-11T23:00:00
186,9,3.9,2025-07-11T23:00:00
245,101,4.7,2025-07-11T23:00:00
258,15,3.3,2025-07-11T23:00:00
393,48,4.4,2025-07-11T23:00:00
41,87,4.4,2025-07-12T00:00:00
248,48,4.9,2025-07-12T00:00:00
277,48,2.7,2025-07-12T00:00:00
279,270,3.7,2025-07-12T00:00:00
327,30,3.1,2025-07-12T00:00:00
361,133,4.0,2025-07-12T00:00:00
494,193,5.0,2025-07-12T00:00:00
69,188,4.8,2025-07-12T01:00:00
123,228,4.0,2025-07-12T01:00:00
235,61,3.5,2025-07-12T01:00:00
301,182,4.5,2025-07-12T01:00:00
376,10,5.0,2025-07-12T01:00:00
36,183,4.3,2025-07-12T02:00:00
67,219,2.9,2025-07-12T02:00:00
89,150,4.5,2025-07-12T02:00:00
159,18,4.7,2025-07-12T02:00:00
456,178,3.5,2025-07-12T02:00:00
477,129,3.1,2025-07-12T02:00:00
478,79,5.0,2025-07-12T02:00:00
60,129,4.2,2025-07-12T03:00:00
166,53,2.7,2025-07-12T03:00:00
421,63,3.6,2025-07-12T03:00:00
10,13,3.8,2025-07-12T04:00:00
12,22,3.9,2025-07-12T04:00:00
22,193,3.3,2025-07-12T04:00:00
53,5,3.4,2025-07-12T04:00:00
292,246,3.6,2025-07-12T04:00:00
337,185,3.1,2025-07-12T04:00:00
367,267,4.2,2025-07-12T04:00:00
392,242,3.6,2025-07-12T04:00:00
394,205,4.5,2025-07-12T04:00:00
455,171,5.0,2025-07-12T04:00:00
490,283,2.9,2025-07-12T04:00:00
328,101,4.4,2025-07-12T05:00:00
482,122,5.0,2025-07-12T05:00:00
192,244,5.0,2025-07-12T06:00:00
462,133,2.4,2025-07-12T06:00:00
233,263,3.5,2025-07-12T07:00:00
325,87,5.0,2025-07-12T07:00:00
51,122,4.9,2025-07-12T08:00:00
116,92,3.6,2025-07-12T08:00:00
388,280,3.2,2025-07-12T08:00:00
410,271,4.2,2025-07-12T08:00:00
460,161,5.0,2025-07-12T08:00:00
85,231,2.8,2025-07-12T09:00:00
272,161,3.7,2025-07-12T09:00:00
393,47,4.6,2025-07-12T09:00:00
466,208,3.0,2025-07-12T09:00:00
482,183,4.4,2025-07-12T09:00:00
500,275,4.3,2025-07-12T09:00:00
200,79,5.0,2025-07-12T10:00:00
427,200,4.2,2025-07-12T10:00:00
123,159,1.3,2025-07-12T11:00:00
371,17,4.9,2025-07-12T11:00:00
411,97,5.0,2025-07-12T11:00:00
38,41,4.2,2025-07-12T12:00:00
95,189,4.0,2025-07-12T12:00:00
368,74,3.2,2025-07-12T12:00:00
429,262,4.9,2025-07-12T12:00:00
7,108,4.2,2025-07-12T13:00:00
250,164,2.4,2025-07-12T13:00:00
298,265,4.9,2025-07-12T13:00:00
217,5,3.2,2025-07-12T14:00:00
279,290,2.4,2025-07-12T14:00:00
306,106,5.0,2025-07-12T14:00:00
331,187,3.5,2025-07-12T14:00:00
376,5,4.2,2025-07-12T14:00:00
418,178,5.0,2025-07-12T14:00:00
41,89,3.4,2025-07-12T15:00:00
48,259,5.0,2025-07-12T15:00:00
209,122,3.1,2025-07-12T15:00:00
452,122,4.6,2025-07-12T15:00:00
127,254,3.7,2025-07-12T16:00:00
287,149,3.9,2025-07-12T16:00:00
297,209,3.4,2025-07-12T16:00:00
402,291,3.7,2025-07-12T16:00:00
45,247,3.2,2025-07-12T17:00:00
181,76,2.8,2025-07-12T17:00:00
298,298,4.5,2025-07-12T17:00:00
355,29,5.0,2025-07-12T17:00:00
383,108,2.1,2025-07-12T17:00:00
94,73,3.8,2025-07-12T18:00:00
144,198,2.3,2025-07-12T18:00:00
273,274,4.1,2025-07-12T18:00:00
277,179,2.7,2025-07-12T18:00:00
448,73,4.6,2025-07-12T18:00:00
148,198,2.8,2025-07-12T19:00:00
196,150,3.6,2025-07-12T19:00:00
221,164,3.2,2025-07-12T19:00:00
250,171,2.8,2025-07-12T19:00:00
281,216,3.4,2025-07-12T19:00:00
282,151,3.3,2025-07-12T19:00:00
294,88,3.7,2025-07-12T19:00:00
69,170,4.9,2025-07-12T20:00:00
84,46,4.2,2025-07-12T20:00:00
101,216,2.8,2025-07-12T20:00:00
382,25,2.8,2025-07-12T20:00:00
413,74,4.3,2025-07-12T20:00:00
80,216,2.9,2025-07-12T21:00:00
92,198,4.3,2025-07-12T21:00:00
242,267,4.7,2025-07-12T21:00:00
184,222,4.1,2025-07-12T22:00:00
265,202,5.0,2025-07-12T22:00:00
126,237,4.6,2025-07-12T23:00:00
209,221,3.1,2025-07-12T23:00:00
342,176,5.0,2025-07-12T23:00:00
116,276,4.0,2025-07-13T00:00:00
418,42,4.3,2025-07-13T00:00:00
268,249,3.3,2025-07-13T01:00:00
303,266,4.8,2025-07-13T01:00:00
337,53,3.5,2025-07-13T01:00:00
166,252,2.8,2025-07-13T02:00:00
205,275,3.7,2025-07-13T02:00:00
280,74,4.6,2025-07-13T02:00:00
288,88,3.8,2025-07-13T02:00:00
320,268,3.3,2025-07-13T02:00:00
249,74,4.6,2025-07-13T03:00:00
297,189,3.2,2025-07-13T03:00:00
392,196,3.3,2025-07-13T03:00:00
14,89,4.8,2025-07-13T04:00:00
114,249,4.1,2025-07-13T04:00:00
242,29,2.8,2025-07-13T04:00:00
123,150,1.0,2025-07-13T05:00:00
154,181,4.7,2025-07-13T05:00:00
177,89,4.3,2025-07-13T05:00:00
254,10,3.1,2025-07-13T05:00:00
382,73,4.1,2025-07-13T05:00:00
153,123,3.8,2025-07-13T06:00:00
241,184,5.0,2025-07-13T06:00:00
409,19,3.4,2025-07-13T06:00:00
427,108,3.5,2025-07-13T06:00:00
107,154,4.6,2025-07-13T07:00:00
156,44,5.0,2025-07-13T07:00:00
247,41,4.6,2025-07-13T07:00:00
41,160,3.0,2025-07-13T08:00:00
62,160,3.2,2025-07-13T08:00:00
139,75,5.0,2025-07-13T08:00:00
133,248,4.8,2025-07-13T09:00:00
224,141,3.0,2025-07-13T09:00:00
277,29,3.4,2025-07-13T09:00:00
31,2,3.5,2025-07-13T10:00:00
101,228,2.9,2025-07-13T10:00:00
314,240,3.7,2025-07-13T10:00:00
410,274,3.5,2025-07-13T10:00:00
420,267,5.0,2025-07-13T10:00:00
461,223,2.7,2025-07-13T10:00:00
7,272,3.6,2025-07-13T11:00:00
18,89,4.6,2025-07-13T11:00:00
44,32,3.0,2025-07-13T11:00:00
68,228,4.8,2025-07-13T11:00:00
394,243,4.5,2025-07-13T11:00:00
17,4,3.3,2025-07-13T12:00:00
283,98,4.8,2025-07-13T12:00:00
334,63,5.0,2025-07-13T12:00:00
448,231,3.0,2025-07-13T12:00:00
491,85,4.9,2025-07-13T12:00:00
95,5,2.1,2025-07-13T13:00:00
233,48,3.4,2025-07-13T13:00:00
241,183,5.0,2025-07-13T13:00:00
277,98,4.3,2025-07-13T13:00:00
301,162,5.0,2025-07-13T13:00:00
346,171,3.8,2025-07-13T13:00:00
349,129,4.0,2025-07-13T13:00:00
367,50,3.2,2025-07-13T13:00:00
54,239,4.3,2025-07-13T14:00:00
92,176,3.9,2025-07-13T15:00:00
218,267,4.3,2025-07-13T15:00:00
351,262,4.6,2025-07-13T15:00:00
394,244,4.3,2025-07-13T15:00:00
423,238,4.9,2025-07-13T15:00:00
459,169,4.0,2025-07-13T15:00:00
122,299,4.3,2025-07-13T16:00:00
135,179,4.8,2025-07-13T16:00:00
250,74,3.1,2025-07-13T16:00:00
31,51,3.6,2025-07-13T17:00:00
231,87,3.9,2025-07-13T17:00:00
304,155,4.8,2025-07-13T17:00:00
402,209,3.1,2025-07-13T17:00:00
8,41,5.0,2025-07-13T18:00:00
33,203,3.2,2025-07-13T18:00:00
382,249,4.8,2025-07-13T18:00:00
41,270,3.5,2025-07-13T19:00:00
258,49,3.2,2025-07-13T19:00:00
355,103,4.8,2025-07-13T19:00:00
447,87,2.2,2025-07-13T19:00:00
49,208,3.0,2025-07-13T20:00:00
126,74,3.3,2025-07-13T20:00:00
213,249,2.8,2025-07-13T20:00:00
235,213,3.6,2025-07-13T20:00:00
106,209,4.2,2025-07-13T21:00:00
411,76,5.0,2025-07-13T21:00:00
417,153,4.8,2025-07-13T21:00:00
30,29,4.2,2025-07-13T22:00:00
53,258,3.3,2025-07-13T22:00:00
192,246,4.5,2025-07-13T22:00:00
196,143,3.6,2025-07-13T22:00:00
283,74,3.7,2025-07-13T22:00:00
291,45,4.3,2025-07-13T22:00:00
295,287,4.1,2025-07-13T22:00:00
378,131,3.1,2025-07-13T22:00:00
387,10,3.4,2025-07-13T22:00:00
396,202,4.3,2025-07-13T22:00:00
159,25,4.2,2025-07-13T23:00:00
225,122,2.9,2025-07-13T23:00:00
376,272,3.2,2025-07-13T23:00:00
415,81,4.6,2025-07-13T23:00:00
34,196,3.0,2025-07-14T00:00:00
38,4,4.5,2025-07-14T00:00:00
56,184,3.6,2025-07-14T00:00:00
85,10,4.4,2025-07-14T00:00:00
125,270,3.2,2025-07-14T00:00:00
241,152,4.4,2025-07-14T00:00:00
364,272,4.8,2025-07-14T00:00:00
184,220,3.0,2025-07-14T01:00:00
210,287,5.0,2025-07-14T01:00:00
238,276,5.0,2025-07-14T01:00:00
245,201,3.8,2025-07-14T01:00:00
420,87,3.1,2025-07-14T01:00:00
153,93,5.0,2025-07-14T02:00:00
182,268,3.7,2025-07-14T02:00:00
285,187,4.3,2025-07-14T02:00:00
406,255,3.4,2025-07-14T02:00:00
475,45,2.8,2025-07-14T02:00:00
29,189,2.2,2025-07-14T03:00:00
191,194,4.6,2025-07-14T03:00:00
209,165,3.8,2025-07-14T03:00:00
298,258,3.7,2025-07-14T03:00:00
306,89,3.2,2025-07-14T03:00:00
388,171,3.8,2025-07-14T03:00:00
18,23,3.8,2025-07-14T04:00:00
56,160,4.0,2025-07-14T04:00:00
307,111,4.0,2025-07-14T04:00:00
116,266,4.3,2025-07-14T05:00:00
262,164,4.9,2025-07-14T05:00:00
378,118,3.7,2025-07-14T05:00:00
500,42,2.3,2025-07-14T05:00:00
57,9,3.6,2025-07-14T06:00:00
22,48,3.8,2025-07-14T07:00:00
71,7,3.9,2025-07-14T07:00:00
154,196,5.0,2025-07-14T07:00:00
325,237,4.4,2025-07-14T07:00:00
89,249,1.8,2025-07-14T08:00:00
105,45,5.0,2025-07-14T08:00:00
217,273,1.9,2025-07-14T08:00:00
297,159,3.4,2025-07-14T08:00:00
298,251,4.7,2025-07-14T08:00:00
351,42,5.0,2025-07-14T08:00:00
69,193,4.3,2025-07-14T09:00:00
126,198,4.4,2025-07-14T09:00:00
177,167,3.5,2025-07-14T09:00:00
218,247,4.1,2025-07-14T09:00:00
23,200,3.4,2025-07-14T10:00:00
26,219,3.5,2025-07-14T10:00:00
33,207,3.7,2025-07-14T10:00:00
148,271,4.2,2025-07-14T10:00:00
258,26,3.1,2025-07-14T10:00:00
95,182,3.4,2025-07-14T11:00:00
153,271,2.9,2025-07-14T11:00:00
219,140,3.4,2025-07-14T11:00:00
328,148,4.6,2025-07-14T11:00:00
408,74,5.0,2025-07-14T11:00:00
8,18,3.6,2025-07-14T12:00:00
80,189,4.9,2025-07-14T12:00:00
251,41,4.3,2025-07-14T12:00:00
455,42,4.0,2025-07-14T12:00:00
489,286,4.4,2025-07-14T12:00:00
14,122,4.9,2025-07-14T13:00:00
392,43,3.8,2025-07-14T13:00:00
272,58,2.6,2025-07-14T14:00:00
382,132,4.3,2025-07-14T14:00:00
2,279,4.6,2025-07-14T15:00:00
198,209,4.6,2025-07-14T16:00:00
268,102,3.9,2025-07-14T16:00:00
294,225,4.1,2025-07-14T16:00:00
480,190,2.6,2025-07-14T16:00:00
44,74,3.5,2025-07-14T17:00:00
191,179,4.1,2025-07-14T17:00:00
9,160,4.7,2025-07-14T18:00:00
56,182,4.4,2025-07-14T18:00:00
361,89,4.0,2025-07-14T18:00:00
390,42,4.0,2025-07-14T18:00:00
410,300,3.7,2025-07-14T19:00:00
413,266,3.6,2025-07-14T19:00:00
105,5,5.0,2025-07-14T20:00:00
154,187,3.4,2025-07-14T20:00:00
165,45,3.0,2025-07-14T20:00:00
385,206,3.7,2025-07-14T20:00:00
396,41,4.2,2025-07-14T22:00:00
447,10,3.0,2025-07-14T22:00:00
456,27,3.4,2025-07-14T22:00:00
51,288,4.7,2025-07-14T23:00:00
62,189,3.1,2025-07-14T23:00:00
327,235,3.3,2025-07-14T23:00:00
429,108,3.2,2025-07-14T23:00:00
490,159,4.7,2025-07-14T23:00:00
8,288,1.1,2025-07-15T00:00:00
125,280,5.0,2025-07-15T00:00:00
321,246,4.2,2025-07-15T01:00:00
205,137,4.9,2025-07-15T02:00:00
49,41,4.2,2025-07-15T03:00:00
76,197,4.2,2025-07-15T03:00:00
250,48,2.7,2025-07-15T03:00:00
433,222,2.5,2025-07-15T03:00:00
462,17,3.0,2025-07-15T03:00:00
477,85,4.7,2025-07-15T03:00:00
484,237,3.4,2025-07-15T03:00:00
111,76,4.0,2025-07-15T04:00:00
337,258,2.1,2025-07-15T04:00:00
371,122,5.0,2025-07-15T04:00:00
438,14,4.1,2025-07-15T05:00:00
68,96,2.5,2025-07-15T06:00:00
182,109,2.0,2025-07-15T06:00:00
361,130,4.1,2025-07-15T06:00:00
406,184,4.3,2025-07-15T06:00:00
441,74,2.9,2025-07-15T06:00:00
41,107,4.0,2025-07-15T07:00:00
110,216,3.8,2025-07-15T07:00:00
166,29,1.9,2025-07-15T07:00:00
249,62,4.5,2025-07-15T07:00:00
407,148,4.6,2025-07-15T07:00:00
433,184,2.6,2025-07-15T07:00:00
14,34,4.5,2025-07-15T08:00:00
186,238,3.2,2025-07-15T08:00:00
410,267,4.4,2025-07-15T08:00:00
22,182,3.3,2025-07-15T09:00:00
23,70,3.9,2025-07-15T09:00:00
176,151,5.0,2025-07-15T09:00:00
265,266,3.2,2025-07-15T09:00:00
315,172,3.4,2025-07-15T09:00:00
427,147,4.4,2025-07-15T10:00:00
45,70,4.2,2025-07-15T11:00:00
111,29,4.4,2025-07-15T11:00:00
219,107,4.4,2025-07-15T11:00:00
9,155,3.3,2025-07-15T12:00:00
182,291,3.2,2025-07-15T12:00:00
482,279,3.7,2025-07-15T12:00:00
36,222,3.0,2025-07-15T13:00:00
127,295,3.9,2025-07-15T13:00:00
281,18,4.7,2025-07-15T13:00:00
287,151,3.2,2025-07-15T13:00:00
289,129,4.6,2025-07-15T13:00:00
303,277,4.5,2025-07-15T13:00:00
500,259,3.9,2025-07-15T13:00:00
159,46,3.8,2025-07-15T14:00:00
301,190,5.0,2025-07-15T14:00:00
106,33,5.0,2025-07-15T15:00:00
235,280,2.2,2025-07-15T15:00:00
241,178,5.0,2025-07-15T15:00:00
254,96,4.8,2025-07-15T15:00:00
321,281,4.8,2025-07-15T15:00:00
111,59,4.4,2025-07-15T16:00:00
304,161,4.6,2025-07-15T16:00:00
396,162,3.4,2025-07-15T16:00:00
489,33,2.1,2025-07-15T16:00:00
60,122,4.9,2025-07-15T17:00:00
76,189,2.7,2025-07-15T17:00:00
490,153,3.4,2025-07-15T17:00:00
36,157,3.7,2025-07-15T18:00:00
100,257,3.7,2025-07-15T18:00:00
165,267,4.7,2025-07-15T18:00:00
182,5,4.7,2025-07-15T18:00:00
221,178,3.9,2025-07-15T18:00:00
228,157,4.1,2025-07-15T18:00:00
238,258,5.0,2025-07-15T18:00:00
331,153,4.5,2025-07-15T19:00:00
460,197,5.0,2025-07-15T19:00:00
114,202,4.6,2025-07-15T20:00:00
116,299,3.7,2025-07-15T20:00:00
385,193,4.1,2025-07-15T20:00:00
248,74,4.3,2025-07-15T21:00:00
409,178,3.9,2025-07-15T21:00:00
368,115,2.1,2025-07-15T22:00:00
67,232,4.8,2025-07-15T23:00:00
122,205,4.8,2025-07-15T23:00:00
161,102,2.8,2025-07-15T23:00:00
176,161,4.4,2025-07-15T23:00:00
292,224,3.6,2025-07-15T23:00:00
336,209,3.7,2025-07-15T23:00:00
423,230,4.6,2025-07-15T23:00:00
456,171,4.4,2025-07-15T23:00:00
494,185,4.8,2025-07-15T23:00:00
225,190,5.0,2025-07-16T00:00:00
376,143,4.5,2025-07-16T00:00:00
106,153,4.2,2025-07-16T01:00:00
298,259,4.8,2025-07-16T01:00:00
466,292,2.6,2025-07-16T01:00:00
200,75,5.0,2025-07-16T02:00:00
231,31,2.3,2025-07-16T02:00:00
242,107,3.8,2025-07-16T02:00:00
282,177,3.7,2025-07-16T02:00:00
342,295,2.6,2025-07-16T02:00:00
361,41,3.7,2025-07-16T02:00:00
385,161,3.4,2025-07-16T02:00:00
478,63,4.9,2025-07-16T02:00:00
280,266,5.0,2025-07-16T03:00:00
421,277,4.6,2025-07-16T03:00:00
448,217,4.1,2025-07-16T03:00:00
12,74,2.5,2025-07-16T04:00:00
156,173,3.7,2025-07-16T04:00:00
209,224,4.5,2025-07-16T04:00:00
279,262,4.2,2025-07-16T04:00:00
349,47,5.0,2025-07-16T04:00:00
394,123,4.0,2025-07-16T04:00:00
26,256,5.0,2025-07-16T05:00:00
262,153,4.4,2025-07-16T05:00:00
9,74,2.0,2025-07-16T06:00:00
18,26,4.5,2025-07-16T06:00:00
44,222,2.7,2025-07-16T06:00:00
92,113,4.3,2025-07-16T06:00:00
184,209,4.3,2025-07-16T06:00:00
273,227,3.5,2025-07-16T06:00:00
331,166,2.9,2025-07-16T06:00:00
181,42,4.4,2025-07-16T07:00:00
205,124,5.0,2025-07-16T07:00:00
277,49,2.1,2025-07-16T07:00:00
328,143,3.6,2025-07-16T07:00:00
7,93,3.2,2025-07-16T08:00:00
33,279,3.2,2025-07-16T08:00:00
34,182,3.4,2025-07-16T08:00:00
71,145,3.0,2025-07-16T08:00:00
84,122,2.0,2025-07-16T08:00:00
123,195,4.6,2025-07-16T08:00:00
218,164,4.2,2025-07-16T08:00:00
245,209,4.2,2025-07-16T08:00:00
248,59,4.4,2025-07-16T08:00:00
307,289,2.6,2025-07-16T08:00:00
325,233,4.7,2025-07-16T08:00:00
355,13,4.9,2025-07-16T08:00:00
385,159,2.8,2025-07-16T08:00:00
287,138,3.9,2025-07-16T09:00:00
327,83,4.6,2025-07-16T09:00:00
480,33,4.2,2025-07-16T09:00:00
125,292,5.0,2025-07-16T10:00:00
262,161,5.0,2025-07-16T10:00:00
411,31,3.8,2025-07-16T10:00:00
459,176,2.4,2025-07-16T10:00:00
2,135,4.6,2025-07-16T11:00:00
29,165,1.4,2025-07-16T11:00:00
41,142,4.3,2025-07-16T11:00:00
320,150,3.8,2025-07-16T11:00:00
407,133,4.0,2025-07-16T11:00:00
429,287,3.9,2025-07-16T11:00:00
101,236,3.8,2025-07-16T12:00:00
337,212,3.0,2025-07-16T12:00:00
394,238,5.0,2025-07-16T12:00:00
415,89,5.0,2025-07-16T12:00:00
420,258,5.0,2025-07-16T12:00:00
500,267,4.1,2025-07-16T12:00:00
84,286,3.5,2025-07-16T13:00:00
161,18,4.0,2025-07-16T13:00:00
251,42,3.1,2025-07-16T13:00:00
452,42,4.7,2025-07-16T13:00:00
48,266,5.0,2025-07-16T14:00:00
144,178,3.0,2025-07-16T14:00:00
334,283,5.0,2025-07-16T14:00:00
53,295,4.5,2025-07-16T15:00:00
62,213,2.9,2025-07-16T15:00:00
135,296,4.2,2025-07-16T15:00:00
182,280,3.9,2025-07-16T15:00:00
200,122,4.8,2025-07-16T15:00:00
279,17,2.4,2025-07-16T15:00:00
383,181,2.1,2025-07-16T15:00:00
94,89,4.1,2025-07-16T16:00:00
154,162,5.0,2025-07-16T16:00:00
210,260,3.8,2025-07-16T16:00:00
287,258,2.4,2025-07-16T16:00:00
288,92,5.0,2025-07-16T16:00:00
297,166,3.3,2025-07-16T16:00:00
475,80,3.2,2025-07-16T16:00:00
85,216,4.5,2025-07-16T17:00:00
107,178,5.0,2025-07-16T17:00:00
364,160,4.1,2025-07-16T17:00:00
378,274,1.6,2025-07-16T17:00:00
415,55,4.5,2025-07-16T17:00:00
17,177,4.8,2025-07-16T18:00:00
494,161,5.0,2025-07-16T18:00:00
95,194,5.0,2025-07-16T19:00:00
116,295,4.6,2025-07-16T19:00:00
126,266,3.5,2025-07-16T19:00:00
306,201,2.4,2025-07-16T19:00:00
283,164,2.7,2025-07-16T20:00:00
410,276,4.8,2025-07-16T20:00:00
9,178,4.0,2025-07-16T21:00:00
36,266,2.6,2025-07-16T21:00:00
387,6,3.5,2025-07-16T21:00:00
418,188,4.5,2025-07-16T21:00:00
148,164,4.0,2025-07-16T22:00:00
285,153,4.5,2025-07-16T22:00:00
333,87,4.2,2025-07-16T22:00:00
367,264,3.2,2025-07-16T22:00:00
54,96,3.4,2025-07-16T23:00:00
265,226,4.5,2025-07-16T23:00:00
314,209,3.4,2025-07-16T23:00:00
417,195,4.7,2025-07-16T23:00:00
133,300,3.2,2025-07-17T00:00:00
213,197,4.7,2025-07-17T00:00:00
247,26,5.0,2025-07-17T00:00:00
248,55,4.3,2025-07-17T00:00:00
456,184,4.3,2025-07-17T00:00:00
67,209,3.4,2025-07-17T01:00:00
191,165,4.7,2025-07-17T01:00:00
224,129,4.1,2025-07-17T01:00:00
114,142,3.8,2025-07-17T02:00:00
218,102,4.7,2025-07-17T02:00:00
161,6,4.3,2025-07-17T03:00:00
484,246,3.3,2025-07-17T03:00:00
148,182,4.3,2025-07-17T04:00:00
154,178,5.0,2025-07-17T04:00:00
241,196,5.0,2025-07-17T04:00:00
295,284,4.1,2025-07-17T04:00:00
307,147,3.6,2025-07-17T04:00:00
139,89,4.9,2025-07-17T05:00:00
196,231,3.1,2025-07-17T05:00:00
361,270,3.3,2025-07-17T05:00:00
420,269,5.0,2025-07-17T05:00:00
292,4,4.0,2025-07-17T06:00:00
368,280,3.5,2025-07-17T06:00:00
390,198,5.0,2025-07-17T06:00:00
34,50,3.4,2025-07-17T07:00:00
45,128,4.4,2025-07-17T07:00:00
56,18,3.6,2025-07-17T07:00:00
225,188,4.9,2025-07-17T07:00:00
289,179,4.3,2025-07-17T07:00:00
321,122,3.1,2025-07-17T07:00:00
68,208,4.3,2025-07-17T08:00:00
165,278,4.7,2025-07-17T08:00:00
228,178,3.7,2025-07-17T08:00:00
456,158,4.5,2025-07-17T08:00:00
135,178,5.0,2025-07-17T09:00:00
184,204,4.7,2025-07-17T09:00:00
272,97,4.9,2025-07-17T09:00:00
304,13,2.6,2025-07-17T09:00:00
127,265,3.6,2025-07-17T10:00:00
279,266,2.6,2025-07-17T10:00:00
31,58,3.1,2025-07-17T11:00:00
153,122,3.3,2025-07-17T11:00:00
186,43,5.0,2025-07-17T11:00:00
217,166,3.4,2025-07-17T11:00:00
89,238,3.5,2025-07-17T12:00:00
346,165,4.3,2025-07-17T12:00:00
484,235,4.2,2025-07-17T12:00:00
177,170,3.8,2025-07-17T13:00:00
337,209,3.2,2025-07-17T13:00:00
351,5,4.7,2025-07-17T13:00:00
41,55,3.9,2025-07-17T14:00:00
371,26,5.0,2025-07-17T14:00:00
427,165,3.9,2025-07-17T14:00:00
441,234,5.0,2025-07-17T14:00:00
452,48,4.2,2025-07-17T14:00:00
478,109,2.8,2025-07-17T14:00:00
105,17,5.0,2025-07-17T15:00:00
281,89,2.9,2025-07-17T15:00:00
402,292,3.3,2025-07-17T15:00:00
23,82,3.6,2025-07-17T16:00:00
30,108,2.4,2025-07-17T16:00:00
31,94,4.1,2025-07-17T16:00:00
57,7,4.9,2025-07-17T16:00:00
262,222,5.0,2025-07-17T16:00:00
280,259,4.5,2025-07-17T16:00:00
291,50,4.3,2025-07-17T16:00:00
60,286,4.6,2025-07-17T17:00:00
268,89,2.9,2025-07-17T17:00:00
285,74,2.8,2025-07-17T17:00:00
303,273,5.0,2025-07-17T17:00:00
325,212,5.0,2025-07-17T17:00:00
366,216,5.0,2025-07-17T17:00:00
388,196,3.4,2025-07-17T17:00:00
122,202,4.8,2025-07-17T18:00:00
288,99,4.1,2025-07-17T18:00:00
361,228,4.2,2025-07-17T18:00:00
423,280,3.5,2025-07-17T18:00:00
455,143,3.4,2025-07-17T18:00:00
248,87,5.0,2025-07-17T19:00:00
14,131,4.0,2025-07-17T20:00:00
38,216,4.2,2025-07-17T20:00:00
219,191,4.7,2025-07-17T20:00:00
250,139,5.0,2025-07-17T20:00:00
490,164,4.0,2025-07-17T20:00:00
7,55,3.2,2025-07-17T21:00:00
342,250,3.2,2025-07-17T21:00:00
421,122,3.3,2025-07-17T21:00:00
494,178,5.0,2025-07-17T21:00:00
382,238,4.2,2025-07-17T22:00:00
441,259,2.3,2025-07-17T22:00:00
307,135,4.4,2025-07-17T23:00:00
17,5,4.3,2025-07-18T00:00:00
22,179,4.4,2025-07-18T00:00:00
67,216,3.7,2025-07-18T00:00:00
139,122,4.6,2025-07-18T00:00:00
198,18,3.3,2025-07-18T00:00:00
466,293,2.5,2025-07-18T00:00:00
23,259,2.9,2025-07-18T01:00:00
231,164,3.6,2025-07-18T01:00:00
279,295,3.5,2025-07-18T01:00:00
282,222,3.9,2025-07-18T01:00:00
349,15,5.0,2025-07-18T01:00:00
7,292,4.3,2025-07-18T02:00:00
144,171,3.9,2025-07-18T02:00:00
407,108,5.0,2025-07-18T02:00:00
462,289,3.9,2025-07-18T02:00:00
68,17,3.3,2025-07-18T03:00:00
154,175,4.6,2025-07-18T03:00:00
337,217,3.6,2025-07-18T03:00:00
336,229,3.6,2025-07-18T04:00:00
480,55,3.0,2025-07-18T04:00:00
49,37,4.1,2025-07-18T05:00:00
235,89,3.8,2025-07-18T05:00:00
251,122,4.2,2025-07-18T05:00:00
262,196,4.8,2025-07-18T05:00:00
297,150,4.2,2025-07-18T05:00:00
478,122,2.5,2025-07-18T05:00:00
315,49,4.2,2025-07-18T06:00:00
452,23,4.8,2025-07-18T06:00:00
34,137,2.4,2025-07-18T07:00:00
36,42,3.3,2025-07-18T07:00:00
76,178,3.9,2025-07-18T07:00:00
125,285,3.8,2025-07-18T07:00:00
126,249,3.9,2025-07-18T07:00:00
394,237,5.0,2025-07-18T07:00:00
408,266,3.6,2025-07-18T07:00:00
18,11,4.7,2025-07-18T08:00:00
26,277,4.0,2025-07-18T08:00:00
111,238,3.0,2025-07-18T08:00:00
258,164,1.4,2025-07-18T09:00:00
417,190,5.0,2025-07-18T09:00:00
376,187,3.3,2025-07-18T10:00:00
407,141,4.4,2025-07-18T10:00:00
438,267,3.6,2025-07-18T10:00:00
56,277,3.3,2025-07-18T11:00:00
80,183,4.6,2025-07-18T11:00:00
328,228,4.3,2025-07-18T11:00:00
181,34,4.7,2025-07-18T12:00:00
182,285,3.5,2025-07-18T12:00:00
285,201,3.3,2025-07-18T12:00:00
334,88,5.0,2025-07-18T12:00:00
281,256,4.1,2025-07-18T13:00:00
298,276,4.8,2025-07-18T13:00:00
382,55,4.5,2025-07-18T13:00:00
489,266,3.8,2025-07-18T13:00:00
71,45,4.1,2025-07-18T14:00:00
351,156,3.1,2025-07-18T14:00:00
45,126,3.4,2025-07-18T15:00:00
209,183,3.5,2025-07-18T15:00:00
294,161,3.2,2025-07-18T15:00:00
413,222,3.5,2025-07-18T15:00:00
8,164,3.6,2025-07-18T16:00:00
225,272,3.3,2025-07-18T16:00:00
272,60,3.7,2025-07-18T16:00:00
301,188,4.7,2025-07-18T16:00:00
447,70,1.9,2025-07-18T16:00:00
455,189,5.0,2025-07-18T16:00:00
477,63,4.0,2025-07-18T16:00:00
139,73,5.0,2025-07-18T17:00:00
390,150,5.0,2025-07-18T17:00:00
448,149,3.8,2025-07-18T17:00:00
23,122,3.5,2025-07-18T18:00:00
304,165,4.7,2025-07-18T18:00:00
364,261,5.0,2025-07-18T18:00:00
406,161,4.5,2025-07-18T18:00:00
418,271,5.0,2025-07-18T18:00:00
51,140,4.5,2025-07-18T19:00:00
62,6,2.7,2025-07-18T19:00:00
110,238,5.0,2025-07-18T19:00:00
133,165,3.4,2025-07-18T19:00:00
327,270,3.5,2025-07-18T19:00:00
489,75,3.2,2025-07-18T19:00:00
44,47,3.4,2025-07-18T20:00:00
351,73,4.7,2025-07-18T20:00:00
415,58,4.8,2025-07-18T20:00:00
29,246,3.7,2025-07-18T21:00:00
114,242,3.4,2025-07-18T21:00:00
410,157,3.3,2025-07-18T21:00:00
413,234,4.5,2025-07-18T21:00:00
462,284,2.5,2025-07-18T21:00:00
500,260,3.4,2025-07-18T21:00:00
306,144,4.1,2025-07-18T22:00:00
331,275,3.5,2025-07-18T22:00:00
477,164,3.7,2025-07-18T22:00:00
460,267,5.0,2025-07-18T23:00:00
54,176,4.1,2025-07-19T00:00:00
106,25,5.0,2025-07-19T00:00:00
126,165,4.0,2025-07-19T00:00:00
176,42,2.6,2025-07-19T00:00:00
224,125,3.5,2025-07-19T00:00:00
249,89,4.3,2025-07-19T00:00:00
466,266,4.1,2025-07-19T00:00:00
33,271,5.0,2025-07-19T01:00:00
289,110,3.7,2025-07-19T01:00:00
133,205,4.8,2025-07-19T02:00:00
409,160,3.4,2025-07-19T02:00:00
429,263,4.0,2025-07-19T02:00:00
433,237,3.9,2025-07-19T02:00:00
484,227,3.6,2025-07-19T03:00:00
181,122,3.4,2025-07-19T04:00:00
258,19,2.4,2025-07-19T04:00:00
295,293,3.8,2025-07-19T04:00:00
482,145,5.0,2025-07-19T04:00:00
84,55,3.0,2025-07-19T06:00:00
111,87,4.0,2025-07-19T06:00:00
210,253,4.9,2025-07-19T06:00:00
242,299,4.7,2025-07-19T06:00:00
247,19,4.5,2025-07-19T06:00:00
321,74,3.1,2025-07-19T06:00:00
383,178,1.9,2025-07-19T06:00:00
411,60,5.0,2025-07-19T06:00:00
272,198,4.7,2025-07-19T07:00:00
287,130,3.1,2025-07-19T07:00:00
438,25,4.1,2025-07-19T07:00:00
245,106,4.7,2025-07-19T08:00:00
292,244,4.3,2025-07-19T08:00:00
314,216,3.6,2025-07-19T08:00:00
366,242,4.3,2025-07-19T08:00:00
368,19,3.6,2025-07-19T08:00:00
94,299,4.7,2025-07-19T09:00:00
297,180,2.6,2025-07-19T09:00:00
34,31,4.7,2025-07-19T10:00:00
122,75,3.2,2025-07-19T10:00:00
159,294,3.8,2025-07-19T10:00:00
238,265,4.2,2025-07-19T10:00:00
396,172,3.2,2025-07-19T10:00:00
161,29,4.5,2025-07-19T11:00:00
218,136,5.0,2025-07-19T11:00:00
242,172,5.0,2025-07-19T11:00:00
254,62,4.8,2025-07-19T11:00:00
277,148,2.1,2025-07-19T11:00:00
382,178,2.6,2025-07-19T11:00:00
394,270,3.6,2025-07-19T11:00:00
44,259,2.8,2025-07-19T12:00:00
101,212,3.8,2025-07-19T12:00:00
177,23,3.5,2025-07-19T12:00:00
200,161,4.6,2025-07-19T12:00:00
205,213,2.6,2025-07-19T12:00:00
460,298,5.0,2025-07-19T12:00:00
89,123,3.6,2025-07-19T13:00:00
165,240,3.9,2025-07-19T13:00:00
221,162,4.1,2025-07-19T13:00:00
441,202,5.0,2025-07-19T13:00:00
321,5,3.6,2025-07-19T14:00:00
12,18,3.7,2025-07-19T15:00:00
107,74,5.0,2025-07-19T15:00:00
161,17,4.6,2025-07-19T15:00:00
413,224,4.5,2025-07-19T15:00:00
30,122,3.5,2025-07-19T16:00:00
80,148,2.9,2025-07-19T16:00:00
100,274,4.2,2025-07-19T16:00:00
219,103,3.8,2025-07-19T16:00:00
241,191,5.0,2025-07-19T16:00:00
462,300,3.7,2025-07-19T16:00:00
156,148,3.3,2025-07-19T17:00:00
268,148,4.6,2025-07-19T17:00:00
420,284,5.0,2025-07-19T17:00:00
466,223,4.3,2025-07-19T17:00:00
475,64,5.0,2025-07-19T17:00:00
60,293,5.0,2025-07-19T18:00:00
95,45,2.5,2025-07-19T18:00:00
409,161,4.0,2025-07-19T18:00:00
452,2,3.1,2025-07-19T18:00:00
54,155,3.7,2025-07-19T19:00:00
85,213,4.5,2025-07-19T19:00:00
122,165,4.1,2025-07-19T19:00:00
123,212,3.8,2025-07-19T19:00:00
181,126,3.6,2025-07-19T19:00:00
191,50,3.0,2025-07-19T19:00:00
282,152,3.8,2025-07-19T19:00:00
304,170,4.6,2025-07-19T19:00:00
371,6,5.0,2025-07-19T19:00:00
228,125,4.4,2025-07-19T20:00:00
459,179,4.1,2025-07-19T20:00:00
337,56,3.9,2025-07-19T21:00:00
420,286,5.0,2025-07-19T21:00:00
198,248,3.4,2025-07-19T22:00:00
333,176,5.0,2025-07-19T22:00:00
408,87,5.0,2025-07-19T22:00:00
14,266,4.2,2025-07-19T23:00:00
18,2,4.5,2025-07-19T23:00:00
41,31,2.7,2025-07-19T23:00:00
116,287,4.1,2025-07-19T23:00:00
184,213,4.2,2025-07-19T23:00:00
295,270,3.8,2025-07-19T23:00:00
385,160,4.3,2025-07-19T23:00:00
23,280,2.1,2025-07-20T00:00:00
189,266,5.0,2025-07-20T00:00:00
355,11,4.3,2025-07-20T00:00:00
68,280,3.6,2025-07-20T01:00:00
209,189,3.4,2025-07-20T01:00:00
265,235,5.0,2025-07-20T01:00:00
281,259,4.3,2025-07-20T01:00:00
294,216,4.4,2025-07-20T01:00:00
390,205,3.8,2025-07-20T01:00:00
402,25,3.6,2025-07-20T01:00:00
283,89,5.0,2025-07-20T02:00:00
494,291,3.8,2025-07-20T02:00:00
129,266,1.9,2025-07-20T03:00:00
135,158,5.0,2025-07-20T03:00:00
417,122,3.3,2025-07-20T03:00:00
2,287,3.8,2025-07-20T04:00:00
48,295,4.4,2025-07-20T04:00:00
92,163,4.5,2025-07-20T04:00:00
123,221,3.2,2025-07-20T04:00:00
378,297,2.9,2025-07-20T04:00:00
480,89,2.6,2025-07-20T04:00:00
23,96,4.4,2025-07-20T05:00:00
213,87,2.3,2025-07-20T05:00:00
423,246,4.3,2025-07-20T05:00:00
429,260,4.4,2025-07-20T05:00:00
320,1,3.3,2025-07-20T06:00:00
421,294,4.0,2025-07-20T06:00:00
494,176,3.8,2025-07-20T06:00:00
184,164,3.1,2025-07-20T07:00:00
288,165,3.9,2025-07-20T07:00:00
57,4,4.7,2025-07-20T08:00:00
217,48,3.7,2025-07-20T08:00:00
382,176,3.1,2025-07-20T08:00:00
385,122,3.4,2025-07-20T08:00:00
54,151,4.3,2025-07-20T09:00:00
95,41,3.2,2025-07-20T09:00:00
125,282,3.4,2025-07-20T09:00:00
148,160,4.7,2025-07-20T09:00:00
427,184,3.5,2025-07-20T09:00:00
489,300,3.8,2025-07-20T09:00:00
31,279,3.0,2025-07-20T10:00:00
387,48,3.9,2025-07-20T10:00:00
500,29,2.6,2025-07-20T10:00:00
251,285,3.4,2025-07-20T11:00:00
402,170,3.7,2025-07-20T11:00:00
448,87,4.8,2025-07-20T11:00:00
26,266,4.8,2025-07-20T12:00:00
67,280,2.6,2025-07-20T12:00:00
217,42,1.8,2025-07-20T12:00:00
331,274,3.6,2025-07-20T12:00:00
337,29,3.2,2025-07-20T12:00:00
417,243,4.1,2025-07-20T12:00:00
38,17,4.4,2025-07-20T13:00:00
122,250,4.9,2025-07-20T13:00:00
182,289,3.5,2025-07-20T13:00:00
9,197,3.6,2025-07-20T14:00:00
53,259,4.1,2025-07-20T14:00:00
80,251,3.7,2025-07-20T14:00:00
111,49,4.3,2025-07-20T14:00:00
153,78,3.9,2025-07-20T14:00:00
304,159,3.8,2025-07-20T14:00:00
321,291,4.0,2025-07-20T14:00:00
165,257,4.2,2025-07-20T15:00:00
45,149,5.0,2025-07-20T16:00:00
277,75,3.8,2025-07-20T16:00:00
287,143,3.9,2025-07-20T17:00:00
490,162,3.3,2025-07-20T17:00:00
38,45,5.0,2025-07-20T18:00:00
111,55,4.0,2025-07-20T18:00:00
153,52,5.0,2025-07-20T18:00:00
225,175,4.7,2025-07-20T18:00:00
289,161,4.7,2025-07-20T18:00:00
413,42,3.1,2025-07-20T18:00:00
448,181,4.2,2025-07-20T18:00:00
17,159,4.7,2025-07-20T19:00:00
105,279,3.6,2025-07-20T19:00:00
235,42,3.2,2025-07-20T19:00:00
288,265,3.3,2025-07-20T19:00:00
337,289,2.9,2025-07-20T19:00:00
181,258,4.9,2025-07-20T20:00:00
279,259,2.8,2025-07-20T20:00:00
294,206,4.1,2025-07-20T20:00:00
456,179,3.9,2025-07-20T20:00:00
12,12,3.3,2025-07-20T21:00:00
101,244,3.6,2025-07-20T21:00:00
303,205,4.7,2025-07-20T21:00:00
351,87,5.0,2025-07-20T21:00:00
144,45,2.1,2025-07-20T22:00:00
306,3,4.0,2025-07-20T22:00:00
438,31,4.6,2025-07-20T22:00:00
441,266,3.3,2025-07-20T22:00:00
198,244,2.6,2025-07-20T23:00:00
285,176,3.8,2025-07-20T23:00:00
224,189,2.2,2025-07-21T00:00:00
245,207,3.3,2025-07-21T00:00:00
307,44,3.8,2025-07-21T00:00:00
337,232,3.0,2025-07-21T00:00:00
56,162,3.8,2025-07-21T01:00:00
76,150,4.2,2025-07-21T01:00:00
161,45,4.6,2025-07-21T01:00:00
299,17,2.2,2025-07-21T01:00:00
355,127,5.0,2025-07-21T01:00:00
22,163,4.0,2025-07-21T03:00:00
68,55,3.8,2025-07-21T03:00:00
7,176,3.1,2025-07-21T04:00:00
23,219,2.7,2025-07-21T04:00:00
248,165,3.0,2025-07-21T04:00:00
281,45,3.7,2025-07-21T04:00:00
342,49,3.8,2025-07-21T04:00:00
125,283,3.0,2025-07-21T05:00:00
159,50,4.8,2025-07-21T05:00:00
262,243,4.7,2025-07-21T05:00:00
280,280,4.4,2025-07-21T05:00:00
298,122,3.7,2025-07-21T05:00:00
355,6,3.8,2025-07-21T05:00:00
250,131,3.0,2025-07-21T06:00:00
283,99,4.4,2025-07-21T06:00:00
475,57,3.3,2025-07-21T06:00:00
484,226,5.0,2025-07-21T06:00:00
89,120,3.6,2025-07-21T07:00:00
376,4,4.8,2025-07-21T07:00:00
34,108,4.0,2025-07-21T08:00:00
118,122,3.1,2025-07-21T08:00:00
249,94,5.0,2025-07-21T08:00:00
295,295,3.4,2025-07-21T08:00:00
346,189,4.1,2025-07-21T08:00:00
231,198,4.0,2025-07-21T09:00:00
388,152,3.6,2025-07-21T09:00:00
396,300,2.8,2025-07-21T09:00:00
423,42,2.5,2025-07-21T09:00:00
452,148,4.5,2025-07-21T09:00:00
217,209,3.7,2025-07-21T10:00:00
218,54,3.5,2025-07-21T10:00:00
44,2,3.3,2025-07-21T11:00:00
84,43,3.4,2025-07-21T11:00:00
100,300,4.1,2025-07-21T11:00:00
291,102,4.1,2025-07-21T11:00:00
85,266,2.7,2025-07-21T12:00:00
182,41,4.2,2025-07-21T12:00:00
361,263,4.3,2025-07-21T12:00:00
12,274,2.8,2025-07-21T13:00:00
95,172,3.7,2025-07-21T13:00:00
139,95,4.8,2025-07-21T13:00:00
282,164,4.4,2025-07-21T13:00:00
325,258,3.1,2025-07-21T13:00:00
342,164,4.5,2025-07-21T13:00:00
478,238,3.6,2025-07-21T13:00:00
54,186,4.2,2025-07-21T14:00:00
129,122,3.9,2025-07-21T14:00:00
153,67,4.0,2025-07-21T14:00:00
200,73,4.5,2025-07-21T14:00:00
279,260,2.4,2025-07-21T14:00:00
51,18,3.7,2025-07-21T15:00:00
245,161,2.8,2025-07-21T16:00:00
413,233,4.4,2025-07-21T16:00:00
48,246,3.5,2025-07-21T17:00:00
125,274,4.3,2025-07-21T17:00:00
327,259,3.7,2025-07-21T17:00:00
410,284,3.7,2025-07-21T17:00:00
418,191,5.0,2025-07-21T17:00:00
342,154,4.2,2025-07-21T18:00:00
156,10,4.3,2025-07-21T19:00:00
272,154,4.6,2025-07-21T19:00:00
315,7,3.8,2025-07-21T19:00:00
368,24,4.2,2025-07-21T19:00:00
455,170,4.5,2025-07-21T19:00:00
12,159,2.6,2025-07-21T20:00:00
181,46,3.6,2025-07-21T20:00:00
228,123,4.7,2025-07-21T20:00:00
251,39,5.0,2025-07-21T20:00:00
336,236,3.0,2025-07-21T20:00:00
349,38,4.5,2025-07-21T20:00:00
292,227,4.3,2025-07-21T21:00:00
364,270,5.0,2025-07-21T21:00:00
118,161,3.4,2025-07-21T22:00:00
331,198,4.0,2025-07-21T22:00:00
448,64,3.5,2025-07-21T22:00:00
49,15,4.0,2025-07-21T23:00:00
154,200,4.7,2025-07-21T23:00:00
210,294,4.5,2025-07-21T23:00:00
265,151,4.3,2025-07-21T23:00:00
388,284,3.5,2025-07-21T23:00:00
500,252,4.1,2025-07-21T23:00:00
34,40,3.8,2025-07-22T00:00:00
258,277,2.0,2025-07-22T00:00:00
390,141,5.0,2025-07-22T00:00:00
30,156,3.7,2025-07-22T01:00:00
106,172,4.4,2025-07-22T01:00:00
294,122,2.7,2025-07-22T01:00:00
466,189,2.5,2025-07-22T01:00:00
31,17,3.3,2025-07-22T02:00:00
110,226,3.8,2025-07-22T02:00:00
198,266,2.8,2025-07-22T02:00:00
8,13,3.5,2025-07-22T03:00:00
129,32,1.6,2025-07-22T03:00:00
421,267,4.1,2025-07-22T03:00:00
482,164,4.9,2025-07-22T03:00:00
38,29,3.8,2025-07-22T04:00:00
122,217,5.0,2025-07-22T04:00:00
176,166,3.8,2025-07-22T04:00:00
328,193,2.7,2025-07-22T04:00:00
378,108,4.6,2025-07-22T04:00:00
53,282,4.7,2025-07-22T05:00:00
396,74,3.0,2025-07-22T05:00:00
459,163,4.8,2025-07-22T05:00:00
62,9,2.7,2025-07-22T07:00:00
320,75,3.5,2025-07-22T07:00:00
14,178,4.2,2025-07-22T08:00:00
60,102,5.0,2025-07-22T08:00:00
159,164,3.8,2025-07-22T08:00:00
205,45,4.2,2025-07-22T08:00:00
249,71,4.7,2025-07-22T08:00:00
406,27,2.7,2025-07-22T08:00:00
200,78,4.3,2025-07-22T09:00:00
265,142,5.0,2025-07-22T09:00:00
283,122,3.8,2025-07-22T09:00:00
407,206,3.3,2025-07-22T09:00:00
420,148,4.6,2025-07-22T09:00:00
433,274,4.8,2025-07-22T09:00:00
33,272,4.4,2025-07-22T10:00:00
177,74,3.3,2025-07-22T10:00:00
248,89,4.9,2025-07-22T10:00:00
321,64,2.7,2025-07-22T10:00:00
258,154,2.4,2025-07-22T11:00:00
268,126,5.0,2025-07-22T11:00:00
7,148,4.2,2025-07-22T12:00:00
235,68,4.8,2025-07-22T12:00:00
247,46,5.0,2025-07-22T12:00:00
307,117,4.1,2025-07-22T12:00:00
477,127,3.4,2025-07-22T12:00:00
41,17,3.6,2025-07-22T13:00:00
314,249,4.6,2025-07-22T13:00:00
421,42,2.1,2025-07-22T13:00:00
484,242,2.9,2025-07-22T13:00:00
71,48,3.0,2025-07-22T14:00:00
17,183,5.0,2025-07-22T15:00:00
105,48,5.0,2025-07-22T15:00:00
224,82,3.5,2025-07-22T15:00:00
9,172,4.2,2025-07-22T16:00:00
29,155,3.3,2025-07-22T16:00:00
114,287,4.3,2025-07-22T16:00:00
388,153,4.3,2025-07-22T16:00:00
408,55,5.0,2025-07-22T16:00:00
441,257,4.1,2025-07-22T16:00:00
447,22,3.4,2025-07-22T16:00:00
135,53,4.0,2025-07-22T17:00:00
288,31,3.0,2025-07-22T17:00:00
333,200,5.0,2025-07-22T17:00:00
406,251,4.1,2025-07-22T17:00:00
126,274,3.8,2025-07-22T18:00:00
248,29,4.2,2025-07-22T18:00:00
285,156,4.9,2025-07-22T18:00:00
415,52,3.9,2025-07-22T18:00:00
490,232,3.2,2025-07-22T19:00:00
250,106,3.7,2025-07-22T20:00:00
191,182,3.6,2025-07-22T21:00:00
368,35,4.1,2025-07-22T21:00:00
49,182,3.6,2025-07-22T22:00:00
67,206,4.0,2025-07-22T22:00:00
387,18,4.2,2025-07-22T22:00:00
26,29,3.3,2025-07-22T23:00:00
71,209,2.2,2025-07-22T23:00:00
76,176,4.9,2025-07-22T23:00:00
111,209,4.7,2025-07-22T23:00:00
241,85,5.0,2025-07-22T23:00:00
247,29,5.0,2025-07-22T23:00:00
304,178,4.9,2025-07-22T23:00:00
105,42,5.0,2025-07-23T00:00:00
114,57,4.7,2025-07-23T00:00:00
133,153,3.5,2025-07-23T00:00:00
314,248,2.7,2025-07-23T00:00:00
366,266,4.9,2025-07-23T00:00:00
94,59,3.9,2025-07-23T01:00:00
297,246,3.0,2025-07-23T01:00:00
378,136,3.2,2025-07-23T01:00:00
383,109,2.5,2025-07-23T01:00:00
14,102,5.0,2025-07-23T02:00:00
265,75,4.0,2025-07-23T03:00:00
376,17,4.9,2025-07-23T03:00:00
385,247,3.0,2025-07-23T03:00:00
462,297,4.4,2025-07-23T03:00:00
219,101,5.0,2025-07-23T04:00:00
221,122,2.0,2025-07-23T04:00:00
292,203,4.8,2025-07-23T04:00:00
394,201,5.0,2025-07-23T04:00:00
409,153,3.3,2025-07-23T04:00:00
17,191,5.0,2025-07-23T05:00:00
33,253,4.9,2025-07-23T05:00:00
67,122,2.7,2025-07-23T05:00:00
411,96,5.0,2025-07-23T05:00:00
427,164,3.9,2025-07-23T05:00:00
18,3,5.0,2025-07-23T06:00:00
60,257,4.9,2025-07-23T06:00:00
383,206,2.3,2025-07-23T06:00:00
218,290,3.4,2025-07-23T07:00:00
238,280,4.6,2025-07-23T07:00:00
76,50,4.0,2025-07-23T08:00:00
382,208,3.8,2025-07-23T08:00:00
456,197,3.0,2025-07-23T08:00:00
12,82,2.0,2025-07-23T09:00:00
80,200,4.4,2025-07-23T09:00:00
279,265,2.8,2025-07-23T09:00:00
281,5,3.8,2025-07-23T09:00:00
101,249,3.1,2025-07-23T10:00:00
262,165,4.6,2025-07-23T10:00:00
287,144,5.0,2025-07-23T10:00:00
327,280,3.2,2025-07-23T10:00:00
148,280,3.6,2025-07-23T11:00:00
283,69,4.5,2025-07-23T11:00:00
337,161,2.4,2025-07-23T11:00:00
107,82,5.0,2025-07-23T12:00:00
225,172,5.0,2025-07-23T12:00:00
394,219,4.6,2025-07-23T12:00:00
460,283,4.8,2025-07-23T12:00:00
62,300,3.4,2025-07-23T13:00:00
125,295,4.4,2025-07-23T13:00:00
268,123,3.6,2025-07-23T13:00:00
306,45,4.3,2025-07-23T13:00:00
407,150,4.6,2025-07-23T13:00:00
45,57,3.3,2025-07-23T14:00:00
100,59,2.3,2025-07-23T14:00:00
154,182,4.3,2025-07-23T14:00:00
390,29,4.5,2025-07-23T14:00:00
418,187,5.0,2025-07-23T14:00:00
224,266,2.0,2025-07-23T15:00:00
247,9,4.7,2025-07-23T15:00:00
321,209,4.0,2025-07-23T15:00:00
60,263,5.0,2025-07-23T16:00:00
209,196,4.8,2025-07-23T16:00:00
371,102,5.0,2025-07-23T17:00:00
92,143,4.8,2025-07-23T18:00:00
176,216,2.5,2025-07-23T18:00:00
388,74,2.9,2025-07-23T18:00:00
390,280,3.8,2025-07-23T18:00:00
421,274,4.4,2025-07-23T18:00:00
44,10,3.8,2025-07-23T19:00:00
84,216,2.1,2025-07-23T19:00:00
291,7,3.8,2025-07-23T20:00:00
335,187,4.5,2025-07-23T20:00:00
355,36,3.2,2025-07-23T20:00:00
413,204,5.0,2025-07-23T20:00:00
228,122,3.1,2025-07-23T21:00:00
420,266,5.0,2025-07-23T21:00:00
484,224,3.9,2025-07-23T21:00:00
22,209,3.1,2025-07-23T22:00:00
139,108,5.0,2025-07-23T22:00:00
189,162,3.0,2025-07-23T22:00:00
314,219,3.7,2025-07-23T22:00:00
402,297,4.2,2025-07-23T22:00:00
62,188,3.3,2025-07-23T23:00:00
116,280,5.0,2025-07-23T23:00:00
184,246,4.3,2025-07-23T23:00:00
224,147,3.9,2025-07-23T23:00:00
448,72,3.8,2025-07-23T23:00:00
2,145,4.3,2025-07-24T00:00:00
123,262,3.0,2025-07-24T00:00:00
303,252,5.0,2025-07-24T00:00:00
410,296,3.4,2025-07-24T00:00:00
417,179,4.3,2025-07-24T00:00:00
57,14,3.9,2025-07-24T01:00:00
89,143,3.7,2025-07-24T01:00:00
106,5,5.0,2025-07-24T01:00:00
288,189,4.2,2025-07-24T01:00:00
295,249,3.1,2025-07-24T01:00:00
41,69,3.3,2025-07-24T03:00:00
452,4,5.0,2025-07-24T03:00:00
480,263,3.4,2025-07-24T03:00:00
213,6,2.5,2025-07-24T04:00:00
494,31,4.3,2025-07-24T04:00:00
165,75,2.9,2025-07-24T05:00:00
298,260,4.6,2025-07-24T05:00:00
423,204,4.2,2025-07-24T05:00:00
429,278,4.1,2025-07-24T05:00:00
438,92,3.1,2025-07-24T05:00:00
62,28,4.1,2025-07-24T06:00:00
133,210,3.3,2025-07-24T06:00:00
135,164,5.0,2025-07-24T06:00:00
181,271,3.8,2025-07-24T06:00:00
251,29,5.0,2025-07-24T06:00:00
67,45,2.2,2025-07-24T07:00:00
144,175,3.1,2025-07-24T07:00:00
402,88,2.7,2025-07-24T07:00:00
156,257,3.1,2025-07-24T08:00:00
277,85,4.2,2025-07-24T08:00:00
282,249,3.2,2025-07-24T08:00:00
490,212,4.2,2025-07-24T08:00:00
94,55,4.7,2025-07-24T09:00:00
327,180,3.6,2025-07-24T09:00:00
60,279,5.0,2025-07-24T10:00:00
161,109,4.0,2025-07-24T10:00:00
235,275,3.3,2025-07-24T10:00:00
361,124,4.3,2025-07-24T10:00:00
68,187,3.6,2025-07-24T11:00:00
116,257,3.2,2025-07-24T11:00:00
228,48,3.2,2025-07-24T11:00:00
281,280,4.8,2025-07-24T11:00:00
452,16,4.0,2025-07-24T11:00:00
459,257,3.5,2025-07-24T11:00:00
54,191,2.9,2025-07-24T12:00:00
262,182,4.5,2025-07-24T12:00:00
23,60,4.5,2025-07-24T13:00:00
85,246,5.0,2025-07-24T13:00:00
205,267,2.8,2025-07-24T13:00:00
351,292,5.0,2025-07-24T13:00:00
500,198,2.9,2025-07-24T13:00:00
14,62,5.0,2025-07-24T14:00:00
22,18,3.1,2025-07-24T14:00:00
122,244,4.4,2025-07-24T14:00:00
248,45,4.1,2025-07-24T14:00:00
289,198,5.0,2025-07-24T14:00:00
385,87,4.2,2025-07-24T14:00:00
409,231,2.9,2025-07-24T14:00:00
51,251,3.3,2025-07-24T15:00:00
200,35,4.2,2025-07-24T15:00:00
219,50,2.7,2025-07-24T15:00:00
272,68,4.0,2025-07-24T15:00:00
349,297,3.9,2025-07-24T15:00:00
407,89,3.5,2025-07-24T15:00:00
456,32,3.4,2025-07-24T15:00:00
231,74,4.2,2025-07-24T16:00:00
8,49,3.3,2025-07-24T17:00:00
33,201,4.1,2025-07-24T17:00:00
57,17,4.3,2025-07-24T17:00:00
299,122,4.4,2025-07-24T17:00:00
320,54,5.0,2025-07-24T17:00:00
177,176,2.5,2025-07-24T18:00:00
189,238,4.3,2025-07-24T18:00:00
217,12,3.6,2025-07-24T18:00:00
241,102,3.2,2025-07-24T18:00:00
251,103,4.2,2025-07-24T18:00:00
221,179,4.5,2025-07-24T19:00:00
315,29,4.7,2025-07-24T19:00:00
38,274,2.8,2025-07-24T20:00:00
56,181,5.0,2025-07-24T20:00:00
295,65,2.8,2025-07-24T20:00:00
30,164,3.2,2025-07-24T21:00:00
282,238,3.4,2025-07-24T21:00:00
394,204,3.8,2025-07-24T21:00:00
408,85,5.0,2025-07-24T21:00:00
176,210,3.1,2025-07-24T22:00:00
417,90,4.0,2025-07-24T22:00:00
294,249,5.0,2025-07-24T23:00:00
333,168,5.0,2025-07-24T23:00:00
364,259,5.0,2025-07-24T23:00:00
475,30,2.8,2025-07-24T23:00:00
23,164,3.1,2025-07-25T00:00:00
280,279,5.0,2025-07-25T00:00:00
328,42,3.3,2025-07-25T00:00:00
336,244,4.2,2025-07-25T00:00:00
346,178,3.2,2025-07-25T00:00:00
34,9,4.8,2025-07-25T01:00:00
129,132,2.8,2025-07-25T01:00:00
249,66,5.0,2025-07-25T01:00:00
297,108,3.5,2025-07-25T01:00:00
382,102,5.0,2025-07-25T01:00:00
394,208,5.0,2025-07-25T01:00:00
438,60,1.9,2025-07-25T01:00:00
478,267,2.1,2025-07-25T01:00:00
31,14,3.3,2025-07-25T02:00:00
165,280,4.2,2025-07-25T02:00:00
258,13,2.8,2025-07-25T02:00:00
368,94,3.0,2025-07-25T02:00:00
135,175,4.5,2025-07-25T03:00:00
303,74,4.2,2025-07-25T03:00:00
325,236,4.9,2025-07-25T03:00:00
455,56,4.8,2025-07-25T03:00:00
29,70,2.5,2025-07-25T04:00:00
110,234,3.9,2025-07-25T04:00:00
292,226,5.0,2025-07-25T04:00:00
304,189,3.6,2025-07-25T04:00:00
342,178,3.5,2025-07-25T04:00:00
49,16,3.8,2025-07-25T05:00:00
92,33,3.3,2025-07-25T05:00:00
378,133,3.3,2025-07-25T05:00:00
148,266,3.6,2025-07-25T06:00:00
281,10,3.0,2025-07-25T06:00:00
95,273,3.5,2025-07-25T07:00:00
200,13,4.2,2025-07-25T07:00:00
327,219,3.2,2025-07-25T07:00:00
7,135,4.7,2025-07-25T08:00:00
106,10,5.0,2025-07-25T08:00:00
210,74,5.0,2025-07-25T08:00:00
289,153,4.2,2025-07-25T08:00:00
331,42,2.6,2025-07-25T08:00:00
118,216,5.0,2025-07-25T09:00:00
176,79,3.5,2025-07-25T09:00:00
182,288,3.3,2025-07-25T09:00:00
272,184,3.5,2025-07-25T09:00:00
366,45,4.3,2025-07-25T09:00:00
2,108,3.6,2025-07-25T10:00:00
107,164,4.9,2025-07-25T10:00:00
287,126,4.5,2025-07-25T10:00:00
299,142,4.4,2025-07-25T10:00:00
337,66,4.2,2025-07-25T10:00:00
482,209,3.8,2025-07-25T10:00:00
447,31,3.1,2025-07-25T11:00:00
48,293,4.7,2025-07-25T12:00:00
126,196,3.9,2025-07-25T12:00:00
184,208,4.9,2025-07-25T13:00:00
279,263,3.0,2025-07-25T13:00:00
325,93,4.5,2025-07-25T13:00:00
245,105,4.7,2025-07-25T14:00:00
49,159,3.5,2025-07-25T15:00:00
105,50,5.0,2025-07-25T15:00:00
144,197,3.9,2025-07-25T15:00:00
249,122,3.8,2025-07-25T15:00:00
383,76,1.1,2025-07-25T15:00:00
429,295,5.0,2025-07-25T15:00:00
159,20,4.1,2025-07-25T16:00:00
198,17,3.4,2025-07-25T16:00:00
238,46,3.5,2025-07-25T16:00:00
410,122,2.8,2025-07-25T16:00:00
9,165,4.0,2025-07-25T17:00:00
315,10,4.5,2025-07-25T17:00:00
423,34,3.6,2025-07-25T18:00:00
462,145,2.7,2025-07-25T18:00:00
250,227,2.8,2025-07-25T19:00:00
289,183,4.7,2025-07-25T19:00:00
291,9,4.7,2025-07-25T19:00:00
413,11,3.8,2025-07-25T19:00:00
438,249,3.4,2025-07-25T19:00:00
123,249,3.2,2025-07-25T21:00:00
494,172,5.0,2025-07-25T21:00:00
17,197,5.0,2025-07-25T22:00:00
57,5,4.2,2025-07-25T22:00:00
415,92,4.8,2025-07-25T22:00:00
455,100,5.0,2025-07-25T22:00:00
14,238,4.7,2025-07-25T23:00:00
114,76,5.0,2025-07-25T23:00:00
314,70,1.9,2025-07-25T23:00:00
337,5,3.5,2025-07-25T23:00:00
342,122,3.5,2025-07-25T23:00:00
433,17,2.9,2025-07-25T23:00:00
438,122,2.7,2025-07-25T23:00:00
71,122,3.1,2025-07-26T00:00:00
125,32,3.5,2025-07-26T00:00:00
351,176,4.4,2025-07-26T00:00:00
366,209,4.3,2025-07-26T00:00:00
224,288,2.3,2025-07-26T01:00:00
31,74,3.6,2025-07-26T02:00:00
245,139,4.5,2025-07-26T02:00:00
421,155,4.3,2025-07-26T02:00:00
67,223,3.4,2025-07-26T03:00:00
191,181,3.6,2025-07-26T03:00:00
307,178,2.9,2025-07-26T03:00:00
361,15,3.8,2025-07-26T03:00:00
417,129,4.6,2025-07-26T03:00:00
480,197,3.4,2025-07-26T03:00:00
231,53,4.0,2025-07-26T04:00:00
368,28,3.2,2025-07-26T04:00:00
423,29,3.5,2025-07-26T04:00:00
475,96,3.5,2025-07-26T04:00:00
477,261,2.3,2025-07-26T04:00:00
17,162,4.8,2025-07-26T05:00:00
129,144,2.6,2025-07-26T05:00:00
441,5,2.6,2025-07-26T05:00:00
92,102,3.8,2025-07-26T06:00:00
217,23,2.6,2025-07-26T06:00:00
219,104,4.9,2025-07-26T06:00:00
26,208,5.0,2025-07-26T07:00:00
285,45,3.2,2025-07-26T07:00:00
406,222,2.6,2025-07-26T07:00:00
80,188,3.9,2025-07-26T08:00:00
283,75,4.7,2025-07-26T08:00:00
387,2,3.8,2025-07-26T08:00:00
76,184,4.4,2025-07-26T09:00:00
100,92,1.9,2025-07-26T09:00:00
181,28,3.9,2025-07-26T09:00:00
385,171,3.9,2025-07-26T09:00:00
408,77,4.4,2025-07-26T09:00:00
355,221,3.4,2025-07-26T10:00:00
448,88,4.7,2025-07-26T10:00:00
482,42,3.9,2025-07-26T10:00:00
51,162,3.4,2025-07-26T11:00:00
272,75,3.8,2025-07-26T11:00:00
388,163,4.3,2025-07-26T11:00:00
122,102,4.8,2025-07-26T12:00:00
213,68,2.2,2025-07-26T12:00:00
241,246,4.5,2025-07-26T12:00:00
456,74,2.8,2025-07-26T12:00:00
368,300,2.7,2025-07-26T13:00:00
371,42,4.8,2025-07-26T13:00:00
161,21,4.4,2025-07-26T14:00:00
335,41,1.8,2025-07-26T14:00:00
385,183,4.2,2025-07-26T14:00:00
460,246,4.5,2025-07-26T14:00:00
76,164,5.0,2025-07-26T15:00:00
176,188,2.7,2025-07-26T15:00:00
292,205,3.8,2025-07-26T15:00:00
394,227,4.7,2025-07-26T15:00:00
411,13,3.0,2025-07-26T15:00:00
268,23,3.2,2025-07-26T16:00:00
452,297,3.5,2025-07-26T16:00:00
459,170,3.8,2025-07-26T16:00:00
478,189,3.4,2025-07-26T16:00:00
494,160,4.0,2025-07-26T16:00:00
111,155,2.9,2025-07-26T17:00:00
427,148,4.1,2025-07-26T17:00:00
500,279,4.9,2025-07-26T17:00:00
265,237,4.1,2025-07-26T18:00:00
333,164,5.0,2025-07-26T19:00:00
349,25,4.4,2025-07-26T19:00:00
12,26,3.9,2025-07-26T20:00:00
116,122,3.3,2025-07-26T20:00:00
388,14,4.3,2025-07-26T20:00:00
18,44,5.0,2025-07-26T21:00:00
218,150,4.6,2025-07-26T21:00:00
221,191,3.3,2025-07-26T22:00:00
225,276,4.3,2025-07-26T22:00:00
287,136,4.4,2025-07-26T22:00:00
325,226,4.6,2025-07-26T22:00:00
17,153,4.0,2025-07-26T23:00:00
101,48,2.1,2025-07-26T23:00:00
304,266,3.9,2025-07-26T23:00:00
71,149,4.3,2025-07-27T00:00:00
408,97,4.4,2025-07-27T00:00:00
2,42,3.5,2025-07-27T01:00:00
18,18,4.5,2025-07-27T01:00:00
30,182,3.1,2025-07-27T01:00:00
135,165,4.9,2025-07-27T01:00:00
247,258,4.5,2025-07-27T01:00:00
378,179,3.5,2025-07-27T01:00:00
288,102,3.1,2025-07-27T02:00:00
482,172,5.0,2025-07-27T02:00:00
12,1,3.1,2025-07-27T03:00:00
231,178,4.4,2025-07-27T04:00:00
289,165,4.5,2025-07-27T04:00:00
306,18,3.7,2025-07-27T04:00:00
89,17,2.8,2025-07-27T05:00:00
228,142,4.1,2025-07-27T05:00:00
420,264,4.8,2025-07-27T05:00:00
408,129,3.9,2025-07-27T06:00:00
139,45,4.1,2025-07-27T07:00:00
189,122,4.1,2025-07-27T07:00:00
484,204,4.2,2025-07-27T07:00:00
181,275,3.9,2025-07-27T08:00:00
205,280,3.0,2025-07-27T08:00:00
349,209,4.1,2025-07-27T08:00:00
351,223,5.0,2025-07-27T08:00:00
44,18,4.0,2025-07-27T09:00:00
209,197,4.6,2025-07-27T09:00:00
224,89,1.6,2025-07-27T09:00:00
390,128,4.5,2025-07-27T09:00:00
48,280,4.6,2025-07-27T10:00:00
56,188,3.4,2025-07-27T10:00:00
68,245,3.7,2025-07-27T10:00:00
105,11,5.0,2025-07-27T10:00:00
421,285,4.0,2025-07-27T10:00:00
299,193,3.0,2025-07-27T11:00:00
413,122,2.8,2025-07-27T11:00:00
418,166,5.0,2025-07-27T11:00:00
184,206,2.5,2025-07-27T12:00:00
210,193,4.0,2025-07-27T12:00:00
228,129,4.7,2025-07-27T12:00:00
459,166,4.9,2025-07-27T12:00:00
2,277,4.0,2025-07-27T13:00:00
54,79,2.6,2025-07-27T13:00:00
62,49,3.5,2025-07-27T13:00:00
156,249,4.8,2025-07-27T13:00:00
321,248,4.3,2025-07-27T13:00:00
161,46,4.0,2025-07-27T14:00:00
213,195,3.6,2025-07-27T14:00:00
320,64,4.9,2025-07-27T14:00:00
292,228,5.0,2025-07-27T15:00:00
366,161,4.3,2025-07-27T15:00:00
448,127,2.1,2025-07-27T15:00:00
84,5,4.4,2025-07-27T16:00:00
101,203,2.8,2025-07-27T16:00:00
110,230,3.8,2025-07-27T16:00:00
248,17,5.0,2025-07-27T16:00:00
388,242,2.1,2025-07-27T16:00:00
125,261,3.4,2025-07-27T17:00:00
177,196,4.2,2025-07-27T17:00:00
198,211,2.7,2025-07-27T17:00:00
225,184,3.7,2025-07-27T18:00:00
262,216,4.3,2025-07-27T18:00:00
304,198,3.9,2025-07-27T18:00:00
315,36,4.0,2025-07-27T18:00:00
351,31,4.1,2025-07-27T18:00:00
462,155,1.4,2025-07-27T18:00:00
320,127,4.4,2025-07-27T19:00:00
355,188,3.9,2025-07-27T19:00:00
382,128,5.0,2025-07-27T19:00:00
60,134,5.0,2025-07-27T20:00:00
219,148,4.5,2025-07-27T20:00:00
294,87,4.0,2025-07-27T20:00:00
402,258,4.3,2025-07-27T20:00:00
433,91,4.2,2025-07-27T20:00:00
38,11,5.0,2025-07-27T21:00:00
48,288,4.5,2025-07-27T21:00:00
95,197,3.8,2025-07-27T21:00:00
182,34,4.5,2025-07-27T21:00:00
250,111,3.1,2025-07-27T21:00:00
459,158,4.9,2025-07-27T21:00:00
249,60,3.8,2025-07-27T23:00:00
265,244,4.4,2025-07-27T23:00:00
84,250,3.4,2025-07-28T00:00:00
139,94,5.0,2025-07-28T00:00:00
364,267,5.0,2025-07-28T00:00:00
433,299,4.9,2025-07-28T00:00:00
56,190,5.0,2025-07-28T01:00:00
303,253,5.0,2025-07-28T01:00:00
331,89,2.4,2025-07-28T01:00:00
410,293,4.1,2025-07-28T01:00:00
500,122,2.6,2025-07-28T01:00:00
114,58,4.6,2025-07-28T02:00:00
209,153,4.2,2025-07-28T02:00:00
277,90,3.4,2025-07-28T02:00:00
291,29,4.0,2025-07-28T02:00:00
383,148,2.7,2025-07-28T02:00:00
438,10,3.3,2025-07-28T02:00:00
9,186,4.7,2025-07-28T03:00:00
122,216,4.5,2025-07-28T03:00:00
148,216,3.7,2025-07-28T03:00:00
184,176,2.5,2025-07-28T03:00:00
235,166,3.3,2025-07-28T03:00:00
366,229,4.7,2025-07-28T03:00:00
8,292,3.1,2025-07-28T04:00:00
85,48,3.8,2025-07-28T04:00:00
94,87,5.0,2025-07-28T04:00:00
415,97,4.7,2025-07-28T04:00:00
111,75,4.3,2025-07-28T05:00:00
123,250,2.1,2025-07-28T05:00:00
144,187,4.0,2025-07-28T05:00:00
328,29,3.6,2025-07-28T05:00:00
349,32,4.6,2025-07-28T05:00:00
402,284,4.0,2025-07-28T05:00:00
407,257,2.9,2025-07-28T05:00:00
441,241,4.3,2025-07-28T05:00:00
251,266,2.4,2025-07-28T06:00:00
118,45,4.1,2025-07-28T07:00:00
281,13,4.8,2025-07-28T07:00:00
460,153,5.0,2025-07-28T07:00:00
34,246,3.0,2025-07-28T08:00:00
57,1,5.0,2025-07-28T08:00:00
116,290,3.9,2025-07-28T08:00:00
129,209,2.8,2025-07-28T08:00:00
22,74,3.4,2025-07-28T09:00:00
282,165,3.3,2025-07-28T09:00:00
287,123,4.7,2025-07-28T09:00:00
95,260,2.3,2025-07-28T10:00:00
165,253,5.0,2025-07-28T10:00:00
241,75,4.6,2025-07-28T10:00:00
126,247,5.0,2025-07-28T11:00:00
482,34,3.3,2025-07-28T11:00:00
33,89,3.3,2025-07-28T12:00:00
320,187,3.2,2025-07-28T12:00:00
84,102,3.2,2025-07-28T13:00:00
200,46,4.3,2025-07-28T13:00:00
247,266,2.9,2025-07-28T13:00:00
371,29,5.0,2025-07-28T13:00:00
30,189,3.7,2025-07-28T14:00:00
60,274,4.4,2025-07-28T14:00:00
94,6,3.8,2025-07-28T14:00:00
129,145,2.7,2025-07-28T14:00:00
265,209,4.0,2025-07-28T14:00:00
351,221,4.9,2025-07-28T14:00:00
409,162,4.3,2025-07-28T14:00:00
2,179,2.9,2025-07-28T15:00:00
417,262,4.5,2025-07-28T15:00:00
49,2,3.5,2025-07-28T16:00:00
333,180,4.7,2025-07-28T16:00:00
477,57,3.9,2025-07-28T16:00:00
159,277,2.7,2025-07-28T17:00:00
231,161,3.3,2025-07-28T17:00:00
272,89,4.1,2025-07-28T17:00:00
371,34,4.9,2025-07-28T17:00:00
421,280,4.2,2025-07-28T17:00:00
12,244,3.0,2025-07-28T18:00:00
111,18,5.0,2025-07-28T18:00:00
139,104,4.4,2025-07-28T18:00:00
219,181,4.8,2025-07-28T18:00:00
235,229,4.6,2025-07-28T18:00:00
342,189,4.7,2025-07-28T18:00:00
54,166,4.4,2025-07-28T19:00:00
314,244,3.4,2025-07-28T19:00:00
327,62,4.2,2025-07-28T19:00:00
452,37,4.2,2025-07-28T19:00:00
18,279,3.8,2025-07-28T20:00:00
60,42,4.6,2025-07-28T20:00:00
177,75,3.8,2025-07-28T20:00:00
295,272,5.0,2025-07-28T20:00:00
321,212,2.9,2025-07-28T20:00:00
385,98,4.3,2025-07-28T20:00:00
408,172,4.3,2025-07-28T20:00:00
2,272,3.8,2025-07-28T21:00:00
224,145,3.4,2025-07-28T21:00:00
228,198,4.9,2025-07-28T21:00:00
297,86,2.4,2025-07-28T21:00:00
191,190,4.5,2025-07-28T22:00:00
280,285,5.0,2025-07-28T22:00:00
29,225,2.8,2025-07-28T23:00:00
94,67,5.0,2025-07-28T23:00:00
258,291,1.8,2025-07-28T23:00:00
48,268,3.6,2025-07-29T00:00:00
336,277,3.5,2025-07-29T00:00:00
346,197,4.5,2025-07-29T00:00:00
279,292,4.3,2025-07-29T01:00:00
394,263,3.2,2025-07-29T01:00:00
475,48,4.0,2025-07-29T01:00:00
14,55,5.0,2025-07-29T02:00:00
106,9,4.7,2025-07-29T02:00:00
281,172,3.7,2025-07-29T02:00:00
283,238,3.9,2025-07-29T02:00:00
387,267,1.6,2025-07-29T02:00:00
26,285,4.0,2025-07-29T03:00:00
262,194,5.0,2025-07-29T03:00:00
288,167,2.8,2025-07-29T03:00:00
304,74,2.9,2025-07-29T03:00:00
107,161,4.9,2025-07-29T04:00:00
335,189,4.5,2025-07-29T04:00:00
355,3,4.3,2025-07-29T04:00:00
413,250,4.0,2025-07-29T04:00:00
238,298,4.5,2025-07-29T05:00:00
368,12,3.2,2025-07-29T05:00:00
295,267,3.4,2025-07-29T06:00:00
427,118,4.1,2025-07-29T06:00:00
14,249,5.0,2025-07-29T07:00:00
22,184,4.4,2025-07-29T07:00:00
101,240,3.4,2025-07-29T07:00:00
92,115,4.7,2025-07-29T08:00:00
165,141,3.6,2025-07-29T08:00:00
291,11,4.0,2025-07-29T08:00:00
331,161,3.5,2025-07-29T08:00:00
447,197,2.2,2025-07-29T08:00:00
217,34,3.3,2025-07-29T09:00:00
364,266,5.0,2025-07-29T09:00:00
51,55,4.4,2025-07-29T10:00:00
285,189,3.8,2025-07-29T10:00:00
38,212,3.7,2025-07-29T11:00:00
198,89,2.1,2025-07-29T11:00:00
209,180,4.5,2025-07-29T11:00:00
307,198,2.9,2025-07-29T11:00:00
116,259,3.7,2025-07-29T12:00:00
438,41,4.5,2025-07-29T12:00:00
336,279,3.2,2025-07-29T13:00:00
411,242,3.5,2025-07-29T13:00:00
228,248,2.8,2025-07-29T14:00:00
245,102,4.7,2025-07-29T14:00:00
452,108,3.9,2025-07-29T14:00:00
29,126,3.5,2025-07-29T15:00:00
105,29,4.3,2025-07-29T15:00:00
114,184,4.0,2025-07-29T15:00:00
122,175,3.5,2025-07-29T15:00:00
406,122,3.1,2025-07-29T15:00:00
478,89,5.0,2025-07-29T15:00:00
17,187,5.0,2025-07-29T16:00:00
144,137,3.2,2025-07-29T16:00:00
156,102,3.4,2025-07-29T16:00:00
231,183,3.9,2025-07-29T16:00:00
331,180,4.3,2025-07-29T16:00:00
415,75,2.9,2025-07-29T16:00:00
494,155,3.8,2025-07-29T16:00:00
111,64,4.8,2025-07-29T17:00:00
325,30,3.0,2025-07-29T17:00:00
455,141,4.3,2025-07-29T17:00:00
228,140,4.6,2025-07-29T19:00:00
289,172,4.4,2025-07-29T19:00:00
49,49,4.3,2025-07-29T20:00:00
76,154,3.8,2025-07-29T20:00:00
320,108,3.8,2025-07-29T20:00:00
182,130,2.5,2025-07-29T21:00:00
165,256,5.0,2025-07-29T22:00:00
213,277,2.7,2025-07-29T22:00:00
297,138,3.9,2025-07-29T22:00:00
80,178,4.7,2025-07-29T23:00:00
129,29,3.3,2025-07-29T23:00:00
225,173,2.8,2025-07-29T23:00:00
144,27,2.5,2025-07-30T00:00:00
268,74,3.4,2025-07-30T00:00:00
368,196,3.4,2025-07-30T00:00:00
30,160,5.0,2025-07-30T01:00:00
480,22,4.5,2025-07-30T01:00:00
22,55,2.7,2025-07-30T02:00:00
95,269,3.4,2025-07-30T02:00:00
409,189,4.2,2025-07-30T02:00:00
221,189,3.8,2025-07-30T03:00:00
126,228,5.0,2025-07-30T04:00:00
385,188,4.2,2025-07-30T04:00:00
85,142,2.6,2025-07-30T05:00:00
218,200,4.4,2025-07-30T05:00:00
295,289,3.3,2025-07-30T05:00:00
383,137,1.9,2025-07-30T05:00:00
390,153,5.0,2025-07-30T05:00:00
418,176,5.0,2025-07-30T05:00:00
30,178,5.0,2025-07-30T06:00:00
100,287,3.9,2025-07-30T06:00:00
306,284,3.0,2025-07-30T06:00:00
139,123,5.0,2025-07-30T07:00:00
291,2,3.8,2025-07-30T07:00:00
407,113,3.7,2025-07-30T07:00:00
408,262,3.8,2025-07-30T07:00:00
221,27,2.9,2025-07-30T08:00:00
303,292,5.0,2025-07-30T08:00:00
402,279,4.1,2025-07-30T08:00:00
282,281,1.9,2025-07-30T09:00:00
287,202,2.6,2025-07-30T09:00:00
417,249,3.5,2025-07-30T10:00:00
420,277,5.0,2025-07-30T10:00:00
456,22,3.5,2025-07-30T10:00:00
181,29,3.7,2025-07-30T11:00:00
291,1,4.7,2025-07-30T11:00:00
292,250,4.4,2025-07-30T11:00:00
378,153,3.1,2025-07-30T11:00:00
500,295,3.0,2025-07-30T11:00:00
68,223,5.0,2025-07-30T12:00:00
247,2,4.7,2025-07-30T12:00:00
355,138,5.0,2025-07-30T12:00:00
213,29,3.1,2025-07-30T13:00:00
382,105,5.0,2025-07-30T13:00:00
161,31,3.5,2025-07-30T14:00:00
210,58,4.6,2025-07-30T14:00:00
48,289,4.5,2025-07-30T15:00:00
56,216,3.2,2025-07-30T15:00:00
89,133,4.4,2025-07-30T15:00:00
159,17,4.4,2025-07-30T15:00:00
294,209,5.0,2025-07-30T15:00:00
71,89,2.4,2025-07-30T16:00:00
118,42,3.7,2025-07-30T16:00:00
165,270,4.9,2025-07-30T16:00:00
307,121,3.1,2025-07-30T16:00:00
421,159,4.3,2025-07-30T16:00:00
448,246,3.0,2025-07-30T16:00:00
139,281,3.4,2025-07-30T17:00:00
411,161,4.2,2025-07-30T17:00:00
2,243,2.4,2025-07-30T18:00:00
228,280,3.3,2025-07-30T18:00:00
351,70,5.0,2025-07-30T18:00:00
385,267,4.0,2025-07-30T18:00:00
456,210,3.0,2025-07-30T18:00:00
57,49,5.0,2025-07-30T19:00:00
407,246,3.2,2025-07-30T19:00:00
9,164,4.6,2025-07-30T20:00:00
101,206,1.7,2025-07-30T20:00:00
159,4,4.2,2025-07-30T20:00:00
460,164,3.8,2025-07-30T20:00:00
477,198,2.4,2025-07-30T20:00:00
148,155,4.0,2025-07-30T21:00:00
191,156,3.8,2025-07-30T21:00:00
335,159,5.0,2025-07-30T21:00:00
484,45,4.0,2025-07-30T21:00:00
62,15,3.2,2025-07-30T22:00:00
248,96,4.3,2025-07-30T22:00:00
462,257,2.0,2025-07-30T22:00:00
100,293,3.5,2025-07-30T23:00:00
135,74,3.4,2025-07-30T23:00:00
181,17,3.2,2025-07-30T23:00:00
307,176,4.1,2025-07-30T23:00:00
328,104,4.9,2025-07-30T23:00:00
351,233,5.0,2025-07-30T23:00:00
38,10,5.0,2025-07-31T00:00:00
89,212,4.1,2025-07-31T00:00:00
294,182,3.9,2025-07-31T00:00:00
459,17,3.8,2025-07-31T00:00:00
189,291,5.0,2025-07-31T01:00:00
245,245,3.5,2025-07-31T01:00:00
251,150,3.3,2025-07-31T01:00:00
49,38,5.0,2025-07-31T02:00:00
92,74,2.4,2025-07-31T02:00:00
385,244,2.3,2025-07-31T02:00:00
30,176,4.6,2025-07-31T03:00:00
54,122,4.1,2025-07-31T03:00:00
205,105,2.8,2025-07-31T03:00:00
441,297,4.5,2025-07-31T03:00:00
482,184,5.0,2025-07-31T03:00:00
9,189,4.0,2025-07-31T05:00:00
228,189,4.8,2025-07-31T05:00:00
366,212,4.5,2025-07-31T05:00:00
410,6,2.6,2025-07-31T05:00:00
218,149,4.4,2025-07-31T06:00:00
418,198,4.1,2025-07-31T06:00:00
76,170,2.8,2025-07-31T07:00:00
224,164,2.4,2025-07-31T07:00:00
262,281,4.1,2025-07-31T07:00:00
209,266,2.6,2025-07-31T08:00:00
235,222,4.5,2025-07-31T08:00:00
299,277,2.8,2025-07-31T08:00:00
258,44,2.7,2025-07-31T09:00:00
18,166,3.2,2025-07-31T10:00:00
320,164,3.5,2025-07-31T10:00:00
51,145,4.3,2025-07-31T11:00:00
84,89,2.0,2025-07-31T11:00:00
364,291,5.0,2025-07-31T11:00:00
478,212,3.7,2025-07-31T11:00:00
2,161,3.1,2025-07-31T12:00:00
33,243,3.9,2025-07-31T12:00:00
110,55,3.9,2025-07-31T13:00:00
224,109,3.4,2025-07-31T13:00:00
349,171,3.2,2025-07-31T13:00:00
95,145,2.3,2025-07-31T14:00:00
406,279,2.9,2025-07-31T14:00:00
407,120,4.8,2025-07-31T14:00:00
420,169,3.3,2025-07-31T14:00:00
480,122,3.8,2025-07-31T14:00:00
49,36,4.8,2025-07-31T15:00:00
123,224,4.5,2025-07-31T15:00:00
189,279,4.8,2025-07-31T15:00:00
241,187,4.8,2025-07-31T15:00:00
287,268,2.7,2025-07-31T15:00:00
452,45,4.0,2025-07-31T15:00:00
34,150,4.7,2025-07-31T16:00:00
125,27,3.9,2025-07-31T16:00:00
281,36,3.5,2025-07-31T16:00:00
315,20,4.3,2025-07-31T16:00:00
342,160,2.9,2025-07-31T16:00:00
447,122,1.9,2025-07-31T16:00:00
60,284,4.9,2025-07-31T17:00:00
126,52,4.7,2025-07-31T17:00:00
335,164,4.1,2025-07-31T17:00:00
114,267,3.0,2025-07-31T18:00:00
129,299,1.1,2025-07-31T18:00:00
219,249,4.3,2025-07-31T18:00:00
249,85,4.3,2025-07-31T18:00:00
411,111,4.0,2025-07-31T18:00:00
299,114,4.2,2025-07-31T19:00:00
106,2,5.0,2025-07-31T21:00:00
184,78,2.1,2025-07-31T21:00:00
304,182,4.8,2025-07-31T21:00:00
366,279,4.8,2025-07-31T21:00:00
407,209,3.8,2025-07-31T21:00:00
455,193,4.9,2025-07-31T21:00:00
413,244,4.5,2025-07-31T22:00:00
205,109,3.3,2025-07-31T23:00:00
327,249,4.2,2025-07-31T23:00:00
385,197,3.5,2025-07-31T23:00:00
116,279,4.0,2025-08-01T00:00:00
421,290,3.1,2025-08-01T00:00:00
494,197,5.0,2025-08-01T00:00:00
84,238,2.7,2025-08-01T01:00:00
111,233,2.8,2025-08-01T01:00:00
106,8,5.0,2025-08-01T02:00:00
321,245,3.7,2025-08-01T02:00:00
371,3,5.0,2025-08-01T02:00:00
8,284,3.4,2025-08-01T03:00:00
12,5,4.1,2025-08-01T03:00:00
135,21,4.1,2025-08-01T03:00:00
245,137,5.0,2025-08-01T03:00:00
144,207,3.3,2025-08-01T04:00:00
272,70,3.9,2025-08-01T04:00:00
279,280,3.3,2025-08-01T04:00:00
280,257,4.1,2025-08-01T04:00:00
482,74,2.6,2025-08-01T05:00:00
231,192,4.2,2025-08-01T06:00:00
427,249,4.2,2025-08-01T06:00:00
29,52,3.8,2025-08-01T08:00:00
80,155,3.8,2025-08-01T08:00:00
159,66,3.1,2025-08-01T08:00:00
336,262,3.1,2025-08-01T08:00:00
177,99,3.7,2025-08-01T09:00:00
200,57,5.0,2025-08-01T09:00:00
314,277,1.4,2025-08-01T09:00:00
394,235,4.0,2025-08-01T09:00:00
333,193,5.0,2025-08-01T10:00:00
415,10,3.9,2025-08-01T10:00:00
475,92,4.2,2025-08-01T10:00:00
85,29,3.9,2025-08-01T11:00:00
123,201,3.5,2025-08-01T11:00:00
452,6,5.0,2025-08-01T11:00:00
198,283,1.8,2025-08-01T12:00:00
219,128,4.4,2025-08-01T12:00:00
265,233,5.0,2025-08-01T12:00:00
105,10,5.0,2025-08-01T13:00:00
235,250,4.6,2025-08-01T13:00:00
268,144,4.5,2025-08-01T13:00:00
89,266,3.5,2025-08-01T14:00:00
238,122,3.4,2025-08-01T14:00:00
249,10,3.1,2025-08-01T14:00:00
279,277,3.8,2025-08-01T14:00:00
94,100,5.0,2025-08-01T15:00:00
118,4,4.8,2025-08-01T15:00:00
182,277,3.1,2025-08-01T15:00:00
262,183,5.0,2025-08-01T15:00:00
107,122,3.5,2025-08-01T16:00:00
217,45,3.4,2025-08-01T16:00:00
288,78,4.0,2025-08-01T16:00:00
346,153,3.3,2025-08-01T16:00:00
371,89,3.2,2025-08-01T16:00:00
17,216,3.5,2025-08-01T17:00:00
54,187,4.0,2025-08-01T17:00:00
122,25,3.7,2025-08-01T17:00:00
225,171,4.6,2025-08-01T17:00:00
411,214,4.5,2025-08-01T17:00:00
438,48,3.8,2025-08-01T17:00:00
9,195,4.0,2025-08-01T18:00:00
62,165,2.4,2025-08-01T19:00:00
281,214,3.6,2025-08-01T19:00:00
421,257,4.8,2025-08-01T19:00:00
89,219,4.1,2025-08-01T20:00:00
210,291,4.7,2025-08-01T20:00:00
249,55,3.6,2025-08-01T20:00:00
459,155,4.6,2025-08-01T21:00:00
26,249,4.7,2025-08-01T22:00:00
101,238,2.8,2025-08-01T22:00:00
306,117,3.4,2025-08-01T22:00:00
135,161,5.0,2025-08-01T23:00:00
48,122,2.6,2025-08-02T00:00:00
76,159,3.7,2025-08-02T00:00:00
156,6,5.0,2025-08-02T00:00:00
297,186,3.5,2025-08-02T00:00:00
387,29,3.3,2025-08-02T00:00:00
438,74,3.7,2025-08-02T00:00:00
9,188,3.8,2025-08-02T01:00:00
224,42,3.3,2025-08-02T01:00:00
331,165,3.1,2025-08-02T01:00:00
441,10,2.7,2025-08-02T01:00:00
165,288,3.8,2025-08-02T02:00:00
209,274,3.0,2025-08-02T02:00:00
333,74,3.0,2025-08-02T02:00:00
114,91,4.2,2025-08-02T03:00:00
335,163,4.6,2025-08-02T03:00:00
85,209,4.8,2025-08-02T04:00:00
355,20,4.3,2025-08-02T04:00:00
421,190,4.1,2025-08-02T04:00:00
294,238,4.4,2025-08-02T05:00:00
417,186,3.6,2025-08-02T05:00:00
291,13,4.1,2025-08-02T06:00:00
413,167,4.5,2025-08-02T06:00:00
57,74,3.0,2025-08-02T07:00:00
107,153,5.0,2025-08-02T07:00:00
282,62,2.5,2025-08-02T07:00:00
295,252,4.1,2025-08-02T07:00:00
382,111,4.3,2025-08-02T07:00:00
126,18,4.0,2025-08-02T08:00:00
38,34,4.9,2025-08-02T09:00:00
89,165,3.3,2025-08-02T09:00:00
299,74,2.8,2025-08-02T09:00:00
285,183,3.3,2025-08-02T10:00:00
289,186,4.4,2025-08-02T10:00:00
325,216,3.7,2025-08-02T10:00:00
328,70,4.2,2025-08-02T10:00:00
378,266,1.0,2025-08-02T10:00:00
57,86,2.4,2025-08-02T11:00:00
213,185,4.1,2025-08-02T11:00:00
221,176,2.6,2025-08-02T11:00:00
248,8,4.2,2025-08-02T11:00:00
462,171,2.5,2025-08-02T11:00:00
368,37,3.9,2025-08-02T12:00:00
438,4,2.5,2025-08-02T12:00:00
22,102,3.1,2025-08-02T13:00:00
126,210,5.0,2025-08-02T13:00:00
241,129,4.3,2025-08-02T13:00:00
265,238,5.0,2025-08-02T13:00:00
477,94,4.5,2025-08-02T13:00:00
448,55,5.0,2025-08-02T15:00:00
165,269,4.0,2025-08-02T16:00:00
231,184,3.5,2025-08-02T16:00:00
218,123,5.0,2025-08-02T17:00:00
238,176,4.3,2025-08-02T17:00:00
248,122,2.4,2025-08-02T17:00:00
383,285,2.4,2025-08-02T17:00:00
409,164,3.0,2025-08-02T17:00:00
30,74,2.8,2025-08-02T18:00:00
408,76,5.0,2025-08-02T18:00:00
18,257,4.2,2025-08-02T19:00:00
33,257,4.9,2025-08-02T19:00:00
71,39,3.3,2025-08-02T19:00:00
247,47,5.0,2025-08-02T19:00:00
262,129,2.9,2025-08-02T20:00:00
291,94,2.8,2025-08-02T20:00:00
294,89,5.0,2025-08-02T20:00:00
209,200,4.6,2025-08-02T21:00:00
231,55,4.3,2025-08-02T21:00:00
477,99,3.4,2025-08-02T21:00:00
139,201,4.7,2025-08-02T22:00:00
228,187,4.5,2025-08-02T22:00:00
303,150,4.8,2025-08-02T22:00:00
306,140,4.6,2025-08-02T22:00:00
460,55,5.0,2025-08-02T23:00:00
95,156,3.4,2025-08-03T00:00:00
182,169,3.1,2025-08-03T00:00:00
364,271,5.0,2025-08-03T00:00:00
500,189,2.6,2025-08-03T00:00:00
60,119,5.0,2025-08-03T01:00:00
258,189,1.6,2025-08-03T01:00:00
292,245,4.5,2025-08-03T01:00:00
456,112,2.4,2025-08-03T01:00:00
56,196,3.9,2025-08-03T02:00:00
299,219,1.8,2025-08-03T02:00:00
366,122,4.2,2025-08-03T02:00:00
402,70,3.5,2025-08-03T02:00:00
475,252,3.1,2025-08-03T02:00:00
106,36,5.0,2025-08-03T03:00:00
107,182,5.0,2025-08-03T03:00:00
118,74,4.0,2025-08-03T03:00:00
111,20,4.5,2025-08-03T04:00:00
390,161,5.0,2025-08-03T04:00:00
159,189,4.0,2025-08-03T05:00:00
76,195,4.2,2025-08-03T06:00:00
315,1,4.4,2025-08-03T06:00:00
34,188,4.5,2025-08-03T07:00:00
148,162,3.6,2025-08-03T07:00:00
478,277,2.9,2025-08-03T07:00:00
484,50,2.7,2025-08-03T07:00:00
8,264,1.8,2025-08-03T08:00:00
110,29,3.7,2025-08-03T08:00:00
409,123,4.5,2025-08-03T09:00:00
447,277,1.8,2025-08-03T09:00:00
500,266,3.1,2025-08-03T09:00:00
161,42,4.1,2025-08-03T10:00:00
221,257,3.1,2025-08-03T10:00:00
394,211,3.6,2025-08-03T10:00:00
68,188,4.0,2025-08-03T11:00:00
181,267,3.9,2025-08-03T11:00:00
184,248,3.5,2025-08-03T11:00:00
328,149,3.6,2025-08-03T11:00:00
56,159,3.6,2025-08-03T12:00:00
228,279,3.6,2025-08-03T12:00:00
272,87,5.0,2025-08-03T12:00:00
351,122,5.0,2025-08-03T12:00:00
198,189,4.2,2025-08-03T13:00:00
251,18,4.1,2025-08-03T13:00:00
314,215,4.3,2025-08-03T13:00:00
346,157,4.5,2025-08-03T13:00:00
378,292,1.6,2025-08-03T13:00:00
303,276,5.0,2025-08-03T14:00:00
455,197,5.0,2025-08-03T14:00:00
12,178,2.3,2025-08-03T15:00:00
51,108,4.3,2025-08-03T15:00:00
94,82,5.0,2025-08-03T15:00:00
177,161,4.2,2025-08-03T15:00:00
258,272,1.2,2025-08-03T15:00:00
307,103,4.0,2025-08-03T15:00:00
182,286,3.3,2025-08-03T16:00:00
349,26,5.0,2025-08-03T16:00:00
26,263,4.2,2025-08-03T17:00:00
156,31,4.6,2025-08-03T17:00:00
191,42,3.4,2025-08-03T17:00:00
327,95,5.0,2025-08-03T17:00:00
54,168,4.2,2025-08-03T18:00:00
111,189,3.8,2025-08-03T18:00:00
200,49,3.1,2025-08-03T18:00:00
314,223,3.7,2025-08-03T18:00:00
49,149,4.5,2025-08-03T19:00:00
281,17,4.0,2025-08-03T19:00:00
295,242,3.2,2025-08-03T19:00:00
306,35,4.6,2025-08-03T19:00:00
17,300,4.6,2025-08-03T20:00:00
94,198,3.7,2025-08-03T20:00:00
100,299,3.6,2025-08-03T20:00:00
125,172,3.1,2025-08-03T20:00:00
129,114,3.6,2025-08-03T20:00:00
282,270,2.6,2025-08-03T20:00:00
321,297,2.7,2025-08-03T20:00:00
349,52,3.1,2025-08-03T20:00:00
189,294,5.0,2025-08-03T22:00:00
92,283,2.6,2025-08-03T23:00:00
452,141,4.8,2025-08-03T23:00:00
30,67,3.5,2025-08-04T00:00:00
122,232,5.0,2025-08-04T00:00:00
225,207,3.3,2025-08-04T00:00:00
410,287,4.2,2025-08-04T00:00:00
22,4,3.2,2025-08-04T01:00:00
292,235,3.8,2025-08-04T01:00:00
371,43,4.7,2025-08-04T01:00:00
221,198,3.0,2025-08-04T02:00:00
328,75,3.1,2025-08-04T02:00:00
407,144,4.3,2025-08-04T03:00:00
26,257,4.4,2025-08-04T04:00:00
116,270,3.9,2025-08-04T04:00:00
205,146,3.9,2025-08-04T04:00:00
482,189,4.9,2025-08-04T04:00:00
303,259,5.0,2025-08-04T05:00:00
418,256,3.7,2025-08-04T05:00:00
251,45,3.7,2025-08-04T06:00:00
304,188,3.5,2025-08-04T06:00:00
420,274,4.3,2025-08-04T06:00:00
144,102,3.0,2025-08-04T07:00:00
268,137,4.9,2025-08-04T07:00:00
280,298,4.9,2025-08-04T07:00:00
287,164,3.6,2025-08-04T07:00:00
411,266,4.4,2025-08-04T07:00:00
106,74,4.1,2025-08-04T08:00:00
111,12,4.6,2025-08-04T08:00:00
480,11,3.8,2025-08-04T08:00:00
22,13,3.4,2025-08-04T09:00:00
62,1,3.4,2025-08-04T09:00:00
139,51,5.0,2025-08-04T09:00:00
262,238,4.2,2025-08-04T09:00:00
368,38,4.6,2025-08-04T09:00:00
279,136,2.2,2025-08-04T10:00:00
336,280,3.2,2025-08-04T10:00:00
427,178,4.6,2025-08-04T10:00:00
289,166,3.6,2025-08-04T11:00:00
8,21,3.2,2025-08-04T12:00:00
217,277,3.5,2025-08-04T12:00:00
385,156,3.0,2025-08-04T12:00:00
438,44,4.9,2025-08-04T12:00:00
221,74,3.3,2025-08-04T13:00:00
294,42,2.6,2025-08-04T13:00:00
342,163,4.4,2025-08-04T13:00:00
390,155,5.0,2025-08-04T13:00:00
406,187,3.5,2025-08-04T13:00:00
448,165,4.3,2025-08-04T13:00:00
84,4,3.3,2025-08-04T14:00:00
219,113,4.2,2025-08-04T14:00:00
279,81,2.2,2025-08-04T14:00:00
200,90,5.0,2025-08-04T15:00:00
235,226,3.6,2025-08-04T16:00:00
484,202,4.9,2025-08-04T16:00:00
382,126,4.5,2025-08-04T17:00:00
218,105,5.0,2025-08-04T18:00:00
366,296,4.5,2025-08-04T18:00:00
415,82,3.4,2025-08-04T18:00:00
18,40,5.0,2025-08-04T20:00:00
110,5,3.0,2025-08-04T20:00:00
288,85,4.2,2025-08-04T20:00:00
383,142,2.3,2025-08-04T20:00:00
441,29,3.0,2025-08-04T20:00:00
478,73,4.3,2025-08-04T20:00:00
29,140,3.4,2025-08-04T21:00:00
177,182,3.3,2025-08-04T22:00:00
135,42,4.8,2025-08-04T23:00:00
235,87,3.7,2025-08-04T23:00:00
287,47,3.5,2025-08-04T23:00:00
342,183,4.8,2025-08-04T23:00:00
30,216,3.6,2025-08-05T00:00:00
459,185,3.7,2025-08-05T00:00:00
57,34,4.3,2025-08-05T01:00:00
123,149,2.5,2025-08-05T01:00:00
355,48,5.0,2025-08-05T01:00:00
477,282,3.2,2025-08-05T01:00:00
84,150,3.3,2025-08-05T02:00:00
245,135,4.3,2025-08-05T02:00:00
303,286,5.0,2025-08-05T02:00:00
335,55,3.0,2025-08-05T02:00:00
427,95,3.7,2025-08-05T02:00:00
9,153,5.0,2025-08-05T03:00:00
210,279,4.6,2025-08-05T03:00:00
247,25,4.5,2025-08-05T03:00:00
410,45,1.9,2025-08-05T03:00:00
421,271,4.2,2025-08-05T03:00:00
80,63,4.0,2025-08-05T04:00:00
105,34,4.2,2025-08-05T04:00:00
262,122,4.1,2025-08-05T04:00:00
307,145,2.3,2025-08-05T04:00:00
402,17,3.4,2025-08-05T04:00:00
413,241,3.9,2025-08-05T05:00:00
420,270,5.0,2025-08-05T05:00:00
33,297,4.4,2025-08-05T06:00:00
68,183,3.9,2025-08-05T06:00:00
184,218,3.8,2025-08-05T06:00:00
387,122,3.6,2025-08-05T07:00:00
231,196,4.2,2025-08-05T08:00:00
249,100,4.3,2025-08-05T08:00:00
371,149,3.9,2025-08-05T08:00:00
34,197,3.1,2025-08-05T09:00:00
56,267,3.5,2025-08-05T09:00:00
307,164,3.1,2025-08-05T09:00:00
114,149,2.5,2025-08-05T10:00:00
251,26,4.6,2025-08-05T10:00:00
48,256,5.0,2025-08-05T11:00:00
368,87,3.5,2025-08-05T11:00:00
12,35,4.2,2025-08-05T13:00:00
198,168,4.1,2025-08-05T13:00:00
281,254,3.6,2025-08-05T13:00:00
382,108,5.0,2025-08-05T13:00:00
238,209,3.6,2025-08-05T14:00:00
333,55,3.7,2025-08-05T14:00:00
17,161,4.5,2025-08-05T15:00:00
60,164,5.0,2025-08-05T15:00:00
118,223,4.3,2025-08-05T15:00:00
191,267,2.3,2025-08-05T15:00:00
417,180,5.0,2025-08-05T15:00:00
107,267,4.1,2025-08-05T16:00:00
34,24,5.0,2025-08-05T17:00:00
126,238,5.0,2025-08-05T17:00:00
315,55,3.6,2025-08-05T17:00:00
364,276,5.0,2025-08-05T17:00:00
48,286,4.6,2025-08-05T18:00:00
62,50,3.6,2025-08-05T18:00:00
351,242,4.4,2025-08-05T18:00:00
366,206,4.6,2025-08-05T18:00:00
33,275,3.6,2025-08-05T19:00:00
92,160,4.2,2025-08-05T19:00:00
148,153,4.9,2025-08-05T19:00:00
285,163,4.1,2025-08-05T19:00:00
455,177,4.3,2025-08-05T19:00:00
462,181,1.0,2025-08-05T19:00:00
288,77,5.0,2025-08-05T20:00:00
314,242,3.7,2025-08-05T21:00:00
394,242,5.0,2025-08-05T21:00:00
447,249,2.1,2025-08-05T21:00:00
452,33,3.4,2025-08-05T21:00:00
101,156,2.4,2025-08-05T22:00:00
221,262,1.6,2025-08-05T22:00:00
268,172,2.5,2025-08-05T22:00:00
331,280,3.8,2025-08-05T22:00:00
456,10,3.4,2025-08-05T22:00:00
85,4,3.7,2025-08-05T23:00:00
213,45,2.1,2025-08-05T23:00:00
287,299,3.7,2025-08-05T23:00:00
325,238,4.6,2025-08-05T23:00:00
291,130,3.5,2025-08-06T00:00:00
455,158,5.0,2025-08-06T00:00:00
224,126,4.4,2025-08-06T01:00:00
248,52,4.6,2025-08-06T01:00:00
407,102,4.7,2025-08-06T01:00:00
9,196,5.0,2025-08-06T02:00:00
12,24,3.8,2025-08-06T02:00:00
38,18,5.0,2025-08-06T02:00:00
48,292,3.5,2025-08-06T02:00:00
95,121,2.3,2025-08-06T02:00:00
210,270,4.2,2025-08-06T02:00:00
307,183,2.4,2025-08-06T02:00:00
351,56,5.0,2025-08-06T02:00:00
71,102,3.6,2025-08-06T03:00:00
181,45,3.7,2025-08-06T03:00:00
355,102,4.4,2025-08-06T03:00:00
54,165,3.8,2025-08-06T04:00:00
262,157,5.0,2025-08-06T04:00:00
418,2,3.0,2025-08-06T04:00:00
448,63,4.4,2025-08-06T04:00:00
299,123,3.7,2025-08-06T05:00:00
411,18,4.2,2025-08-06T05:00:00
438,219,4.0,2025-08-06T05:00:00
165,55,2.6,2025-08-06T06:00:00
29,42,1.7,2025-08-06T07:00:00
94,60,4.1,2025-08-06T07:00:00
219,271,3.4,2025-08-06T07:00:00
225,167,4.5,2025-08-06T07:00:00
241,18,4.4,2025-08-06T07:00:00
295,271,4.5,2025-08-06T07:00:00
408,45,3.8,2025-08-06T07:00:00
8,198,2.9,2025-08-06T08:00:00
198,220,4.2,2025-08-06T08:00:00
407,145,3.5,2025-08-06T08:00:00
475,70,5.0,2025-08-06T08:00:00
189,257,5.0,2025-08-06T09:00:00
272,164,3.5,2025-08-06T09:00:00
148,189,3.2,2025-08-06T10:00:00
460,277,4.1,2025-08-06T10:00:00
122,211,3.2,2025-08-06T11:00:00
265,29,3.5,2025-08-06T11:00:00
409,197,4.0,2025-08-06T11:00:00
415,266,3.1,2025-08-06T11:00:00
217,17,3.8,2025-08-06T12:00:00
304,181,4.7,2025-08-06T12:00:00
349,4,5.0,2025-08-06T12:00:00
378,125,3.9,2025-08-06T14:00:00
478,197,3.5,2025-08-06T14:00:00
500,87,2.1,2025-08-06T14:00:00
71,47,3.8,2025-08-06T15:00:00
209,102,3.5,2025-08-06T15:00:00
452,12,3.4,2025-08-06T15:00:00
22,33,3.3,2025-08-06T16:00:00
285,209,3.2,2025-08-06T16:00:00
328,216,2.0,2025-08-06T16:00:00
107,42,3.6,2025-08-06T17:00:00
346,29,2.0,2025-08-06T17:00:00
355,196,4.8,2025-08-06T17:00:00
51,149,4.6,2025-08-06T18:00:00
30,157,4.5,2025-08-06T19:00:00
76,162,4.0,2025-08-06T19:00:00
342,161,3.3,2025-08-06T19:00:00
48,267,3.9,2025-08-06T20:00:00
18,38,3.8,2025-08-06T21:00:00
247,122,3.7,2025-08-06T21:00:00
156,293,2.1,2025-08-06T22:00:00
210,299,4.9,2025-08-06T22:00:00
402,271,4.0,2025-08-06T22:00:00
480,260,2.5,2025-08-06T22:00:00
49,189,4.5,2025-08-06T23:00:00
144,172,2.6,2025-08-07T00:00:00
228,200,3.7,2025-08-07T00:00:00
282,219,3.3,2025-08-07T00:00:00
304,280,3.4,2025-08-07T00:00:00
84,11,3.0,2025-08-07T01:00:00
126,208,5.0,2025-08-07T01:00:00
161,12,5.0,2025-08-07T01:00:00
92,103,4.0,2025-08-07T02:00:00
129,127,4.0,2025-08-07T02:00:00
221,166,4.1,2025-08-07T02:00:00
288,97,4.9,2025-08-07T02:00:00
295,255,4.1,2025-08-07T02:00:00
456,191,4.3,2025-08-07T02:00:00
156,176,3.2,2025-08-07T04:00:00
159,223,3.5,2025-08-07T04:00:00
235,85,4.5,2025-08-07T04:00:00
420,268,5.0,2025-08-07T04:00:00
415,42,2.1,2025-08-07T05:00:00
182,50,3.5,2025-08-07T06:00:00
251,113,2.6,2025-08-07T06:00:00
258,172,2.6,2025-08-07T06:00:00
460,20,4.3,2025-08-07T06:00:00
48,278,4.6,2025-08-07T07:00:00
105,88,4.7,2025-08-07T08:00:00
306,195,3.1,2025-08-07T08:00:00
333,198,4.5,2025-08-07T08:00:00
54,273,3.2,2025-08-07T11:00:00
94,19,3.4,2025-08-07T11:00:00
327,143,4.3,2025-08-07T11:00:00
378,110,4.3,2025-08-07T11:00:00
421,261,4.2,2025-08-07T11:00:00
26,269,3.7,2025-08-07T12:00:00
118,210,3.9,2025-08-07T12:00:00
122,277,3.3,2025-08-07T12:00:00
482,178,4.8,2025-08-07T12:00:00
148,223,2.2,2025-08-07T13:00:00
165,258,5.0,2025-08-07T13:00:00
241,56,5.0,2025-08-07T13:00:00
248,4,4.3,2025-08-07T13:00:00
182,40,2.3,2025-08-07T14:00:00
205,141,4.8,2025-08-07T14:00:00
291,246,4.0,2025-08-07T14:00:00
307,283,2.1,2025-08-07T14:00:00
364,300,4.5,2025-08-07T14:00:00
408,57,4.8,2025-08-07T14:00:00
383,255,1.0,2025-08-07T15:00:00
100,292,4.7,2025-08-07T16:00:00
441,265,4.4,2025-08-07T16:00:00
198,274,3.1,2025-08-07T17:00:00
281,21,4.1,2025-08-07T17:00:00
417,170,4.6,2025-08-07T17:00:00
456,45,3.5,2025-08-07T17:00:00
484,292,3.0,2025-08-07T17:00:00
200,70,5.0,2025-08-07T18:00:00
238,110,3.5,2025-08-07T18:00:00
17,24,3.9,2025-08-07T19:00:00
106,149,4.6,2025-08-07T19:00:00
280,251,4.6,2025-08-07T19:00:00
306,44,4.5,2025-08-07T19:00:00
321,233,4.7,2025-08-07T20:00:00
387,102,3.8,2025-08-07T20:00:00
161,122,3.4,2025-08-07T21:00:00
213,158,4.0,2025-08-07T21:00:00
292,240,4.9,2025-08-07T21:00:00
56,155,3.8,2025-08-08T01:00:00
189,258,2.7,2025-08-08T01:00:00
249,65,5.0,2025-08-08T01:00:00
294,243,4.1,2025-08-08T01:00:00
427,246,2.2,2025-08-08T01:00:00
478,55,4.3,2025-08-08T01:00:00
139,87,4.3,2025-08-08T02:00:00
213,175,3.9,2025-08-08T02:00:00
231,70,4.7,2025-08-08T02:00:00
62,19,2.7,2025-08-08T03:00:00
85,6,3.9,2025-08-08T03:00:00
107,89,5.0,2025-08-08T03:00:00
205,8,2.6,2025-08-08T03:00:00
94,94,4.9,2025-08-08T04:00:00
459,160,4.3,2025-08-08T05:00:00
118,252,2.1,2025-08-08T06:00:00
245,277,3.3,2025-08-08T06:00:00
328,209,4.1,2025-08-08T06:00:00
49,163,3.1,2025-08-08T07:00:00
57,178,3.2,2025-08-08T07:00:00
247,5,5.0,2025-08-08T07:00:00
371,7,5.0,2025-08-08T07:00:00
438,266,2.7,2025-08-08T07:00:00
475,28,4.0,2025-08-08T07:00:00
33,226,2.9,2025-08-08T08:00:00
336,281,3.6,2025-08-08T09:00:00
177,85,3.7,2025-08-08T10:00:00
221,254,4.2,2025-08-08T10:00:00
303,297,5.0,2025-08-08T10:00:00
500,270,3.5,2025-08-08T10:00:00
84,2,3.4,2025-08-08T11:00:00
184,211,3.3,2025-08-08T11:00:00
462,165,2.5,2025-08-08T11:00:00
268,160,3.0,2025-08-08T12:00:00
406,115,2.4,2025-08-08T12:00:00
60,280,5.0,2025-08-08T13:00:00
218,215,3.8,2025-08-08T13:00:00
248,64,4.2,2025-08-08T14:00:00
382,60,3.7,2025-08-08T14:00:00
407,112,4.0,2025-08-08T14:00:00
29,219,3.6,2025-08-08T15:00:00
335,200,3.3,2025-08-08T15:00:00
349,242,4.0,2025-08-08T15:00:00
366,232,4.3,2025-08-08T15:00:00
182,273,3.5,2025-08-08T16:00:00
420,25,4.7,2025-08-08T16:00:00
110,212,3.0,2025-08-08T17:00:00
148,191,3.9,2025-08-08T17:00:00
447,8,3.0,2025-08-08T17:00:00
238,139,4.3,2025-08-08T18:00:00
455,279,3.6,2025-08-08T18:00:00
95,267,2.5,2025-08-08T19:00:00
101,208,3.6,2025-08-08T19:00:00
335,178,5.0,2025-08-08T19:00:00
68,230,3.9,2025-08-08T20:00:00
105,138,5.0,2025-08-08T20:00:00
123,217,3.1,2025-08-08T20:00:00
191,152,4.8,2025-08-08T20:00:00
258,20,3.3,2025-08-08T20:00:00
407,172,3.8,2025-08-08T20:00:00
106,195,3.4,2025-08-08T21:00:00
413,9,3.1,2025-08-08T21:00:00
418,170,5.0,2025-08-08T21:00:00
427,266,2.7,2025-08-08T21:00:00
247,34,5.0,2025-08-08T22:00:00
107,169,4.6,2025-08-08T23:00:00
159,40,4.7,2025-08-08T23:00:00
217,29,3.6,2025-08-08T23:00:00
224,45,3.6,2025-08-08T23:00:00
291,20,4.6,2025-08-08T23:00:00
333,173,4.9,2025-08-08T23:00:00
455,148,4.6,2025-08-09T00:00:00
95,176,4.0,2025-08-09T01:00:00
307,295,1.8,2025-08-09T01:00:00
18,8,5.0,2025-08-09T02:00:00
331,179,2.8,2025-08-09T02:00:00
421,185,2.4,2025-08-09T02:00:00
51,150,5.0,2025-08-09T03:00:00
210,284,5.0,2025-08-09T03:00:00
295,253,4.0,2025-08-09T03:00:00
410,288,4.9,2025-08-09T03:00:00
219,5,3.2,2025-08-09T04:00:00
366,236,5.0,2025-08-09T04:00:00
441,203,4.1,2025-08-09T05:00:00
84,6,4.0,2025-08-09T06:00:00
262,246,4.4,2025-08-09T06:00:00
26,42,2.2,2025-08-09T07:00:00
9,151,3.7,2025-08-09T08:00:00
315,122,3.2,2025-08-09T08:00:00
346,177,3.2,2025-08-09T08:00:00
448,215,3.4,2025-08-09T08:00:00
54,141,4.5,2025-08-09T09:00:00
101,29,2.8,2025-08-09T09:00:00
114,64,4.9,2025-08-09T09:00:00
198,228,2.2,2025-08-09T09:00:00
49,13,5.0,2025-08-09T10:00:00
265,106,5.0,2025-08-09T10:00:00
281,262,5.0,2025-08-09T10:00:00
33,216,2.7,2025-08-09T11:00:00
228,164,5.0,2025-08-09T11:00:00
231,122,2.4,2025-08-09T12:00:00
241,108,4.3,2025-08-09T12:00:00
60,148,5.0,2025-08-09T13:00:00
351,89,4.1,2025-08-09T13:00:00
17,180,5.0,2025-08-09T14:00:00
321,258,5.0,2025-08-09T14:00:00
455,183,5.0,2025-08-09T14:00:00
325,67,4.6,2025-08-09T16:00:00
409,108,2.9,2025-08-09T16:00:00
459,199,3.2,2025-08-09T16:00:00
30,87,3.2,2025-08-09T17:00:00
95,211,3.9,2025-08-09T17:00:00
182,295,4.3,2025-08-09T17:00:00
210,300,3.0,2025-08-09T17:00:00
258,230,1.3,2025-08-09T17:00:00
314,206,2.0,2025-08-09T17:00:00
225,292,3.3,2025-08-09T18:00:00
421,176,3.6,2025-08-09T18:00:00
460,191,5.0,2025-08-09T18:00:00
280,189,3.2,2025-08-09T19:00:00
282,226,3.5,2025-08-09T19:00:00
355,24,3.8,2025-08-09T19:00:00
452,46,3.9,2025-08-09T19:00:00
177,299,1.0,2025-08-09T20:00:00
189,267,3.3,2025-08-09T20:00:00
299,282,4.2,2025-08-09T20:00:00
331,160,4.8,2025-08-09T20:00:00
456,165,4.6,2025-08-09T20:00:00
272,13,2.3,2025-08-09T21:00:00
38,33,4.7,2025-08-09T22:00:00
287,128,3.7,2025-08-09T22:00:00
12,176,1.3,2025-08-09T23:00:00
129,134,3.5,2025-08-09T23:00:00
447,248,2.9,2025-08-09T23:00:00
57,249,3.2,2025-08-10T00:00:00
228,29,2.9,2025-08-10T00:00:00
402,166,3.7,2025-08-10T00:00:00
408,89,5.0,2025-08-10T01:00:00
482,111,5.0,2025-08-10T01:00:00
378,288,2.6,2025-08-10T02:00:00
8,31,2.8,2025-08-10T03:00:00
51,141,3.3,2025-08-10T03:00:00
247,45,4.7,2025-08-10T03:00:00
478,250,3.2,2025-08-10T03:00:00
161,39,4.4,2025-08-10T04:00:00
189,262,3.7,2025-08-10T04:00:00
156,129,3.0,2025-08-10T05:00:00
251,48,4.3,2025-08-10T05:00:00
191,183,3.4,2025-08-10T06:00:00
219,115,4.0,2025-08-10T06:00:00
249,58,4.8,2025-08-10T06:00:00
448,10,3.1,2025-08-10T06:00:00
49,35,4.7,2025-08-10T07:00:00
213,191,3.9,2025-08-10T07:00:00
285,280,3.3,2025-08-10T07:00:00
54,152,5.0,2025-08-10T08:00:00
68,185,4.7,2025-08-10T08:00:00
30,252,3.8,2025-08-10T09:00:00
205,162,2.5,2025-08-10T09:00:00
144,162,4.1,2025-08-10T10:00:00
331,199,4.1,2025-08-10T10:00:00
415,164,3.0,2025-08-10T10:00:00
8,287,3.0,2025-08-10T11:00:00
85,222,4.3,2025-08-10T11:00:00
480,39,5.0,2025-08-10T11:00:00
71,18,4.8,2025-08-10T12:00:00
209,158,4.0,2025-08-10T12:00:00
336,258,4.3,2025-08-10T12:00:00
364,260,4.8,2025-08-10T12:00:00
22,17,3.9,2025-08-10T13:00:00
54,8,2.9,2025-08-10T13:00:00
68,199,4.6,2025-08-10T13:00:00
76,161,3.9,2025-08-10T13:00:00
228,195,3.6,2025-08-10T13:00:00
245,136,4.8,2025-08-10T13:00:00
17,176,5.0,2025-08-10T17:00:00
48,277,3.3,2025-08-10T17:00:00
92,112,4.3,2025-08-10T17:00:00
427,187,3.5,2025-08-10T17:00:00
122,266,2.3,2025-08-10T18:00:00
409,173,4.5,2025-08-10T18:00:00
139,129,4.7,2025-08-10T19:00:00
421,264,4.2,2025-08-10T19:00:00
26,139,3.4,2025-08-10T20:00:00
335,157,3.5,2025-08-10T20:00:00
484,214,2.6,2025-08-10T20:00:00
327,2,3.7,2025-08-10T21:00:00
475,68,3.7,2025-08-10T21:00:00
304,41,3.6,2025-08-10T22:00:00
17,163,5.0,2025-08-10T23:00:00
459,181,3.8,2025-08-10T23:00:00
500,255,3.7,2025-08-10T23:00:00
200,39,4.1,2025-08-11T00:00:00
54,184,3.7,2025-08-11T01:00:00
71,42,3.8,2025-08-11T01:00:00
219,162,2.8,2025-08-11T02:00:00
217,18,3.8,2025-08-11T03:00:00
371,270,4.8,2025-08-11T03:00:00
462,285,3.4,2025-08-11T03:00:00
56,158,4.9,2025-08-11T04:00:00
307,55,2.3,2025-08-11T04:00:00
92,280,3.0,2025-08-11T05:00:00
291,260,2.9,2025-08-11T06:00:00
144,232,2.6,2025-08-11T07:00:00
231,197,4.5,2025-08-11T07:00:00
383,105,2.0,2025-08-11T07:00:00
410,189,3.5,2025-08-11T07:00:00
500,45,3.3,2025-08-11T07:00:00
200,193,3.3,2025-08-11T08:00:00
262,50,4.5,2025-08-11T08:00:00
460,198,5.0,2025-08-11T08:00:00
248,37,4.8,2025-08-11T09:00:00
292,243,4.6,2025-08-11T09:00:00
299,274,2.5,2025-08-11T09:00:00
482,24,4.1,2025-08-11T09:00:00
387,274,4.2,2025-08-11T10:00:00
418,38,3.6,2025-08-11T10:00:00
122,210,4.8,2025-08-11T11:00:00
295,300,3.2,2025-08-11T11:00:00
417,159,4.9,2025-08-11T11:00:00
118,15,5.0,2025-08-11T12:00:00
139,145,4.4,2025-08-11T12:00:00
306,125,4.9,2025-08-11T12:00:00
406,176,3.3,2025-08-11T12:00:00
84,13,3.8,2025-08-11T13:00:00
198,237,3.6,2025-08-11T13:00:00
294,62,5.0,2025-08-11T13:00:00
303,178,3.3,2025-08-11T13:00:00
438,162,3.7,2025-08-11T13:00:00
475,249,3.4,2025-08-11T13:00:00
100,276,4.6,2025-08-11T14:00:00
191,48,3.8,2025-08-11T14:00:00
241,292,4.4,2025-08-11T14:00:00
177,152,3.5,2025-08-11T15:00:00
60,79,3.4,2025-08-11T16:00:00
225,199,4.9,2025-08-11T16:00:00
315,37,4.7,2025-08-11T16:00:00
500,271,3.7,2025-08-11T16:00:00
54,266,2.5,2025-08-11T17:00:00
272,251,3.5,2025-08-11T17:00:00
287,127,4.3,2025-08-11T17:00:00
38,164,2.8,2025-08-11T18:00:00
94,209,3.2,2025-08-11T18:00:00
402,286,4.3,2025-08-11T18:00:00
480,13,4.8,2025-08-11T18:00:00
8,30,3.1,2025-08-11T19:00:00
22,165,4.4,2025-08-11T19:00:00
139,67,4.8,2025-08-11T19:00:00
161,74,2.5,2025-08-11T19:00:00
438,34,4.1,2025-08-11T19:00:00
209,198,3.7,2025-08-11T21:00:00
349,216,4.0,2025-08-11T21:00:00
409,155,4.2,2025-08-11T21:00:00
245,143,3.7,2025-08-11T22:00:00
62,34,3.4,2025-08-12T00:00:00
328,31,2.3,2025-08-12T00:00:00
413,45,3.8,2025-08-12T00:00:00
105,41,5.0,2025-08-12T01:00:00
221,197,3.6,2025-08-12T01:00:00
420,279,4.8,2025-08-12T01:00:00
110,164,3.9,2025-08-12T02:00:00
294,55,4.7,2025-08-12T03:00:00
315,231,3.3,2025-08-12T03:00:00
378,124,3.4,2025-08-12T03:00:00
382,148,4.8,2025-08-12T03:00:00
407,107,4.7,2025-08-12T03:00:00
129,201,3.2,2025-08-12T04:00:00
144,183,3.5,2025-08-12T04:00:00
159,15,3.9,2025-08-12T04:00:00
383,112,3.0,2025-08-12T04:00:00
51,147,3.0,2025-08-12T05:00:00
238,281,5.0,2025-08-12T05:00:00
321,264,4.4,2025-08-12T05:00:00
189,153,3.5,2025-08-12T06:00:00
285,48,2.8,2025-08-12T06:00:00
410,283,4.5,2025-08-12T06:00:00
198,131,2.8,2025-08-12T07:00:00
418,183,4.9,2025-08-12T08:00:00
94,196,4.6,2025-08-12T09:00:00
184,216,3.2,2025-08-12T09:00:00
224,142,3.9,2025-08-12T09:00:00
247,4,4.3,2025-08-12T09:00:00
331,184,4.0,2025-08-12T10:00:00
105,12,5.0,2025-08-12T11:00:00
218,298,4.0,2025-08-12T11:00:00
366,250,4.1,2025-08-12T11:00:00
106,182,3.5,2025-08-12T12:00:00
107,179,4.9,2025-08-12T12:00:00
378,107,4.0,2025-08-12T12:00:00
456,154,3.8,2025-08-12T12:00:00
29,145,3.4,2025-08-12T13:00:00
148,178,3.6,2025-08-12T13:00:00
228,176,4.2,2025-08-12T13:00:00
438,21,4.1,2025-08-12T13:00:00
478,98,4.3,2025-08-12T13:00:00
295,174,3.0,2025-08-12T14:00:00
210,122,3.1,2025-08-12T15:00:00
409,267,3.1,2025-08-12T15:00:00
413,248,4.5,2025-08-12T15:00:00
455,161,5.0,2025-08-12T15:00:00
76,300,2.8,2025-08-12T16:00:00
258,43,3.7,2025-08-12T16:00:00
101,213,3.1,2025-08-12T17:00:00
346,162,4.8,2025-08-12T17:00:00
62,27,3.4,2025-08-12T18:00:00
107,102,5.0,2025-08-12T18:00:00
123,229,3.0,2025-08-12T18:00:00
331,292,2.8,2025-08-12T18:00:00
238,29,3.8,2025-08-12T19:00:00
455,223,3.4,2025-08-12T19:00:00
144,195,3.1,2025-08-12T20:00:00
280,256,5.0,2025-08-12T20:00:00
387,246,2.2,2025-08-12T20:00:00
198,158,3.7,2025-08-12T21:00:00
314,201,3.6,2025-08-12T21:00:00
438,35,4.5,2025-08-12T21:00:00
484,285,3.6,2025-08-12T21:00:00
18,33,5.0,2025-08-12T22:00:00
84,9,4.1,2025-08-12T22:00:00
333,172,5.0,2025-08-12T22:00:00
351,165,4.8,2025-08-12T22:00:00
460,166,5.0,2025-08-13T00:00:00
441,248,5.0,2025-08-13T01:00:00
114,108,4.8,2025-08-13T02:00:00
156,21,4.8,2025-08-13T02:00:00
262,217,4.8,2025-08-13T02:00:00
452,31,3.7,2025-08-13T02:00:00
33,151,3.1,2025-08-13T03:00:00
57,46,4.6,2025-08-13T03:00:00
272,88,4.8,2025-08-13T03:00:00
282,162,3.0,2025-08-13T03:00:00
9,122,2.6,2025-08-13T05:00:00
459,195,4.0,2025-08-13T05:00:00
18,36,4.9,2025-08-13T06:00:00
415,76,4.3,2025-08-13T06:00:00
68,182,4.5,2025-08-13T07:00:00
191,171,4.4,2025-08-13T07:00:00
209,187,3.9,2025-08-13T07:00:00
406,274,4.0,2025-08-13T07:00:00
29,102,3.6,2025-08-13T08:00:00
30,165,4.6,2025-08-13T08:00:00
54,196,3.8,2025-08-13T08:00:00
265,219,5.0,2025-08-13T08:00:00
349,141,4.8,2025-08-13T08:00:00
421,178,3.0,2025-08-13T08:00:00
205,132,4.2,2025-08-13T09:00:00
248,46,4.5,2025-08-13T09:00:00
303,151,4.1,2025-08-13T09:00:00
238,269,5.0,2025-08-13T10:00:00
304,183,4.5,2025-08-13T10:00:00
355,5,3.4,2025-08-13T10:00:00
22,258,2.8,2025-08-13T11:00:00
418,158,5.0,2025-08-13T12:00:00
420,263,4.7,2025-08-13T12:00:00
480,96,2.2,2025-08-13T12:00:00
8,7,3.9,2025-08-13T13:00:00
17,266,3.5,2025-08-13T13:00:00
57,23,4.3,2025-08-13T13:00:00
241,82,5.0,2025-08-13T13:00:00
294,214,4.3,2025-08-13T13:00:00
325,209,5.0,2025-08-13T13:00:00
95,152,4.0,2025-08-13T14:00:00
321,275,4.2,2025-08-13T15:00:00
49,246,4.0,2025-08-13T16:00:00
218,129,4.3,2025-08-13T16:00:00
224,132,3.1,2025-08-13T16:00:00
48,179,3.3,2025-08-13T17:00:00
118,206,5.0,2025-08-13T17:00:00
306,149,5.0,2025-08-13T17:00:00
139,59,5.0,2025-08-13T18:00:00
292,259,3.4,2025-08-13T19:00:00
413,203,4.8,2025-08-13T19:00:00
191,113,3.0,2025-08-13T20:00:00
291,42,3.4,2025-08-13T20:00:00
333,154,4.4,2025-08-13T20:00:00
249,300,4.0,2025-08-13T21:00:00
417,209,3.8,2025-08-13T21:00:00
364,290,4.9,2025-08-13T22:00:00
371,209,3.7,2025-08-13T22:00:00
460,276,5.0,2025-08-13T22:00:00
139,178,3.2,2025-08-13T23:00:00
228,165,5.0,2025-08-13T23:00:00
71,280,2.8,2025-08-14T00:00:00
427,162,3.6,2025-08-14T01:00:00
475,49,3.2,2025-08-14T01:00:00
295,115,2.9,2025-08-14T02:00:00
303,267,5.0,2025-08-14T02:00:00
110,32,3.1,2025-08-14T03:00:00
177,172,3.1,2025-08-14T03:00:00
238,297,4.9,2025-08-14T04:00:00
245,180,4.3,2025-08-14T04:00:00
26,232,3.3,2025-08-14T05:00:00
413,228,3.6,2025-08-14T05:00:00
56,166,4.4,2025-08-14T06:00:00
92,216,2.7,2025-08-14T06:00:00
95,155,4.0,2025-08-14T06:00:00
248,43,4.5,2025-08-14T07:00:00
71,5,3.2,2025-08-14T09:00:00
247,176,4.1,2025-08-14T09:00:00
299,29,3.7,2025-08-14T10:00:00
85,32,3.9,2025-08-14T11:00:00
184,217,3.3,2025-08-14T11:00:00
336,228,3.4,2025-08-14T11:00:00
452,146,4.0,2025-08-14T11:00:00
26,74,2.5,2025-08-14T12:00:00
144,161,3.8,2025-08-14T12:00:00
101,246,3.3,2025-08-14T13:00:00
156,246,4.6,2025-08-14T13:00:00
210,277,5.0,2025-08-14T13:00:00
219,161,3.3,2025-08-14T13:00:00
8,25,3.2,2025-08-14T14:00:00
307,29,2.4,2025-08-14T14:00:00
291,15,3.3,2025-08-14T15:00:00
383,101,2.3,2025-08-14T15:00:00
18,25,4.2,2025-08-14T16:00:00
482,123,4.6,2025-08-14T16:00:00
51,164,4.2,2025-08-14T17:00:00
159,216,3.8,2025-08-14T17:00:00
335,188,4.4,2025-08-14T17:00:00
410,298,3.2,2025-08-14T17:00:00
417,212,2.9,2025-08-14T17:00:00
217,20,4.3,2025-08-14T18:00:00
478,260,4.1,2025-08-14T18:00:00
84,34,4.5,2025-08-14T19:00:00
38,42,5.0,2025-08-14T20:00:00
307,209,3.1,2025-08-14T20:00:00
177,164,3.8,2025-08-14T21:00:00
218,270,4.2,2025-08-14T22:00:00
292,5,3.4,2025-08-14T22:00:00
421,199,3.7,2025-08-14T22:00:00
248,99,5.0,2025-08-14T23:00:00
346,164,4.5,2025-08-14T23:00:00
100,122,2.1,2025-08-15T00:00:00
122,87,3.3,2025-08-15T00:00:00
231,176,3.8,2025-08-15T00:00:00
114,266,3.3,2025-08-15T01:00:00
118,19,4.5,2025-08-15T01:00:00
355,2,4.8,2025-08-15T01:00:00
287,242,2.2,2025-08-15T02:00:00
364,209,3.9,2025-08-15T02:00:00
460,87,4.5,2025-08-15T02:00:00
200,189,3.2,2025-08-15T03:00:00
272,160,4.2,2025-08-15T03:00:00
280,278,4.8,2025-08-15T05:00:00
410,55,4.2,2025-08-15T05:00:00
17,189,5.0,2025-08-15T06:00:00
30,161,4.9,2025-08-15T06:00:00
221,161,4.0,2025-08-15T06:00:00
333,181,5.0,2025-08-15T07:00:00
480,36,3.1,2025-08-15T07:00:00
219,158,3.3,2025-08-15T08:00:00
409,269,2.1,2025-08-15T09:00:00
54,181,3.5,2025-08-15T10:00:00
85,18,2.6,2025-08-15T10:00:00
262,155,4.7,2025-08-15T10:00:00
22,156,3.8,2025-08-15T11:00:00
314,222,4.3,2025-08-15T11:00:00
321,288,3.6,2025-08-15T11:00:00
406,127,2.6,2025-08-15T11:00:00
122,234,4.0,2025-08-15T12:00:00
123,206,3.2,2025-08-15T12:00:00
303,263,4.3,2025-08-15T12:00:00
315,22,3.8,2025-08-15T12:00:00
328,119,4.1,2025-08-15T12:00:00
292,223,3.9,2025-08-15T13:00:00
459,198,4.3,2025-08-15T13:00:00
378,246,2.7,2025-08-15T14:00:00
161,266,3.5,2025-08-15T15:00:00
402,281,4.2,2025-08-15T15:00:00
407,118,5.0,2025-08-15T15:00:00
500,74,2.6,2025-08-15T15:00:00
114,61,4.0,2025-08-15T16:00:00
144,170,3.5,2025-08-15T16:00:00
225,126,4.0,2025-08-15T16:00:00
285,193,3.1,2025-08-15T16:00:00
291,67,2.1,2025-08-15T16:00:00
406,155,3.5,2025-08-15T16:00:00
92,118,3.5,2025-08-15T17:00:00
415,294,3.2,2025-08-15T17:00:00
94,267,3.8,2025-08-15T18:00:00
106,35,5.0,2025-08-15T18:00:00
110,206,4.2,2025-08-15T19:00:00
331,167,3.3,2025-08-15T19:00:00
129,64,2.1,2025-08-15T20:00:00
383,2,1.9,2025-08-15T20:00:00
200,58,4.8,2025-08-15T21:00:00
247,209,3.0,2025-08-15T21:00:00
306,19,4.6,2025-08-15T21:00:00
484,258,4.4,2025-08-15T21:00:00
371,18,4.1,2025-08-15T22:00:00
382,209,2.1,2025-08-15T22:00:00
118,18,4.7,2025-08-15T23:00:00
159,274,3.2,2025-08-15T23:00:00
198,200,3.5,2025-08-15T23:00:00
265,250,5.0,2025-08-15T23:00:00
407,32,2.9,2025-08-15T23:00:00
456,164,3.1,2025-08-15T23:00:00
224,102,4.4,2025-08-16T02:00:00
349,265,3.4,2025-08-16T02:00:00
282,217,3.8,2025-08-16T03:00:00
366,280,5.0,2025-08-16T03:00:00
258,198,1.0,2025-08-16T04:00:00
455,110,3.0,2025-08-16T04:00:00
17,182,4.3,2025-08-16T05:00:00
407,178,3.2,2025-08-16T05:00:00
92,139,5.0,2025-08-16T06:00:00
371,222,3.2,2025-08-16T06:00:00
101,20,1.4,2025-08-16T07:00:00
105,44,5.0,2025-08-16T07:00:00
217,41,3.8,2025-08-16T07:00:00
106,102,4.6,2025-08-16T08:00:00
9,206,2.9,2025-08-16T09:00:00
307,115,3.3,2025-08-16T10:00:00
315,178,3.6,2025-08-16T10:00:00
325,92,4.8,2025-08-16T10:00:00
139,255,4.8,2025-08-16T11:00:00
209,218,1.4,2025-08-16T11:00:00
248,129,3.9,2025-08-16T11:00:00
76,17,3.2,2025-08-16T12:00:00
100,265,3.9,2025-08-16T12:00:00
123,87,3.0,2025-08-16T12:00:00
241,212,4.1,2025-08-16T12:00:00
29,54,3.7,2025-08-16T13:00:00
285,285,2.6,2025-08-16T13:00:00
351,60,5.0,2025-08-16T13:00:00
68,237,4.8,2025-08-16T14:00:00
294,289,3.1,2025-08-16T14:00:00
420,297,5.0,2025-08-16T14:00:00
107,189,4.3,2025-08-16T15:00:00
452,255,3.7,2025-08-16T15:00:00
382,58,3.9,2025-08-16T17:00:00
427,5,3.6,2025-08-16T17:00:00
441,60,2.9,2025-08-16T17:00:00
480,198,3.6,2025-08-16T17:00:00
228,177,5.0,2025-08-16T18:00:00
307,195,2.1,2025-08-16T19:00:00
438,46,4.4,2025-08-16T19:00:00
335,153,5.0,2025-08-16T20:00:00
378,220,2.7,2025-08-16T20:00:00
33,232,3.4,2025-08-16T21:00:00
95,181,3.5,2025-08-16T21:00:00
306,136,4.5,2025-08-16T21:00:00
413,242,4.0,2025-08-16T22:00:00
100,288,4.2,2025-08-16T23:00:00
249,83,5.0,2025-08-16T23:00:00
9,163,3.6,2025-08-17T00:00:00
200,239,3.4,2025-08-17T00:00:00
421,281,3.2,2025-08-17T00:00:00
30,196,5.0,2025-08-17T01:00:00
205,131,3.7,2025-08-17T01:00:00
295,261,4.0,2025-08-17T01:00:00
314,245,3.3,2025-08-17T01:00:00
84,285,3.0,2025-08-17T02:00:00
333,267,3.7,2025-08-17T02:00:00
56,200,4.2,2025-08-17T03:00:00
159,10,3.6,2025-08-17T03:00:00
49,217,3.1,2025-08-17T04:00:00
219,144,4.2,2025-08-17T04:00:00
156,221,3.5,2025-08-17T05:00:00
247,43,4.7,2025-08-17T05:00:00
265,210,4.7,2025-08-17T05:00:00
421,207,3.4,2025-08-17T05:00:00
306,141,5.0,2025-08-17T06:00:00
48,264,5.0,2025-08-17T07:00:00
159,45,3.6,2025-08-17T07:00:00
228,263,3.3,2025-08-17T07:00:00
198,258,2.7,2025-08-17T08:00:00
210,255,5.0,2025-08-17T08:00:00
71,24,2.9,2025-08-17T09:00:00
184,31,3.1,2025-08-17T09:00:00
299,258,3.8,2025-08-17T09:00:00
418,162,5.0,2025-08-17T09:00:00
101,122,2.9,2025-08-17T10:00:00
306,130,5.0,2025-08-17T10:00:00
480,44,4.2,2025-08-17T10:00:00
118,98,3.0,2025-08-17T11:00:00
241,59,5.0,2025-08-17T11:00:00
51,102,5.0,2025-08-17T12:00:00
262,228,4.3,2025-08-17T12:00:00
500,3,2.6,2025-08-17T12:00:00
57,38,4.2,2025-08-17T13:00:00
191,173,3.0,2025-08-17T13:00:00
371,27,4.0,2025-08-17T13:00:00
30,194,4.8,2025-08-17T14:00:00
177,183,3.1,2025-08-17T14:00:00
291,49,3.6,2025-08-17T14:00:00
413,280,3.1,2025-08-17T14:00:00
159,31,4.2,2025-08-17T15:00:00
26,221,3.4,2025-08-17T16:00:00
144,160,3.7,2025-08-17T16:00:00
349,3,5.0,2025-08-17T16:00:00
22,178,4.0,2025-08-17T17:00:00
282,172,3.6,2025-08-17T17:00:00
287,102,3.5,2025-08-17T17:00:00
336,80,3.1,2025-08-17T18:00:00
478,230,4.9,2025-08-17T18:00:00
410,161,3.6,2025-08-17T19:00:00
139,130,5.0,2025-08-17T20:00:00
303,162,3.3,2025-08-17T21:00:00
315,50,5.0,2025-08-17T21:00:00
325,161,3.5,2025-08-17T21:00:00
48,260,3.5,2025-08-17T22:00:00
54,52,3.6,2025-08-17T22:00:00
349,100,3.6,2025-08-17T22:00:00
156,38,3.8,2025-08-17T23:00:00
272,179,3.9,2025-08-17T23:00:00
92,148,3.5,2025-08-18T01:00:00
106,270,4.6,2025-08-18T01:00:00
210,17,3.2,2025-08-18T01:00:00
238,271,5.0,2025-08-18T02:00:00
303,299,5.0,2025-08-18T02:00:00
409,111,3.9,2025-08-18T02:00:00
452,49,4.2,2025-08-18T02:00:00
144,89,2.8,2025-08-18T03:00:00
299,266,4.2,2025-08-18T03:00:00
346,198,3.7,2025-08-18T03:00:00
482,197,4.1,2025-08-18T03:00:00
107,63,4.4,2025-08-18T04:00:00
231,216,2.9,2025-08-18T04:00:00
417,173,4.2,2025-08-18T04:00:00
8,34,4.7,2025-08-18T05:00:00
294,267,3.2,2025-08-18T05:00:00
420,17,3.4,2025-08-18T05:00:00
110,152,4.0,2025-08-18T06:00:00
200,86,4.0,2025-08-18T06:00:00
38,14,4.9,2025-08-18T07:00:00
184,249,2.9,2025-08-18T07:00:00
224,127,3.1,2025-08-18T07:00:00
295,178,3.4,2025-08-18T07:00:00
218,45,4.0,2025-08-18T08:00:00
292,198,3.0,2025-08-18T08:00:00
328,108,4.8,2025-08-18T08:00:00
459,95,4.0,2025-08-18T08:00:00
228,153,4.1,2025-08-18T09:00:00
407,205,3.9,2025-08-18T09:00:00
280,255,5.0,2025-08-18T10:00:00
355,161,3.5,2025-08-18T10:00:00
139,286,4.3,2025-08-18T11:00:00
299,34,2.7,2025-08-18T11:00:00
478,164,2.5,2025-08-18T11:00:00
29,90,2.8,2025-08-18T12:00:00
76,200,4.3,2025-08-18T12:00:00
484,201,5.0,2025-08-18T12:00:00
455,190,5.0,2025-08-18T14:00:00
258,223,1.6,2025-08-18T15:00:00
460,292,5.0,2025-08-18T15:00:00
94,122,3.7,2025-08-18T16:00:00
407,149,4.5,2025-08-18T16:00:00
292,242,4.9,2025-08-18T17:00:00
333,266,3.7,2025-08-18T17:00:00
406,41,2.2,2025-08-18T17:00:00
418,196,5.0,2025-08-18T17:00:00
92,55,2.9,2025-08-18T18:00:00
107,44,4.5,2025-08-18T19:00:00
191,197,3.4,2025-08-18T19:00:00
294,262,3.3,2025-08-18T19:00:00
303,198,4.6,2025-08-18T20:00:00
364,289,4.6,2025-08-18T20:00:00
456,2,4.2,2025-08-18T20:00:00
17,2,3.9,2025-08-18T21:00:00
85,19,4.1,2025-08-18T21:00:00
287,141,3.5,2025-08-18T21:00:00
321,89,2.7,2025-08-18T21:00:00
247,22,4.7,2025-08-18T22:00:00
107,200,4.3,2025-08-18T23:00:00
100,268,3.4,2025-08-19T00:00:00
9,20,3.2,2025-08-19T01:00:00
265,104,4.8,2025-08-19T01:00:00
331,158,3.5,2025-08-19T01:00:00
38,38,3.6,2025-08-19T02:00:00
161,50,5.0,2025-08-19T03:00:00
118,50,4.2,2025-08-19T04:00:00
218,206,4.2,2025-08-19T05:00:00
221,195,3.8,2025-08-19T05:00:00
452,17,4.1,2025-08-19T06:00:00
455,97,4.1,2025-08-19T06:00:00
84,18,5.0,2025-08-19T07:00:00
402,242,3.4,2025-08-19T07:00:00
427,182,4.1,2025-08-19T07:00:00
54,159,4.3,2025-08-19T08:00:00
105,74,3.1,2025-08-19T08:00:00
378,41,3.3,2025-08-19T08:00:00
383,145,3.1,2025-08-19T08:00:00
144,4,2.8,2025-08-19T10:00:00
407,124,4.4,2025-08-19T10:00:00
221,165,4.7,2025-08-19T12:00:00
335,89,3.8,2025-08-19T13:00:00
129,142,3.1,2025-08-19T14:00:00
364,238,3.6,2025-08-19T15:00:00
427,141,4.5,2025-08-19T15:00:00
441,252,2.3,2025-08-19T15:00:00
68,246,5.0,2025-08-19T16:00:00
415,18,3.2,2025-08-19T16:00:00
455,247,3.0,2025-08-19T16:00:00
238,215,3.8,2025-08-19T17:00:00
382,149,3.3,2025-08-19T17:00:00
110,250,5.0,2025-08-19T18:00:00
406,166,4.3,2025-08-19T18:00:00
209,181,5.0,2025-08-19T19:00:00
438,209,3.4,2025-08-19T19:00:00
26,157,3.6,2025-08-19T22:00:00
291,249,3.3,2025-08-19T22:00:00
241,232,4.0,2025-08-19T23:00:00
409,138,3.5,2025-08-19T23:00:00
441,215,4.5,2025-08-19T23:00:00
95,109,3.4,2025-08-20T00:00:00
265,212,4.8,2025-08-20T00:00:00
9,182,3.6,2025-08-20T01:00:00
346,21,2.8,2025-08-20T01:00:00
480,40,2.7,2025-08-20T01:00:00
335,156,3.9,2025-08-20T03:00:00
49,249,3.5,2025-08-20T04:00:00
200,82,4.8,2025-08-20T05:00:00
351,249,4.9,2025-08-20T05:00:00
417,196,4.3,2025-08-20T05:00:00
314,55,2.5,2025-08-20T06:00:00
123,55,2.0,2025-08-20T07:00:00
285,155,2.9,2025-08-20T07:00:00
452,19,4.5,2025-08-20T07:00:00
71,12,4.1,2025-08-20T08:00:00
33,204,3.6,2025-08-20T09:00:00
191,122,2.2,2025-08-20T09:00:00
198,155,3.0,2025-08-20T09:00:00
262,201,4.7,2025-08-20T09:00:00
420,288,5.0,2025-08-20T09:00:00
30,198,4.7,2025-08-20T10:00:00
248,6,4.6,2025-08-20T10:00:00
249,72,4.7,2025-08-20T10:00:00
94,97,3.6,2025-08-20T12:00:00
177,165,4.2,2025-08-20T12:00:00
101,272,2.6,2025-08-20T13:00:00
295,49,3.9,2025-08-20T13:00:00
307,144,3.3,2025-08-20T13:00:00
9,193,4.1,2025-08-20T15:00:00
84,35,4.3,2025-08-20T15:00:00
218,107,4.9,2025-08-20T15:00:00
247,50,4.6,2025-08-20T15:00:00
402,296,4.3,2025-08-20T15:00:00
410,294,3.4,2025-08-20T15:00:00
48,269,5.0,2025-08-20T16:00:00
282,137,3.6,2025-08-20T16:00:00
299,299,4.2,2025-08-20T16:00:00
427,255,2.5,2025-08-20T16:00:00
56,74,3.7,2025-08-20T17:00:00
460,249,4.4,2025-08-20T17:00:00
484,267,3.3,2025-08-20T18:00:00
159,11,4.6,2025-08-20T20:00:00
349,21,5.0,2025-08-20T20:00:00
402,92,3.6,2025-08-20T20:00:00
331,243,2.8,2025-08-20T21:00:00
480,192,4.3,2025-08-20T21:00:00
210,177,4.2,2025-08-20T22:00:00
336,205,2.8,2025-08-20T22:00:00
355,141,3.9,2025-08-20T22:00:00
57,41,4.0,2025-08-21T01:00:00
76,192,4.6,2025-08-21T01:00:00
219,176,3.0,2025-08-21T01:00:00
328,141,4.5,2025-08-21T01:00:00
421,153,3.3,2025-08-21T01:00:00
459,161,3.7,2025-08-21T01:00:00
144,158,3.0,2025-08-21T02:00:00
221,154,2.7,2025-08-21T02:00:00
118,209,4.8,2025-08-21T03:00:00
351,96,5.0,2025-08-21T03:00:00
371,246,4.1,2025-08-21T03:00:00
85,223,3.0,2025-08-21T05:00:00
156,11,4.3,2025-08-21T06:00:00
38,172,4.1,2025-08-21T07:00:00
306,209,3.0,2025-08-21T07:00:00
331,141,3.4,2025-08-21T07:00:00
335,99,3.4,2025-08-21T07:00:00
336,292,3.8,2025-08-21T07:00:00
371,202,3.3,2025-08-21T07:00:00
402,274,4.0,2025-08-21T07:00:00
29,216,3.1,2025-08-21T08:00:00
480,269,3.1,2025-08-21T08:00:00
51,111,5.0,2025-08-21T09:00:00
129,128,2.3,2025-08-21T09:00:00
17,196,5.0,2025-08-21T10:00:00
106,12,5.0,2025-08-21T10:00:00
378,161,2.8,2025-08-21T10:00:00
139,42,4.1,2025-08-21T11:00:00
221,57,3.5,2025-08-21T11:00:00
228,188,3.3,2025-08-21T11:00:00
272,183,3.3,2025-08-21T11:00:00
452,149,4.3,2025-08-21T11:00:00
84,283,2.1,2025-08-21T12:00:00
29,72,2.7,2025-08-21T13:00:00
129,129,2.9,2025-08-21T13:00:00
92,200,3.0,2025-08-21T14:00:00
325,63,5.0,2025-08-21T15:00:00
482,165,4.8,2025-08-21T15:00:00
248,297,4.1,2025-08-21T16:00:00
321,206,3.1,2025-08-21T16:00:00
333,293,4.7,2025-08-21T16:00:00
8,1,3.9,2025-08-21T17:00:00
22,41,3.9,2025-08-21T17:00:00
371,44,5.0,2025-08-21T17:00:00
456,11,4.0,2025-08-21T17:00:00
107,60,4.7,2025-08-21T18:00:00
184,250,3.9,2025-08-21T18:00:00
38,267,3.8,2025-08-21T19:00:00
351,237,5.0,2025-08-21T19:00:00
191,168,3.9,2025-08-21T20:00:00
238,286,5.0,2025-08-21T21:00:00
303,149,5.0,2025-08-21T21:00:00
371,45,5.0,2025-08-21T21:00:00
407,17,3.5,2025-08-21T21:00:00
383,128,4.0,2025-08-21T22:00:00
406,189,3.2,2025-08-21T22:00:00
159,16,4.7,2025-08-21T23:00:00
184,212,2.9,2025-08-21T23:00:00
328,89,4.0,2025-08-21T23:00:00
294,29,3.3,2025-08-22T00:00:00
258,46,3.0,2025-08-22T01:00:00
280,270,5.0,2025-08-22T01:00:00
129,115,3.1,2025-08-22T02:00:00
285,25,4.0,2025-08-22T03:00:00
331,154,4.4,2025-08-22T03:00:00
478,114,3.2,2025-08-22T03:00:00
231,174,3.6,2025-08-22T04:00:00
346,172,3.0,2025-08-22T04:00:00
364,293,5.0,2025-08-22T04:00:00
382,141,5.0,2025-08-22T04:00:00
482,198,5.0,2025-08-22T04:00:00
8,37,3.8,2025-08-22T05:00:00
292,213,4.4,2025-08-22T05:00:00
307,163,2.5,2025-08-22T05:00:00
224,146,3.7,2025-08-22T06:00:00
455,186,4.8,2025-08-22T06:00:00
265,150,5.0,2025-08-22T07:00:00
282,276,3.3,2025-08-22T07:00:00
49,293,3.4,2025-08-22T08:00:00
294,285,3.9,2025-08-22T09:00:00
105,38,4.9,2025-08-22T10:00:00
349,37,4.3,2025-08-22T10:00:00
287,182,3.1,2025-08-22T11:00:00
107,198,4.8,2025-08-22T12:00:00
156,22,4.8,2025-08-22T12:00:00
218,114,4.1,2025-08-22T13:00:00
221,188,4.1,2025-08-22T13:00:00
238,89,4.6,2025-08-22T13:00:00
417,271,3.2,2025-08-22T13:00:00
22,39,4.5,2025-08-22T14:00:00
418,277,2.5,2025-08-22T14:00:00
68,89,3.9,2025-08-22T15:00:00
123,219,2.7,2025-08-22T16:00:00
410,257,4.9,2025-08-22T16:00:00
17,188,4.8,2025-08-22T17:00:00
84,31,4.6,2025-08-22T17:00:00
100,253,2.8,2025-08-22T17:00:00
184,165,1.8,2025-08-22T18:00:00
118,249,3.5,2025-08-22T19:00:00
241,51,5.0,2025-08-22T19:00:00
441,66,3.3,2025-08-22T19:00:00
219,261,3.3,2025-08-22T21:00:00
85,85,3.4,2025-08-22T22:00:00
221,190,2.0,2025-08-22T23:00:00
351,267,4.3,2025-08-22T23:00:00
415,70,3.9,2025-08-22T23:00:00
420,74,2.5,2025-08-22T23:00:00
8,2,2.9,2025-08-23T00:00:00
33,221,3.7,2025-08-23T00:00:00
54,174,4.6,2025-08-23T01:00:00
325,53,3.7,2025-08-23T01:00:00
331,172,3.4,2025-08-23T01:00:00
410,29,2.5,2025-08-23T01:00:00
38,32,4.6,2025-08-23T02:00:00
262,266,4.0,2025-08-23T02:00:00
299,252,4.4,2025-08-23T02:00:00
421,164,2.9,2025-08-23T02:00:00
456,29,3.4,2025-08-23T02:00:00
224,240,2.8,2025-08-23T03:00:00
407,135,4.6,2025-08-23T03:00:00
33,164,2.6,2025-08-23T04:00:00
107,188,5.0,2025-08-23T04:00:00
139,79,4.9,2025-08-23T04:00:00
285,179,3.8,2025-08-23T04:00:00
459,182,5.0,2025-08-23T04:00:00
228,222,3.9,2025-08-23T05:00:00
238,264,5.0,2025-08-23T05:00:00
383,121,2.3,2025-08-23T05:00:00
415,63,4.9,2025-08-23T05:00:00
420,276,5.0,2025-08-23T05:00:00
76,182,3.9,2025-08-23T06:00:00
106,122,5.0,2025-08-23T06:00:00
291,31,4.2,2025-08-23T06:00:00
328,206,4.6,2025-08-23T07:00:00
314,250,3.0,2025-08-23T08:00:00
438,17,3.5,2025-08-23T08:00:00
95,275,3.4,2025-08-23T09:00:00
303,279,4.5,2025-08-23T09:00:00
94,270,3.5,2025-08-23T10:00:00
110,225,5.0,2025-08-23T10:00:00
409,148,4.1,2025-08-23T10:00:00
249,68,4.7,2025-08-23T11:00:00
336,264,4.5,2025-08-23T11:00:00
38,27,5.0,2025-08-23T12:00:00
57,44,3.7,2025-08-23T13:00:00
68,243,3.9,2025-08-23T13:00:00
209,168,3.8,2025-08-23T14:00:00
295,281,4.0,2025-08-23T15:00:00
355,50,4.7,2025-08-23T16:00:00
9,176,4.8,2025-08-23T17:00:00
294,229,3.7,2025-08-23T17:00:00
328,107,3.6,2025-08-23T17:00:00
349,135,4.5,2025-08-23T17:00:00
231,279,3.8,2025-08-23T18:00:00
272,90,3.5,2025-08-23T18:00:00
406,172,4.1,2025-08-23T19:00:00
321,299,4.4,2025-08-23T20:00:00
129,183,2.1,2025-08-23T21:00:00
224,279,2.6,2025-08-23T21:00:00
459,202,2.6,2025-08-23T22:00:00
478,41,3.3,2025-08-23T22:00:00
110,217,4.5,2025-08-23T23:00:00
265,201,4.2,2025-08-24T00:00:00
438,89,3.0,2025-08-24T00:00:00
455,202,4.1,2025-08-24T00:00:00
71,109,3.2,2025-08-24T02:00:00
100,261,3.9,2025-08-24T03:00:00
159,244,2.8,2025-08-24T03:00:00
441,226,3.5,2025-08-24T03:00:00
56,195,4.4,2025-08-24T04:00:00
346,187,4.1,2025-08-24T05:00:00
48,11,2.3,2025-08-24T06:00:00
210,23,3.6,2025-08-24T06:00:00
336,164,2.4,2025-08-24T06:00:00
418,195,4.5,2025-08-24T06:00:00
30,222,3.7,2025-08-24T07:00:00
101,288,1.4,2025-08-24T07:00:00
407,139,5.0,2025-08-24T07:00:00
427,138,4.3,2025-08-24T07:00:00
455,99,4.5,2025-08-24T07:00:00
95,162,3.8,2025-08-24T08:00:00
287,134,3.4,2025-08-24T08:00:00
100,217,2.2,2025-08-24T09:00:00
177,122,2.0,2025-08-24T09:00:00
314,210,3.6,2025-08-24T09:00:00
54,193,4.3,2025-08-24T10:00:00
247,164,4.6,2025-08-24T10:00:00
333,195,4.4,2025-08-24T10:00:00
291,17,4.6,2025-08-24T12:00:00
29,142,4.0,2025-08-24T13:00:00
480,31,3.7,2025-08-24T13:00:00
402,150,3.4,2025-08-24T14:00:00
420,183,4.5,2025-08-24T14:00:00
105,244,3.6,2025-08-24T15:00:00
144,188,4.0,2025-08-24T16:00:00
184,241,4.3,2025-08-24T17:00:00
191,160,3.4,2025-08-24T17:00:00
364,257,5.0,2025-08-24T17:00:00
460,252,5.0,2025-08-24T17:00:00
228,179,5.0,2025-08-24T18:00:00
409,172,4.8,2025-08-24T18:00:00
441,212,4.1,2025-08-24T18:00:00
452,102,4.0,2025-08-24T18:00:00
110,74,3.4,2025-08-24T20:00:00
107,300,3.9,2025-08-24T21:00:00
219,280,3.6,2025-08-24T22:00:00
231,189,4.7,2025-08-24T22:00:00
349,250,4.1,2025-08-24T22:00:00
335,74,2.5,2025-08-24T23:00:00
456,5,3.4,2025-08-24T23:00:00
17,190,5.0,2025-08-25T00:00:00
299,176,2.3,2025-08-25T00:00:00
382,95,5.0,2025-08-25T00:00:00
248,40,5.0,2025-08-25T01:00:00
292,33,3.1,2025-08-25T01:00:00
333,155,5.0,2025-08-25T01:00:00
325,208,4.7,2025-08-25T02:00:00
94,257,4.1,2025-08-25T03:00:00
224,111,3.1,2025-08-25T04:00:00
418,239,3.5,2025-08-25T04:00:00
258,70,3.0,2025-08-25T05:00:00
272,59,4.5,2025-08-25T05:00:00
306,121,4.5,2025-08-25T05:00:00
92,4,1.9,2025-08-25T06:00:00
100,285,2.8,2025-08-25T06:00:00
262,156,4.4,2025-08-25T06:00:00
351,79,5.0,2025-08-25T07:00:00
51,209,3.4,2025-08-25T08:00:00
85,34,5.0,2025-08-25T08:00:00
224,80,2.0,2025-08-25T08:00:00
307,128,2.3,2025-08-25T09:00:00
482,153,4.5,2025-08-25T09:00:00
191,134,2.1,2025-08-25T10:00:00
249,238,3.9,2025-08-25T10:00:00
49,44,4.0,2025-08-25T11:00:00
123,210,3.5,2025-08-25T11:00:00
29,41,2.1,2025-08-25T13:00:00
48,74,2.7,2025-08-25T13:00:00
209,156,4.8,2025-08-25T13:00:00
22,181,3.3,2025-08-25T14:00:00
107,56,5.0,2025-08-25T14:00:00
228,194,5.0,2025-08-25T14:00:00
335,165,4.9,2025-08-25T14:00:00
478,266,3.1,2025-08-25T14:00:00
118,35,5.0,2025-08-25T15:00:00
407,160,4.1,2025-08-25T15:00:00
452,20,3.9,2025-08-25T15:00:00
402,223,3.3,2025-08-25T16:00:00
427,2,2.4,2025-08-25T16:00:00
459,249,3.8,2025-08-25T16:00:00
94,92,4.7,2025-08-25T19:00:00
280,260,4.5,2025-08-25T19:00:00
314,232,3.8,2025-08-25T19:00:00
383,117,2.3,2025-08-25T19:00:00
106,70,4.3,2025-08-25T20:00:00
331,181,3.9,2025-08-25T20:00:00
118,11,5.0,2025-08-25T21:00:00
238,299,4.7,2025-08-25T21:00:00
282,224,3.2,2025-08-25T21:00:00
478,249,5.0,2025-08-25T22:00:00
335,180,3.8,2025-08-25T23:00:00
85,214,3.9,2025-08-26T00:00:00
410,192,2.6,2025-08-26T01:00:00
441,206,4.5,2025-08-26T01:00:00
105,46,4.7,2025-08-26T03:00:00
68,219,4.9,2025-08-26T04:00:00
76,74,3.1,2025-08-26T04:00:00
287,9,2.3,2025-08-26T04:00:00
48,274,3.9,2025-08-26T05:00:00
95,99,2.3,2025-08-26T05:00:00
228,149,4.7,2025-08-26T08:00:00
307,133,3.3,2025-08-26T08:00:00
349,11,5.0,2025-08-26T08:00:00
406,29,2.9,2025-08-26T08:00:00
38,7,5.0,2025-08-26T09:00:00
84,10,3.6,2025-08-26T09:00:00
303,197,4.1,2025-08-26T10:00:00
17,209,4.6,2025-08-26T11:00:00
421,161,3.6,2025-08-26T11:00:00
9,158,4.4,2025-08-26T12:00:00
415,14,2.9,2025-08-26T12:00:00
238,178,3.3,2025-08-26T13:00:00
33,223,4.5,2025-08-26T14:00:00
139,176,5.0,2025-08-26T14:00:00
241,170,5.0,2025-08-26T14:00:00
282,262,2.3,2025-08-26T14:00:00
438,102,2.9,2025-08-26T14:00:00
294,208,4.5,2025-08-26T16:00:00
221,196,2.9,2025-08-26T17:00:00
346,174,3.8,2025-08-26T18:00:00
71,148,3.3,2025-08-26T19:00:00
57,55,3.8,2025-08-26T20:00:00
68,278,2.5,2025-08-26T20:00:00
85,38,4.0,2025-08-26T22:00:00
8,153,3.7,2025-08-26T23:00:00
478,206,3.9,2025-08-26T23:00:00
480,46,4.4,2025-08-26T23:00:00
351,98,5.0,2025-08-27T00:00:00
238,125,3.6,2025-08-27T01:00:00
258,243,2.6,2025-08-27T01:00:00
262,74,4.5,2025-08-27T02:00:00
272,63,5.0,2025-08-27T02:00:00
54,163,4.9,2025-08-27T03:00:00
56,122,2.7,2025-08-27T03:00:00
364,8,4.7,2025-08-27T03:00:00
191,58,3.4,2025-08-27T04:00:00
421,158,3.4,2025-08-27T04:00:00
129,48,1.9,2025-08-27T05:00:00
303,140,5.0,2025-08-27T05:00:00
409,170,3.1,2025-08-27T05:00:00
452,34,4.8,2025-08-27T05:00:00
76,158,3.7,2025-08-27T06:00:00
295,259,3.5,2025-08-27T08:00:00
382,92,5.0,2025-08-27T08:00:00
231,172,5.0,2025-08-27T09:00:00
421,269,3.4,2025-08-27T09:00:00
22,199,3.4,2025-08-27T10:00:00
184,226,4.9,2025-08-27T10:00:00
84,164,2.5,2025-08-27T11:00:00
228,132,4.8,2025-08-27T11:00:00
328,111,5.0,2025-08-27T12:00:00
249,98,5.0,2025-08-27T13:00:00
48,282,4.1,2025-08-27T14:00:00
221,213,2.2,2025-08-27T15:00:00
321,266,3.6,2025-08-27T15:00:00
291,198,3.3,2025-08-27T17:00:00
177,179,2.9,2025-08-27T18:00:00
364,280,5.0,2025-08-27T18:00:00
382,140,4.3,2025-08-27T18:00:00
460,274,5.0,2025-08-27T18:00:00
258,21,3.3,2025-08-27T19:00:00
407,256,3.9,2025-08-27T19:00:00
49,234,3.6,2025-08-27T20:00:00
123,183,2.7,2025-08-27T20:00:00
144,186,4.7,2025-08-27T21:00:00
17,259,4.6,2025-08-27T23:00:00
420,265,5.0,2025-08-27T23:00:00
265,207,4.3,2025-08-28T00:00:00
159,2,4.8,2025-08-28T01:00:00
303,91,3.6,2025-08-28T01:00:00
459,178,4.4,2025-08-28T01:00:00
478,54,4.5,2025-08-28T01:00:00
33,280,3.6,2025-08-28T02:00:00
335,122,3.2,2025-08-28T02:00:00
349,88,5.0,2025-08-28T02:00:00
427,103,3.8,2025-08-28T02:00:00
129,238,2.2,2025-08-28T03:00:00
210,274,4.1,2025-08-28T04:00:00
455,53,4.2,2025-08-28T05:00:00
30,131,3.0,2025-08-28T06:00:00
299,285,3.7,2025-08-28T06:00:00
48,252,3.3,2025-08-28T07:00:00
238,164,4.9,2025-08-28T07:00:00
325,70,4.5,2025-08-28T07:00:00
333,170,5.0,2025-08-28T07:00:00
418,181,4.8,2025-08-28T08:00:00
456,156,4.2,2025-08-28T09:00:00
247,6,3.9,2025-08-28T10:00:00
482,200,5.0,2025-08-28T10:00:00
219,130,3.7,2025-08-28T11:00:00
406,239,3.1,2025-08-28T11:00:00
38,149,3.9,2025-08-28T12:00:00
92,90,3.3,2025-08-28T12:00:00
100,294,3.8,2025-08-28T12:00:00
224,209,3.3,2025-08-28T12:00:00
294,226,4.1,2025-08-28T12:00:00
248,266,2.8,2025-08-28T13:00:00
328,74,2.6,2025-08-28T14:00:00
184,259,3.3,2025-08-28T15:00:00
335,209,4.4,2025-08-28T15:00:00
351,55,5.0,2025-08-28T15:00:00
406,295,3.5,2025-08-28T15:00:00
420,272,4.9,2025-08-28T15:00:00
105,122,4.4,2025-08-28T16:00:00
118,29,3.8,2025-08-28T16:00:00
191,167,4.2,2025-08-28T16:00:00
209,173,4.0,2025-08-28T16:00:00
333,161,4.9,2025-08-28T17:00:00
9,181,3.9,2025-08-28T18:00:00
294,266,2.8,2025-08-28T19:00:00
306,15,4.6,2025-08-28T19:00:00
30,173,3.7,2025-08-28T21:00:00
57,25,4.5,2025-08-28T21:00:00
328,96,2.9,2025-08-28T21:00:00
409,209,2.8,2025-08-28T21:00:00
144,157,3.5,2025-08-28T22:00:00
51,159,3.5,2025-08-29T00:00:00
107,16,4.2,2025-08-29T00:00:00
280,17,2.9,2025-08-29T01:00:00
29,115,3.8,2025-08-29T02:00:00
287,42,3.1,2025-08-29T02:00:00
427,209,1.4,2025-08-29T02:00:00
328,124,4.7,2025-08-29T03:00:00
71,211,2.3,2025-08-29T04:00:00
325,223,5.0,2025-08-29T06:00:00
84,26,3.5,2025-08-29T08:00:00
95,29,1.9,2025-08-29T08:00:00
383,129,2.7,2025-08-29T08:00:00
9,52,3.9,2025-08-29T09:00:00
54,244,2.6,2025-08-29T10:00:00
314,274,2.3,2025-08-29T11:00:00
406,293,4.2,2025-08-29T11:00:00
418,213,4.3,2025-08-29T11:00:00
299,260,4.6,2025-08-29T12:00:00
303,42,4.7,2025-08-29T12:00:00
94,222,3.8,2025-08-29T14:00:00
441,192,3.5,2025-08-29T14:00:00
139,212,3.8,2025-08-29T16:00:00
247,1,4.8,2025-08-29T16:00:00
106,27,5.0,2025-08-29T18:00:00
228,168,4.2,2025-08-29T18:00:00
118,244,3.8,2025-08-29T19:00:00
282,199,3.9,2025-08-29T19:00:00
438,15,3.6,2025-08-29T20:00:00
231,292,3.9,2025-08-29T22:00:00
249,216,3.7,2025-08-29T22:00:00
421,41,2.5,2025-08-29T22:00:00
272,197,4.6,2025-08-29T23:00:00
410,286,5.0,2025-08-29T23:00:00
106,28,5.0,2025-08-30T00:00:00
129,102,2.8,2025-08-30T00:00:00
456,195,4.5,2025-08-30T00:00:00
459,45,3.3,2025-08-30T00:00:00
76,187,4.5,2025-08-30T01:00:00
307,99,2.5,2025-08-30T01:00:00
238,224,4.4,2025-08-30T02:00:00
452,150,4.9,2025-08-30T02:00:00
346,122,2.9,2025-08-30T03:00:00
94,42,2.9,2025-08-30T05:00:00
456,162,3.1,2025-08-30T05:00:00
17,198,5.0,2025-08-30T06:00:00
480,23,4.0,2025-08-30T06:00:00
100,289,2.9,2025-08-30T07:00:00
56,288,3.5,2025-08-30T09:00:00
84,74,3.0,2025-08-30T09:00:00
85,50,3.4,2025-08-30T09:00:00
415,91,3.0,2025-08-30T09:00:00
272,79,4.3,2025-08-30T10:00:00
420,280,4.4,2025-08-30T10:00:00
8,40,3.8,2025-08-30T12:00:00
94,135,3.0,2025-08-30T13:00:00
238,268,5.0,2025-08-30T13:00:00
351,81,4.9,2025-08-30T14:00:00
460,168,5.0,2025-08-30T14:00:00
29,45,3.6,2025-08-30T17:00:00
231,170,4.3,2025-08-30T17:00:00
364,262,4.5,2025-08-30T17:00:00
415,102,3.0,2025-08-30T17:00:00
238,294,5.0,2025-08-30T18:00:00
258,219,2.1,2025-08-30T18:00:00
328,134,4.3,2025-08-30T18:00:00
482,102,5.0,2025-08-30T18:00:00
177,209,2.0,2025-08-30T19:00:00
383,136,3.4,2025-08-30T19:00:00
407,164,3.1,2025-08-30T19:00:00
107,219,3.7,2025-08-30T21:00:00
262,248,5.0,2025-08-30T21:00:00
321,267,3.8,2025-08-30T21:00:00
247,18,4.8,2025-08-30T22:00:00
265,111,5.0,2025-08-30T22:00:00
382,271,3.6,2025-08-30T22:00:00
30,153,5.0,2025-08-30T23:00:00
38,122,5.0,2025-08-30T23:00:00
123,202,2.9,2025-08-30T23:00:00
8,141,1.7,2025-08-31T00:00:00
84,19,3.7,2025-08-31T00:00:00
219,121,5.0,2025-08-31T00:00:00
29,120,3.6,2025-08-31T01:00:00
228,266,4.6,2025-08-31T02:00:00
455,58,4.4,2025-08-31T02:00:00
106,18,5.0,2025-08-31T04:00:00
406,159,3.0,2025-08-31T04:00:00
456,183,4.3,2025-08-31T04:00:00
221,155,2.8,2025-08-31T05:00:00
159,5,4.4,2025-08-31T07:00:00
427,189,4.0,2025-08-31T08:00:00
383,18,1.8,2025-08-31T09:00:00
92,142,3.7,2025-08-31T10:00:00
210,11,3.8,2025-08-31T10:00:00
409,129,4.3,2025-08-31T10:00:00
287,111,3.6,2025-08-31T12:00:00
349,31,5.0,2025-08-31T12:00:00
291,5,3.5,2025-08-31T13:00:00
248,80,3.7,2025-08-31T14:00:00
452,238,3.3,2025-08-31T14:00:00
294,158,3.6,2025-08-31T17:00:00
420,275,4.0,2025-08-31T17:00:00
459,245,3.0,2025-08-31T18:00:00
56,58,3.0,2025-08-31T19:00:00
209,186,3.4,2025-08-31T19:00:00
258,1,3.6,2025-08-31T19:00:00
280,276,4.7,2025-08-31T19:00:00
415,280,4.0,2025-08-31T19:00:00
351,148,3.9,2025-08-31T21:00:00
238,274,5.0,2025-08-31T22:00:00
478,80,4.6,2025-08-31T22:00:00
139,57,5.0,2025-08-31T23:00:00
441,233,4.2,2025-09-01T00:00:00
54,197,3.7,2025-09-01T01:00:00
71,150,3.7,2025-09-01T01:00:00
335,94,2.7,2025-09-01T01:00:00
48,255,3.4,2025-09-01T02:00:00
410,290,3.3,2025-09-01T02:00:00
249,200,4.5,2025-09-01T03:00:00
364,286,5.0,2025-09-01T04:00:00
129,292,2.7,2025-09-01T06:00:00
159,253,3.8,2025-09-01T06:00:00
105,164,3.8,2025-09-01T07:00:00
210,89,3.7,2025-09-01T08:00:00
282,242,4.1,2025-09-01T08:00:00
406,277,4.3,2025-09-01T08:00:00
307,85,1.3,2025-09-01T09:00:00
346,160,4.9,2025-09-01T09:00:00
438,30,4.4,2025-09-01T09:00:00
224,29,2.5,2025-09-01T10:00:00
106,16,4.9,2025-09-01T11:00:00
306,10,4.9,2025-09-01T11:00:00
333,277,3.9,2025-09-01T12:00:00
325,3,4.8,2025-09-01T13:00:00
184,45,2.0,2025-09-01T14:00:00
328,139,4.9,2025-09-01T14:00:00
159,99,3.3,2025-09-01T15:00:00
418,185,5.0,2025-09-01T15:00:00
51,29,3.5,2025-09-01T17:00:00
94,278,4.5,2025-09-01T17:00:00
299,275,4.4,2025-09-01T17:00:00
54,175,3.9,2025-09-01T18:00:00
95,213,1.9,2025-09-01T18:00:00
177,193,3.7,2025-09-01T18:00:00
272,187,4.3,2025-09-01T18:00:00
265,141,4.7,2025-09-01T19:00:00
144,185,3.5,2025-09-01T20:00:00
57,3,3.7,2025-09-01T21:00:00
409,29,3.0,2025-09-01T22:00:00
407,101,4.5,2025-09-01T23:00:00
159,6,4.1,2025-09-02T00:00:00
480,49,3.8,2025-09-02T00:00:00
29,133,3.6,2025-09-02T01:00:00
85,25,4.0,2025-09-02T01:00:00
427,173,4.2,2025-09-02T01:00:00
421,154,3.5,2025-09-02T02:00:00
441,238,4.4,2025-09-02T02:00:00
314,227,3.9,2025-09-02T03:00:00
9,159,4.2,2025-09-02T04:00:00
280,291,4.6,2025-09-02T05:00:00
415,64,3.6,2025-09-02T05:00:00
248,15,4.4,2025-09-02T06:00:00
349,218,3.9,2025-09-02T06:00:00
409,149,4.1,2025-09-02T06:00:00
460,122,4.3,2025-09-02T06:00:00
144,156,4.7,2025-09-02T07:00:00
291,30,4.5,2025-09-02T08:00:00
452,41,4.7,2025-09-02T09:00:00
57,37,5.0,2025-09-02T10:00:00
38,222,2.9,2025-09-02T11:00:00
123,291,2.7,2025-09-02T11:00:00
184,42,2.3,2025-09-02T11:00:00
30,167,4.6,2025-09-02T12:00:00
228,115,4.7,2025-09-02T12:00:00
382,117,3.9,2025-09-02T12:00:00
95,271,2.9,2025-09-02T13:00:00
415,60,4.3,2025-09-02T13:00:00
231,75,4.5,2025-09-02T14:00:00
418,133,3.5,2025-09-02T15:00:00
17,151,5.0,2025-09-02T16:00:00
92,248,2.9,2025-09-02T16:00:00
118,38,5.0,2025-09-02T16:00:00
159,34,4.3,2025-09-02T16:00:00
287,103,3.8,2025-09-02T16:00:00
407,266,3.6,2025-09-02T16:00:00
410,272,3.0,2025-09-02T16:00:00
441,2,4.3,2025-09-02T16:00:00
480,223,3.1,2025-09-02T16:00:00
262,172,5.0,2025-09-02T17:00:00
129,141,3.5,2025-09-02T18:00:00
71,275,3.3,2025-09-02T19:00:00
294,59,4.8,2025-09-02T19:00:00
409,143,3.6,2025-09-02T19:00:00
456,48,3.3,2025-09-02T20:00:00
107,59,5.0,2025-09-02T22:00:00
177,181,3.6,2025-09-02T22:00:00
459,187,4.4,2025-09-03T00:00:00
85,165,3.5,2025-09-03T01:00:00
100,262,3.9,2025-09-03T01:00:00
238,252,5.0,2025-09-03T01:00:00
219,112,4.0,2025-09-03T02:00:00
84,17,4.1,2025-09-03T03:00:00
221,169,3.8,2025-09-03T03:00:00
265,248,4.8,2025-09-03T03:00:00
349,270,3.8,2025-09-03T04:00:00
139,246,4.6,2025-09-03T06:00:00
482,155,5.0,2025-09-03T06:00:00
9,275,3.0,2025-09-03T07:00:00
105,209,5.0,2025-09-03T07:00:00
94,277,3.2,2025-09-03T09:00:00
224,148,3.7,2025-09-03T09:00:00
100,269,2.9,2025-09-03T10:00:00
247,269,4.9,2025-09-03T10:00:00
272,178,4.3,2025-09-03T10:00:00
456,176,3.4,2025-09-03T10:00:00
56,187,5.0,2025-09-03T11:00:00
438,6,4.2,2025-09-03T12:00:00
291,4,4.3,2025-09-03T13:00:00
328,254,2.7,2025-09-03T15:00:00
364,269,5.0,2025-09-03T20:00:00
382,78,5.0,2025-09-03T20:00:00
456,244,4.8,2025-09-03T21:00:00
299,124,2.8,2025-09-03T22:00:00
71,108,4.4,2025-09-03T23:00:00
139,279,4.7,2025-09-03T23:00:00
29,51,3.6,2025-09-04T00:00:00
48,258,4.2,2025-09-04T00:00:00
184,233,3.8,2025-09-04T01:00:00
314,212,2.4,2025-09-04T01:00:00
456,177,4.7,2025-09-04T01:00:00
9,200,3.9,2025-09-04T02:00:00
144,108,4.2,2025-09-04T05:00:00
460,222,4.0,2025-09-04T06:00:00
29,86,3.9,2025-09-04T08:00:00
118,79,4.1,2025-09-04T08:00:00
294,232,3.6,2025-09-04T08:00:00
478,231,3.8,2025-09-04T08:00:00
249,178,3.6,2025-09-04T09:00:00
383,254,1.2,2025-09-04T09:00:00
452,47,4.3,2025-09-04T09:00:00
159,165,4.0,2025-09-04T11:00:00
306,165,3.2,2025-09-04T11:00:00
335,160,3.3,2025-09-04T11:00:00
238,287,4.7,2025-09-04T12:00:00
248,141,4.2,2025-09-04T12:00:00
382,52,4.8,2025-09-04T12:00:00
210,257,4.3,2025-09-04T14:00:00
427,193,3.9,2025-09-04T14:00:00
129,133,3.6,2025-09-04T15:00:00
209,176,4.2,2025-09-04T15:00:00
280,75,3.7,2025-09-04T15:00:00
418,190,4.8,2025-09-04T15:00:00
265,223,4.4,2025-09-04T16:00:00
287,129,4.5,2025-09-04T16:00:00
123,203,3.1,2025-09-04T18:00:00
30,186,5.0,2025-09-04T19:00:00
258,31,2.4,2025-09-04T19:00:00
84,162,1.7,2025-09-04T21:00:00
351,244,4.8,2025-09-04T21:00:00
56,189,3.6,2025-09-04T22:00:00
307,75,2.6,2025-09-04T22:00:00
30,181,5.0,2025-09-04T23:00:00
106,59,3.7,2025-09-04T23:00:00
265,55,3.7,2025-09-04T23:00:00
410,74,2.6,2025-09-04T23:00:00
328,61,3.7,2025-09-05T00:00:00
9,187,4.2,2025-09-05T01:00:00
48,221,3.0,2025-09-05T01:00:00
95,160,4.2,2025-09-05T01:00:00
92,180,3.8,2025-09-05T02:00:00
333,185,5.0,2025-09-05T04:00:00
415,122,3.3,2025-09-05T05:00:00
418,155,5.0,2025-09-05T05:00:00
107,180,5.0,2025-09-05T06:00:00
299,267,4.3,2025-09-05T07:00:00
346,176,4.3,2025-09-05T07:00:00
51,185,2.7,2025-09-05T08:00:00
452,128,4.2,2025-09-05T10:00:00
325,296,3.1,2025-09-05T11:00:00
480,87,3.2,2025-09-05T11:00:00
85,291,2.6,2025-09-05T12:00:00
106,265,3.6,2025-09-05T12:00:00
294,176,3.3,2025-09-05T12:00:00
54,199,4.3,2025-09-05T13:00:00
262,55,3.0,2025-09-05T13:00:00
159,13,4.8,2025-09-05T14:00:00
221,151,4.0,2025-09-05T14:00:00
94,75,5.0,2025-09-05T17:00:00
294,17,2.8,2025-09-05T17:00:00
100,258,3.2,2025-09-05T19:00:00
231,166,4.4,2025-09-05T19:00:00
459,152,3.5,2025-09-05T19:00:00
333,182,5.0,2025-09-05T20:00:00
418,70,3.6,2025-09-05T20:00:00
441,275,3.1,2025-09-05T20:00:00
56,134,3.3,2025-09-05T21:00:00
51,148,4.4,2025-09-05T22:00:00
314,275,2.0,2025-09-05T22:00:00
364,297,4.5,2025-09-05T22:00:00
421,10,3.2,2025-09-05T22:00:00
38,100,3.7,2025-09-05T23:00:00
438,23,3.8,2025-09-06T01:00:00
441,196,3.1,2025-09-06T01:00:00
410,10,2.4,2025-09-06T04:00:00
95,177,3.7,2025-09-06T05:00:00
328,153,2.2,2025-09-06T05:00:00
209,177,3.8,2025-09-06T06:00:00
48,298,4.1,2025-09-06T07:00:00
144,191,3.4,2025-09-06T07:00:00
177,83,3.7,2025-09-06T07:00:00
456,34,3.3,2025-09-06T08:00:00
228,285,4.2,2025-09-06T09:00:00
349,46,5.0,2025-09-06T10:00:00
129,120,4.4,2025-09-06T11:00:00
452,119,4.4,2025-09-06T12:00:00
17,260,3.6,2025-09-06T13:00:00
139,69,5.0,2025-09-06T14:00:00
280,250,3.4,2025-09-06T14:00:00
415,270,3.4,2025-09-06T14:00:00
272,192,4.3,2025-09-06T15:00:00
407,300,4.2,2025-09-06T15:00:00
105,2,5.0,2025-09-06T16:00:00
307,73,1.5,2025-09-06T16:00:00
351,149,4.6,2025-09-06T16:00:00
95,266,2.7,2025-09-06T18:00:00
38,209,3.8,2025-09-06T19:00:00
219,219,4.1,2025-09-06T19:00:00
238,261,5.0,2025-09-06T20:00:00
247,280,2.7,2025-09-06T20:00:00
482,176,4.7,2025-09-06T20:00:00
459,196,4.9,2025-09-06T21:00:00
71,22,4.4,2025-09-06T23:00:00
452,50,4.5,2025-09-07T01:00:00
291,43,3.3,2025-09-07T02:00:00
307,130,4.8,2025-09-07T02:00:00
478,45,3.9,2025-09-07T02:00:00
118,224,3.2,2025-09-07T03:00:00
51,119,4.8,2025-09-07T04:00:00
84,30,3.9,2025-09-07T04:00:00
249,75,5.0,2025-09-07T04:00:00
421,273,3.3,2025-09-07T04:00:00
480,146,2.8,2025-09-07T05:00:00
85,44,3.6,2025-09-07T06:00:00
228,289,3.9,2025-09-07T07:00:00
346,286,2.5,2025-09-07T07:00:00
184,223,3.9,2025-09-07T08:00:00
92,192,3.2,2025-09-07T09:00:00
209,190,4.5,2025-09-07T11:00:00
294,91,3.1,2025-09-07T11:00:00
325,219,4.8,2025-09-07T12:00:00
335,197,3.9,2025-09-07T12:00:00
272,69,3.9,2025-09-07T13:00:00
247,12,3.7,2025-09-07T14:00:00
231,152,5.0,2025-09-07T15:00:00
248,179,3.0,2025-09-07T15:00:00
210,126,3.5,2025-09-07T16:00:00
262,149,4.9,2025-09-07T16:00:00
427,111,3.2,2025-09-07T16:00:00
95,238,3.1,2025-09-07T17:00:00
265,279,3.4,2025-09-07T18:00:00
123,226,2.9,2025-09-07T19:00:00
249,6,3.1,2025-09-07T20:00:00
258,40,4.3,2025-09-07T20:00:00
328,128,4.9,2025-09-07T21:00:00
410,255,4.3,2025-09-07T21:00:00
262,244,5.0,2025-09-07T22:00:00
9,152,3.7,2025-09-07T23:00:00
382,51,4.8,2025-09-07T23:00:00
460,182,5.0,2025-09-08T00:00:00
421,266,2.5,2025-09-08T01:00:00
159,209,3.3,2025-09-08T02:00:00
383,114,2.4,2025-09-08T02:00:00
29,139,3.1,2025-09-08T04:00:00
107,96,5.0,2025-09-08T06:00:00
306,111,3.1,2025-09-08T06:00:00
9,183,4.1,2025-09-08T07:00:00
48,161,3.4,2025-09-08T07:00:00
144,153,3.4,2025-09-08T07:00:00
480,214,3.3,2025-09-08T07:00:00
335,184,4.2,2025-09-08T08:00:00
459,279,3.6,2025-09-08T09:00:00
30,197,4.9,2025-09-08T13:00:00
56,11,4.1,2025-09-08T13:00:00
129,104,3.1,2025-09-08T13:00:00
71,29,3.4,2025-09-08T14:00:00
258,35,4.1,2025-09-08T14:00:00
314,49,3.0,2025-09-08T15:00:00
364,274,5.0,2025-09-08T15:00:00
38,47,5.0,2025-09-08T16:00:00
221,267,2.7,2025-09-08T16:00:00
106,30,3.7,2025-09-08T17:00:00
307,237,2.5,2025-09-08T17:00:00
228,196,4.0,2025-09-08T19:00:00
248,18,5.0,2025-09-08T19:00:00
299,249,2.8,2025-09-08T19:00:00
107,209,3.4,2025-09-08T20:00:00
231,186,4.9,2025-09-08T20:00:00
17,286,3.8,2025-09-08T21:00:00
30,183,4.7,2025-09-08T23:00:00
306,146,4.7,2025-09-08T23:00:00
478,203,4.8,2025-09-08T23:00:00
228,139,3.7,2025-09-09T00:00:00
262,175,4.3,2025-09-09T00:00:00
209,206,4.2,2025-09-09T01:00:00
247,39,5.0,2025-09-09T01:00:00
258,271,1.9,2025-09-09T01:00:00
85,238,4.2,2025-09-09T02:00:00
177,162,3.5,2025-09-09T04:00:00
272,122,3.8,2025-09-09T05:00:00
427,185,4.0,2025-09-09T05:00:00
94,142,3.5,2025-09-09T06:00:00
438,3,3.4,2025-09-09T09:00:00
56,173,4.9,2025-09-09T10:00:00
482,129,4.7,2025-09-09T10:00:00
294,52,4.7,2025-09-09T11:00:00
456,17,2.9,2025-09-09T11:00:00
238,278,4.1,2025-09-09T12:00:00
325,246,4.2,2025-09-09T13:00:00
346,170,2.6,2025-09-09T13:00:00
333,153,5.0,2025-09-09T14:00:00
210,243,3.5,2025-09-09T15:00:00
9,161,4.3,2025-09-09T16:00:00
209,188,3.7,2025-09-09T17:00:00
29,109,4.0,2025-09-09T18:00:00
441,229,3.3,2025-09-09T20:00:00
421,160,4.4,2025-09-09T22:00:00
48,296,4.2,2025-09-09T23:00:00
272,99,4.2,2025-09-09T23:00:00
84,163,2.1,2025-09-10T01:00:00
247,21,4.8,2025-09-10T01:00:00
415,57,4.9,2025-09-10T01:00:00
51,129,4.6,2025-09-10T02:00:00
129,277,2.5,2025-09-10T02:00:00
139,117,5.0,2025-09-10T04:00:00
107,187,4.8,2025-09-10T05:00:00
105,6,5.0,2025-09-10T06:00:00
415,71,3.4,2025-09-10T06:00:00
280,297,5.0,2025-09-10T07:00:00
335,198,3.8,2025-09-10T07:00:00
421,272,4.5,2025-09-10T08:00:00
407,276,2.9,2025-09-10T09:00:00
415,96,5.0,2025-09-10T10:00:00
38,26,5.0,2025-09-10T11:00:00
184,214,3.5,2025-09-10T11:00:00
299,164,2.8,2025-09-10T11:00:00
249,67,4.5,2025-09-10T12:00:00
71,26,2.6,2025-09-10T13:00:00
85,89,3.1,2025-09-10T13:00:00
351,204,5.0,2025-09-10T14:00:00
294,58,4.8,2025-09-10T15:00:00
118,9,4.6,2025-09-10T16:00:00
265,208,5.0,2025-09-10T16:00:00
346,191,3.9,2025-09-10T18:00:00
56,280,4.2,2025-09-10T19:00:00
291,182,3.6,2025-09-10T19:00:00
328,112,4.6,2025-09-10T20:00:00
452,114,3.4,2025-09-10T20:00:00
48,55,3.8,2025-09-10T22:00:00
262,202,4.9,2025-09-10T22:00:00
123,207,3.4,2025-09-10T23:00:00
333,179,5.0,2025-09-11T01:00:00
299,111,3.2,2025-09-11T03:00:00
480,19,4.4,2025-09-11T03:00:00
248,50,5.0,2025-09-11T04:00:00
415,50,3.3,2025-09-11T06:00:00
48,284,4.6,2025-09-11T07:00:00
452,5,3.9,2025-09-11T07:00:00
129,123,4.4,2025-09-11T08:00:00
94,41,4.2,2025-09-11T09:00:00
441,228,4.8,2025-09-11T09:00:00
231,291,3.3,2025-09-11T10:00:00
9,174,4.0,2025-09-11T11:00:00
294,201,3.6,2025-09-11T12:00:00
383,146,2.4,2025-09-11T12:00:00
123,213,4.1,2025-09-11T14:00:00
456,170,4.1,2025-09-11T14:00:00
459,76,2.2,2025-09-11T14:00:00
247,102,4.1,2025-09-11T17:00:00
364,33,3.9,2025-09-11T17:00:00
382,56,5.0,2025-09-11T17:00:00
30,187,4.2,2025-09-11T18:00:00
177,65,3.3,2025-09-11T19:00:00
460,297,5.0,2025-09-11T19:00:00
84,176,3.2,2025-09-11T20:00:00
307,106,2.1,2025-09-11T20:00:00
159,296,2.5,2025-09-11T23:00:00
299,288,3.7,2025-09-11T23:00:00
221,249,2.7,2025-09-12T00:00:00
294,270,3.2,2025-09-12T03:00:00
71,253,2.9,2025-09-12T04:00:00
272,189,3.3,2025-09-12T05:00:00
427,172,4.2,2025-09-12T05:00:00
452,263,2.4,2025-09-12T05:00:00
221,55,2.9,2025-09-12T06:00:00
415,151,3.1,2025-09-12T06:00:00
144,122,2.3,2025-09-12T07:00:00
247,11,5.0,2025-09-12T07:00:00
478,108,3.4,2025-09-12T07:00:00
407,123,4.5,2025-09-12T09:00:00
314,75,2.7,2025-09-12T10:00:00
85,27,2.6,2025-09-12T11:00:00
118,164,4.1,2025-09-12T11:00:00
351,246,4.9,2025-09-12T12:00:00
139,70,5.0,2025-09-12T16:00:00
17,200,5.0,2025-09-12T17:00:00
333,162,5.0,2025-09-12T17:00:00
441,293,3.6,2025-09-12T17:00:00
299,102,4.3,2025-09-12T18:00:00
118,291,3.6,2025-09-12T19:00:00
177,108,3.2,2025-09-12T20:00:00
421,260,4.6,2025-09-12T21:00:00
248,63,4.8,2025-09-12T22:00:00
294,61,4.6,2025-09-12T22:00:00
306,55,4.3,2025-09-12T22:00:00
441,236,4.3,2025-09-12T22:00:00
56,13,3.7,2025-09-12T23:00:00
228,161,4.7,2025-09-13T00:00:00
209,19,3.4,2025-09-13T01:00:00
238,290,5.0,2025-09-13T02:00:00
482,196,4.8,2025-09-13T02:00:00
249,197,2.8,2025-09-13T03:00:00
438,59,2.2,2025-09-13T03:00:00
452,277,2.9,2025-09-13T06:00:00
210,261,4.7,2025-09-13T08:00:00
335,176,4.6,2025-09-13T08:00:00
459,46,2.7,2025-09-13T12:00:00
184,277,2.0,2025-09-13T13:00:00
328,147,5.0,2025-09-13T14:00:00
478,3,4.1,2025-09-13T15:00:00
247,70,4.0,2025-09-13T16:00:00
382,29,2.1,2025-09-13T16:00:00
452,271,3.4,2025-09-13T16:00:00
29,273,1.9,2025-09-13T17:00:00
30,280,2.8,2025-09-13T18:00:00
144,190,4.1,2025-09-13T18:00:00
56,198,4.7,2025-09-13T19:00:00
231,45,3.2,2025-09-13T19:00:00
265,165,4.1,2025-09-13T19:00:00
48,81,3.2,2025-09-13T20:00:00
177,56,4.0,2025-09-13T21:00:00
280,284,5.0,2025-09-13T21:00:00
159,87,2.5,2025-09-13T22:00:00
262,230,5.0,2025-09-13T23:00:00
51,267,2.8,2025-09-14T00:00:00
105,219,4.5,2025-09-14T01:00:00
482,36,3.7,2025-09-14T03:00:00
29,297,2.7,2025-09-14T04:00:00
107,173,4.3,2025-09-14T04:00:00
209,155,3.9,2025-09-14T04:00:00
407,70,4.3,2025-09-14T04:00:00
383,249,2.1,2025-09-14T05:00:00
299,294,3.8,2025-09-14T06:00:00
460,189,5.0,2025-09-14T08:00:00
38,50,3.9,2025-09-14T09:00:00
231,42,3.6,2025-09-14T09:00:00
291,35,3.4,2025-09-14T10:00:00
383,29,1.5,2025-09-14T10:00:00
456,253,3.3,2025-09-14T11:00:00
415,209,1.8,2025-09-14T12:00:00
210,272,3.6,2025-09-14T13:00:00
299,79,3.0,2025-09-14T13:00:00
346,74,3.8,2025-09-14T14:00:00
139,90,4.6,2025-09-14T16:00:00
48,261,4.7,2025-09-14T17:00:00
221,201,2.1,2025-09-14T21:00:00
335,169,5.0,2025-09-14T21:00:00
123,236,2.8,2025-09-14T22:00:00
249,54,5.0,2025-09-14T23:00:00
38,6,4.6,2025-09-15T00:00:00
94,283,4.9,2025-09-15T00:00:00
51,2,3.5,2025-09-15T01:00:00
307,118,2.4,2025-09-15T01:00:00
272,238,3.0,2025-09-15T02:00:00
364,283,5.0,2025-09-15T03:00:00
456,145,2.4,2025-09-15T04:00:00
129,136,3.6,2025-09-15T05:00:00
221,59,2.7,2025-09-15T05:00:00
228,172,4.2,2025-09-15T05:00:00
247,212,4.1,2025-09-15T05:00:00
9,167,5.0,2025-09-15T08:00:00
71,41,3.6,2025-09-15T08:00:00
248,41,3.9,2025-09-15T08:00:00
17,193,4.1,2025-09-15T10:00:00
209,160,3.8,2025-09-15T12:00:00
144,231,3.0,2025-09-15T14:00:00
231,167,3.3,2025-09-15T15:00:00
382,42,4.3,2025-09-15T15:00:00
30,12,3.6,2025-09-15T16:00:00
333,197,5.0,2025-09-15T17:00:00
459,280,3.7,2025-09-15T17:00:00
85,45,3.1,2025-09-15T18:00:00
383,25,2.0,2025-09-15T20:00:00
427,29,3.0,2025-09-15T20:00:00
123,3,1.7,2025-09-15T23:00:00
421,89,2.7,2025-09-15T23:00:00
294,222,3.8,2025-09-16T00:00:00
478,201,4.0,2025-09-16T00:00:00
383,133,2.0,2025-09-16T01:00:00
460,255,5.0,2025-09-16T01:00:00
314,58,2.3,2025-09-16T03:00:00
364,281,5.0,2025-09-16T04:00:00
139,110,5.0,2025-09-16T05:00:00
407,153,4.1,2025-09-16T05:00:00
107,55,5.0,2025-09-16T07:00:00
351,243,5.0,2025-09-16T09:00:00
335,175,4.5,2025-09-16T10:00:00
29,10,2.4,2025-09-16T11:00:00
238,296,5.0,2025-09-16T11:00:00
346,154,3.6,2025-09-16T11:00:00
247,245,2.8,2025-09-16T12:00:00
118,89,2.5,2025-09-16T13:00:00
17,181,5.0,2025-09-16T14:00:00
441,295,3.3,2025-09-16T14:00:00
123,223,2.4,2025-09-16T15:00:00
51,13,4.1,2025-09-16T16:00:00
159,224,2.8,2025-09-16T16:00:00
364,299,5.0,2025-09-16T16:00:00
248,128,2.6,2025-09-16T17:00:00
144,154,4.2,2025-09-16T18:00:00
29,257,1.9,2025-09-16T19:00:00
38,71,3.1,2025-09-16T20:00:00
415,66,3.5,2025-09-16T22:00:00
421,258,3.6,2025-09-16T23:00:00
210,258,4.0,2025-09-17T00:00:00
262,198,4.6,2025-09-17T00:00:00
299,292,3.0,2025-09-17T02:00:00
438,11,3.9,2025-09-17T02:00:00
17,273,4.2,2025-09-17T03:00:00
85,198,1.8,2025-09-17T04:00:00
307,217,3.5,2025-09-17T04:00:00
184,236,4.3,2025-09-17T06:00:00
56,249,3.2,2025-09-17T07:00:00
105,25,5.0,2025-09-17T07:00:00
262,212,4.5,2025-09-17T09:00:00
177,87,3.3,2025-09-17T10:00:00
249,79,5.0,2025-09-17T10:00:00
452,74,2.8,2025-09-17T10:00:00
421,174,3.6,2025-09-17T11:00:00
459,184,4.2,2025-09-17T11:00:00
328,291,3.7,2025-09-17T12:00:00
335,172,4.3,2025-09-17T13:00:00
456,53,2.0,2025-09-17T13:00:00
29,198,2.5,2025-09-17T16:00:00
460,66,4.0,2025-09-17T16:00:00
482,161,4.6,2025-09-17T16:00:00
9,192,5.0,2025-09-17T17:00:00
71,17,3.2,2025-09-17T17:00:00
249,209,3.2,2025-09-17T17:00:00
280,300,4.7,2025-09-17T17:00:00
294,70,3.9,2025-09-17T17:00:00
265,222,4.6,2025-09-17T19:00:00
407,140,3.6,2025-09-17T20:00:00
291,183,3.4,2025-09-17T21:00:00
228,147,4.6,2025-09-18T00:00:00
139,66,5.0,2025-09-18T03:00:00
29,85,3.6,2025-09-18T06:00:00
139,48,4.2,2025-09-18T07:00:00
280,49,3.7,2025-09-18T07:00:00
441,239,4.4,2025-09-18T07:00:00
328,192,3.9,2025-09-18T09:00:00
30,155,4.8,2025-09-18T10:00:00
482,271,4.7,2025-09-18T12:00:00
29,38,2.9,2025-09-18T13:00:00
48,257,4.5,2025-09-18T13:00:00
247,49,4.4,2025-09-18T13:00:00
30,172,4.1,2025-09-18T15:00:00
228,151,4.8,2025-09-18T15:00:00
314,213,4.3,2025-09-18T15:00:00
94,83,3.5,2025-09-18T16:00:00
184,235,4.9,2025-09-18T19:00:00
383,120,2.7,2025-09-18T19:00:00
238,67,4.0,2025-09-18T20:00:00
265,143,4.9,2025-09-18T20:00:00
333,152,4.8,2025-09-18T22:00:00
299,68,2.5,2025-09-18T23:00:00
129,108,3.9,2025-09-19T01:00:00
382,86,4.6,2025-09-19T01:00:00
228,111,4.8,2025-09-19T02:00:00
248,27,4.9,2025-09-19T02:00:00
328,263,3.0,2025-09-19T02:00:00
364,254,5.0,2025-09-19T03:00:00
221,199,3.9,2025-09-19T04:00:00
209,42,3.6,2025-09-19T05:00:00
407,181,4.2,2025-09-19T05:00:00
94,57,3.5,2025-09-19T07:00:00
478,163,3.6,2025-09-19T07:00:00
415,142,3.4,2025-09-19T15:00:00
9,219,4.2,2025-09-19T16:00:00
29,127,3.9,2025-09-19T17:00:00
351,226,4.7,2025-09-19T17:00:00
107,172,4.6,2025-09-19T18:00:00
427,179,3.8,2025-09-19T18:00:00
314,56,1.7,2025-09-19T19:00:00
129,12,2.7,2025-09-19T20:00:00
265,148,5.0,2025-09-19T21:00:00
94,63,5.0,2025-09-19T22:00:00
139,249,3.1,2025-09-19T22:00:00
333,129,4.4,2025-09-19T22:00:00
177,57,4.0,2025-09-20T00:00:00
346,17,4.4,2025-09-20T00:00:00
456,231,2.9,2025-09-20T00:00:00
452,123,3.8,2025-09-20T01:00:00
38,54,3.4,2025-09-20T02:00:00
48,285,5.0,2025-09-20T03:00:00
407,132,4.5,2025-09-20T06:00:00
459,294,3.4,2025-09-20T06:00:00
333,177,5.0,2025-09-20T07:00:00
118,34,5.0,2025-09-20T09:00:00
478,216,4.7,2025-09-20T09:00:00
123,122,3.1,2025-09-20T10:00:00
438,55,3.1,2025-09-20T10:00:00
294,79,4.3,2025-09-20T11:00:00
184,210,3.5,2025-09-20T13:00:00
351,203,5.0,2025-09-20T13:00:00
159,21,4.9,2025-09-20T14:00:00
460,172,5.0,2025-09-20T14:00:00
17,267,3.8,2025-09-20T16:00:00
247,31,4.5,2025-09-20T18:00:00
407,162,3.5,2025-09-20T19:00:00
85,21,4.9,2025-09-20T20:00:00
249,42,3.0,2025-09-20T20:00:00
265,257,5.0,2025-09-20T20:00:00
105,102,4.8,2025-09-20T21:00:00
118,17,4.0,2025-09-20T22:00:00
210,271,5.0,2025-09-20T22:00:00
333,132,4.2,2025-09-20T22:00:00
280,196,3.4,2025-09-20T23:00:00
291,34,4.3,2025-09-20T23:00:00
29,47,3.9,2025-09-21T01:00:00
129,196,1.6,2025-09-21T01:00:00
460,74,4.6,2025-09-21T02:00:00
335,230,3.3,2025-09-21T04:00:00
262,160,5.0,2025-09-21T07:00:00
9,291,3.3,2025-09-21T10:00:00
478,87,5.0,2025-09-21T10:00:00
364,258,4.9,2025-09-21T11:00:00
452,15,4.5,2025-09-21T11:00:00
335,263,2.5,2025-09-21T12:00:00
438,149,3.2,2025-09-21T13:00:00
177,55,3.4,2025-09-21T15:00:00
48,251,4.9,2025-09-21T17:00:00
71,15,3.4,2025-09-21T17:00:00
107,170,4.3,2025-09-21T17:00:00
438,216,3.5,2025-09-21T17:00:00
478,246,3.3,2025-09-21T17:00:00
221,79,2.7,2025-09-21T18:00:00
482,192,4.6,2025-09-21T19:00:00
30,191,5.0,2025-09-21T20:00:00
382,34,3.6,2025-09-21T22:00:00
107,266,3.9,2025-09-21T23:00:00
299,162,2.3,2025-09-22T01:00:00
85,31,2.7,2025-09-22T02:00:00
17,167,5.0,2025-09-22T03:00:00
123,244,3.0,2025-09-22T03:00:00
71,142,3.5,2025-09-22T05:00:00
351,266,3.6,2025-09-22T08:00:00
346,155,4.5,2025-09-22T09:00:00
456,172,4.2,2025-09-22T13:00:00
9,162,3.7,2025-09-22T15:00:00
209,161,2.8,2025-09-22T15:00:00
248,244,3.4,2025-09-22T16:00:00
105,33,5.0,2025-09-22T18:00:00
249,56,4.5,2025-09-22T18:00:00
294,77,4.1,2025-09-22T20:00:00
333,151,4.5,2025-09-22T20:00:00
314,266,2.1,2025-09-22T22:00:00
364,179,3.9,2025-09-22T22:00:00
280,293,4.7,2025-09-23T01:00:00
38,40,3.4,2025-09-23T02:00:00
346,158,4.4,2025-09-23T04:00:00
85,104,3.1,2025-09-23T05:00:00
456,188,3.3,2025-09-23T05:00:00
364,208,3.8,2025-09-23T10:00:00
30,128,3.9,2025-09-23T11:00:00
159,12,4.4,2025-09-23T12:00:00
415,17,2.2,2025-09-23T12:00:00
427,171,3.2,2025-09-23T12:00:00
17,160,5.0,2025-09-23T14:00:00
48,178,3.4,2025-09-23T15:00:00
30,152,4.5,2025-09-23T17:00:00
482,119,4.5,2025-09-23T17:00:00
85,212,3.7,2025-09-23T18:00:00
139,162,3.5,2025-09-23T19:00:00
265,129,5.0,2025-09-23T19:00:00
94,149,4.0,2025-09-23T20:00:00
209,162,4.0,2025-09-23T20:00:00
248,5,3.8,2025-09-23T20:00:00
460,269,5.0,2025-09-23T21:00:00
184,238,4.5,2025-09-23T22:00:00
221,202,1.9,2025-09-23T22:00:00
262,280,3.7,2025-09-23T22:00:00
459,168,3.7,2025-09-23T22:00:00
17,50,4.1,2025-09-24T01:00:00
351,205,5.0,2025-09-24T02:00:00
221,168,3.1,2025-09-24T05:00:00
460,256,5.0,2025-09-24T05:00:00
456,200,4.2,2025-09-24T07:00:00
291,277,3.3,2025-09-24T08:00:00
452,32,3.8,2025-09-24T08:00:00
333,165,5.0,2025-09-24T09:00:00
123,17,2.4,2025-09-24T11:00:00
107,87,4.9,2025-09-24T13:00:00
159,229,3.9,2025-09-24T13:00:00
333,163,5.0,2025-09-24T13:00:00
247,274,4.6,2025-09-24T14:00:00
294,48,3.9,2025-09-24T14:00:00
30,290,4.2,2025-09-24T17:00:00
129,149,3.7,2025-09-24T19:00:00
210,283,4.1,2025-09-24T19:00:00
335,179,4.8,2025-09-24T19:00:00
29,107,2.8,2025-09-24T20:00:00
280,295,4.3,2025-09-24T20:00:00
177,199,4.0,2025-09-24T23:00:00
209,170,3.0,2025-09-24T23:00:00
94,249,3.6,2025-09-25T00:00:00
335,152,4.5,2025-09-25T02:00:00
438,135,3.2,2025-09-25T04:00:00
105,178,4.3,2025-09-25T06:00:00
9,169,3.0,2025-09-25T07:00:00
382,83,3.6,2025-09-25T08:00:00
335,49,3.9,2025-09-25T11:00:00
415,98,4.4,2025-09-25T11:00:00
177,80,5.0,2025-09-25T13:00:00
38,74,3.2,2025-09-25T15:00:00
209,171,4.3,2025-09-25T15:00:00
478,170,4.2,2025-09-25T15:00:00
210,273,4.6,2025-09-25T18:00:00
177,64,4.4,2025-09-25T19:00:00
38,28,3.8,2025-09-25T22:00:00
71,189,2.0,2025-09-25T23:00:00
291,41,4.8,2025-09-25T23:00:00
299,259,3.9,2025-09-25T23:00:00
364,216,5.0,2025-09-26T00:00:00
346,200,3.7,2025-09-26T01:00:00
107,235,3.6,2025-09-26T03:00:00
105,35,5.0,2025-09-26T07:00:00
314,74,3.4,2025-09-26T07:00:00
221,194,3.5,2025-09-26T11:00:00
248,49,4.4,2025-09-26T11:00:00
482,175,4.9,2025-09-26T11:00:00
262,188,4.2,2025-09-26T13:00:00
346,6,2.9,2025-09-26T13:00:00
438,117,3.8,2025-09-26T14:00:00
291,6,4.2,2025-09-26T15:00:00
139,190,3.8,2025-09-26T16:00:00
184,182,3.1,2025-09-26T16:00:00
123,181,2.1,2025-09-26T17:00:00
346,148,3.6,2025-09-26T17:00:00
17,44,3.9,2025-09-26T19:00:00
299,293,3.7,2025-09-26T20:00:00
460,259,5.0,2025-09-26T21:00:00
382,131,5.0,2025-09-26T22:00:00
459,192,3.7,2025-09-26T22:00:00
209,231,3.6,2025-09-26T23:00:00
438,20,3.4,2025-09-27T01:00:00
48,273,5.0,2025-09-27T02:00:00
415,68,4.1,2025-09-27T02:00:00
427,232,3.9,2025-09-27T03:00:00
9,58,3.2,2025-09-27T04:00:00
184,237,4.3,2025-09-27T04:00:00
177,153,4.0,2025-09-27T05:00:00
351,40,4.9,2025-09-27T06:00:00
333,156,4.7,2025-09-27T08:00:00
71,133,3.5,2025-09-27T09:00:00
221,294,2.8,2025-09-27T11:00:00
94,219,3.4,2025-09-27T12:00:00
85,208,3.3,2025-09-27T14:00:00
478,60,4.5,2025-09-27T14:00:00
139,259,4.0,2025-09-27T17:00:00
38,9,4.1,2025-09-27T18:00:00
17,42,4.1,2025-09-27T22:00:00
247,277,4.0,2025-09-27T22:00:00
9,45,2.3,2025-09-27T23:00:00
294,73,3.5,2025-09-27T23:00:00
351,13,4.5,2025-09-27T23:00:00
159,211,3.4,2025-09-28T01:00:00
210,73,2.8,2025-09-28T01:00:00
177,168,4.2,2025-09-28T02:00:00
29,82,2.8,2025-09-28T04:00:00
280,296,4.8,2025-09-28T07:00:00
452,10,4.3,2025-09-28T07:00:00
456,189,4.4,2025-09-28T07:00:00
105,37,5.0,2025-09-28T09:00:00
94,88,4.4,2025-09-28T10:00:00
139,209,3.2,2025-09-28T11:00:00
299,257,3.3,2025-09-28T17:00:00
221,259,3.7,2025-09-28T18:00:00
351,57,4.4,2025-09-28T18:00:00
248,62,4.4,2025-09-28T20:00:00
177,292,3.3,2025-09-28T21:00:00
38,175,3.9,2025-09-28T22:00:00
209,46,3.2,2025-09-28T22:00:00
415,216,2.8,2025-09-29T02:00:00
459,186,4.9,2025-09-29T02:00:00
48,279,4.3,2025-09-29T03:00:00
9,249,3.0,2025-09-29T04:00:00
364,41,3.7,2025-09-29T05:00:00
184,231,4.5,2025-09-29T06:00:00
294,230,4.8,2025-09-29T06:00:00
299,141,3.3,2025-09-29T07:00:00
335,243,3.3,2025-09-29T07:00:00
210,172,3.4,2025-09-29T09:00:00
314,211,3.6,2025-09-29T10:00:00
346,193,3.5,2025-09-29T11:00:00
333,189,5.0,2025-09-29T12:00:00
139,64,5.0,2025-09-29T16:00:00
247,246,3.4,2025-09-29T17:00:00
9,180,4.5,2025-09-29T18:00:00
159,22,4.9,2025-09-29T19:00:00
482,144,5.0,2025-09-29T20:00:00
94,77,4.2,2025-09-29T21:00:00
459,74,2.5,2025-09-29T21:00:00
123,204,2.9,2025-09-29T23:00:00
478,84,4.1,2025-09-29T23:00:00
9,141,2.1,2025-09-30T01:00:00
262,189,4.1,2025-09-30T02:00:00
9,239,2.6,2025-09-30T05:00:00
291,27,4.7,2025-09-30T05:00:00
29,157,4.1,2025-09-30T06:00:00
299,45,2.7,2025-09-30T08:00:00
85,244,3.7,2025-09-30T09:00:00
123,50,1.8,2025-09-30T10:00:00
427,155,3.9,2025-09-30T10:00:00
438,277,3.3,2025-09-30T12:00:00
478,210,4.5,2025-09-30T16:00:00
71,27,3.9,2025-09-30T20:00:00
184,240,2.2,2025-09-30T23:00:00
209,211,3.2,2025-10-01T00:00:00
221,70,2.4,2025-10-01T00:00:00
333,246,4.2,2025-10-01T01:00:00
38,2,4.1,2025-10-01T02:00:00
459,23,2.5,2025-10-01T03:00:00
9,198,3.7,2025-10-01T05:00:00
262,159,5.0,2025-10-01T07:00:00
17,173,4.8,2025-10-01T08:00:00
456,249,3.4,2025-10-01T09:00:00
459,171,4.1,2025-10-01T09:00:00
177,110,2.3,2025-10-01T16:00:00
280,127,2.9,2025-10-01T16:00:00
415,249,3.7,2025-10-01T17:00:00
351,19,3.9,2025-10-01T18:00:00
105,40,5.0,2025-10-01T19:00:00
71,141,3.1,2025-10-01T20:00:00
333,122,4.5,2025-10-01T21:00:00
139,292,4.1,2025-10-01T22:00:00
159,41,5.0,2025-10-01T22:00:00
346,166,4.6,2025-10-02T00:00:00
294,51,3.6,2025-10-02T04:00:00
452,216,3.1,2025-10-02T04:00:00
291,74,3.2,2025-10-02T07:00:00
71,266,3.3,2025-10-02T08:00:00
280,202,3.9,2025-10-02T10:00:00
9,184,3.9,2025-10-02T13:00:00
299,132,3.7,2025-10-02T13:00:00
314,243,4.2,2025-10-02T13:00:00
29,182,1.6,2025-10-02T15:00:00
48,265,3.9,2025-10-02T17:00:00
210,289,4.4,2025-10-02T18:00:00
123,279,1.8,2025-10-02T19:00:00
262,195,4.9,2025-10-02T21:00:00
482,154,5.0,2025-10-02T21:00:00
29,129,3.3,2025-10-02T22:00:00
159,23,4.1,2025-10-02T22:00:00
209,179,4.1,2025-10-02T22:00:00
280,290,5.0,2025-10-02T22:00:00
364,74,3.0,2025-10-03T00:00:00
335,183,4.6,2025-10-03T01:00:00
478,5,4.4,2025-10-03T01:00:00
48,125,2.6,2025-10-03T02:00:00
314,164,1.5,2025-10-03T02:00:00
17,20,4.3,2025-10-03T10:00:00
456,198,4.5,2025-10-03T11:00:00
105,30,5.0,2025-10-03T12:00:00
280,258,4.9,2025-10-03T14:00:00
247,10,4.9,2025-10-03T17:00:00
221,187,4.2,2025-10-03T18:00:00
346,169,3.6,2025-10-03T18:00:00
29,108,3.6,2025-10-03T19:00:00
415,83,4.6,2025-10-03T20:00:00
94,5,3.4,2025-10-03T21:00:00
38,46,4.0,2025-10-03T23:00:00
71,261,2.6,2025-10-04T04:00:00
94,244,3.9,2025-10-04T04:00:00
177,88,2.6,2025-10-04T05:00:00
427,198,3.6,2025-10-04T05:00:00
459,146,3.2,2025-10-04T05:00:00
438,32,4.4,2025-10-04T07:00:00
262,232,4.7,2025-10-04T09:00:00
38,5,5.0,2025-10-04T14:00:00
333,183,5.0,2025-10-04T15:00:00
351,97,4.9,2025-10-04T16:00:00
364,17,3.5,2025-10-04T18:00:00
71,161,2.6,2025-10-04T21:00:00
210,281,5.0,2025-10-04T22:00:00
478,99,4.6,2025-10-05T01:00:00
123,257,1.1,2025-10-05T02:00:00
209,220,3.2,2025-10-05T04:00:00
291,288,3.9,2025-10-05T05:00:00
438,50,3.2,2025-10-05T06:00:00
364,252,4.4,2025-10-05T08:00:00
452,69,3.0,2025-10-05T10:00:00
139,63,4.7,2025-10-05T14:00:00
294,246,5.0,2025-10-05T14:00:00
280,29,3.7,2025-10-05T15:00:00
221,157,4.1,2025-10-05T19:00:00
280,299,5.0,2025-10-05T20:00:00
159,14,4.6,2025-10-06T00:00:00
71,6,3.0,2025-10-06T02:00:00
314,239,4.6,2025-10-06T02:00:00
299,217,3.7,2025-10-06T06:00:00
29,149,4.2,2025-10-06T09:00:00
123,243,4.0,2025-10-06T10:00:00
139,88,5.0,2025-10-06T10:00:00
299,291,3.8,2025-10-06T15:00:00
38,144,4.3,2025-10-06T17:00:00
335,182,4.2,2025-10-06T18:00:00
482,107,4.0,2025-10-06T19:00:00
299,131,4.1,2025-10-07T00:00:00
48,271,3.9,2025-10-07T02:00:00
364,294,5.0,2025-10-07T03:00:00
459,208,3.9,2025-10-07T04:00:00
71,34,3.5,2025-10-07T06:00:00
262,178,5.0,2025-10-07T06:00:00
247,123,3.9,2025-10-07T08:00:00
17,179,5.0,2025-10-07T09:00:00
105,47,5.0,2025-10-07T12:00:00
415,250,2.5,2025-10-07T12:00:00
459,291,3.5,2025-10-07T12:00:00
346,266,3.2,2025-10-07T14:00:00
247,238,4.0,2025-10-07T16:00:00
364,268,4.8,2025-10-07T19:00:00
427,86,1.8,2025-10-07T21:00:00
478,221,5.0,2025-10-07T21:00:00
351,202,4.5,2025-10-07T23:00:00
209,259,3.5,2025-10-08T00:00:00
291,18,4.7,2025-10-08T00:00:00
333,79,4.7,2025-10-08T00:00:00
452,18,5.0,2025-10-08T00:00:00
105,89,4.5,2025-10-08T03:00:00
221,193,3.3,2025-10-08T09:00:00
71,2,3.6,2025-10-08T13:00:00
105,19,5.0,2025-10-08T16:00:00
346,182,4.2,2025-10-08T21:00:00
314,233,3.3,2025-10-08T22:00:00
221,111,2.7,2025-10-09T00:00:00
438,151,2.9,2025-10-09T03:00:00
299,46,2.6,2025-10-09T04:00:00
351,234,5.0,2025-10-09T12:00:00
482,22,3.2,2025-10-09T14:00:00
38,12,4.5,2025-10-09T16:00:00
333,174,4.1,2025-10-09T18:00:00
459,197,3.6,2025-10-09T19:00:00
247,28,5.0,2025-10-09T20:00:00
280,164,3.5,2025-10-09T20:00:00
415,78,4.9,2025-10-10T00:00:00
364,122,4.8,2025-10-10T06:00:00
482,110,4.0,2025-10-10T06:00:00
262,219,4.3,2025-10-10T07:00:00
123,227,3.5,2025-10-10T09:00:00
415,65,3.4,2025-10-10T11:00:00
105,294,4.9,2025-10-10T13:00:00
335,195,3.6,2025-10-10T13:00:00
17,258,4.1,2025-10-10T22:00:00
48,263,4.5,2025-10-10T23:00:00
333,184,5.0,2025-10-11T01:00:00
247,271,3.5,2025-10-11T02:00:00
415,281,3.9,2025-10-11T03:00:00
221,22,3.3,2025-10-11T04:00:00
38,89,2.8,2025-10-11T06:00:00
299,270,3.6,2025-10-11T08:00:00
427,55,2.3,2025-10-11T09:00:00
314,157,2.9,2025-10-11T12:00:00
364,279,5.0,2025-10-11T15:00:00
452,124,4.2,2025-10-11T18:00:00
478,205,3.6,2025-10-11T18:00:00
209,278,2.9,2025-10-11T20:00:00
335,192,4.7,2025-10-11T20:00:00
291,178,3.7,2025-10-12T00:00:00
299,103,4.2,2025-10-12T00:00:00
351,206,4.7,2025-10-12T00:00:00
262,174,5.0,2025-10-12T05:00:00
280,56,4.2,2025-10-12T05:00:00
299,63,3.2,2025-10-12T06:00:00
351,217,5.0,2025-10-12T07:00:00
482,41,3.9,2025-10-12T10:00:00
452,136,3.8,2025-10-12T14:00:00
459,237,2.2,2025-10-12T14:00:00
438,24,3.1,2025-10-12T15:00:00
48,175,3.4,2025-10-12T19:00:00
280,292,4.1,2025-10-13T01:00:00
262,205,5.0,2025-10-13T04:00:00
123,248,2.6,2025-10-13T06:00:00
427,202,2.2,2025-10-13T07:00:00
247,240,4.4,2025-10-13T14:00:00
221,158,3.9,2025-10-13T16:00:00
280,89,3.8,2025-10-13T18:00:00
48,153,2.5,2025-10-14T02:00:00
38,87,3.8,2025-10-14T05:00:00
105,49,5.0,2025-10-14T10:00:00
333,77,4.2,2025-10-14T10:00:00
364,59,3.8,2025-10-14T11:00:00
123,222,3.5,2025-10-14T15:00:00
17,55,2.8,2025-10-14T16:00:00
247,33,3.9,2025-10-14T16:00:00
415,267,2.3,2025-10-14T20:00:00
17,58,4.4,2025-10-15T04:00:00
262,105,4.3,2025-10-15T06:00:00
478,71,4.4,2025-10-15T08:00:00
314,290,2.5,2025-10-15T12:00:00
48,19,3.9,2025-10-15T13:00:00
209,157,3.9,2025-10-15T14:00:00
291,48,3.7,2025-10-15T16:00:00
299,280,3.8,2025-10-15T16:00:00
335,26,3.1,2025-10-15T16:00:00
438,150,2.6,2025-10-15T18:00:00
415,231,2.5,2025-10-16T03:00:00
262,200,4.5,2025-10-16T04:00:00
48,291,5.0,2025-10-16T05:00:00
482,180,5.0,2025-10-16T06:00:00
48,299,3.8,2025-10-16T13:00:00
280,252,3.0,2025-10-16T15:00:00
299,256,3.8,2025-10-16T15:00:00
221,29,3.2,2025-10-16T19:00:00
415,69,4.3,2025-10-16T23:00:00
123,239,3.6,2025-10-17T00:00:00
247,16,4.6,2025-10-17T00:00:00
427,42,3.0,2025-10-17T02:00:00
364,292,5.0,2025-10-17T06:00:00
314,205,3.6,2025-10-17T13:00:00
38,48,4.7,2025-10-17T16:00:00
247,222,3.3,2025-10-17T20:00:00
17,238,4.5,2025-10-17T23:00:00
333,216,3.3,2025-10-17T23:00:00
478,261,3.1,2025-10-17T23:00:00
299,216,2.9,2025-10-18T01:00:00
48,276,5.0,2025-10-18T04:00:00
333,67,3.9,2025-10-18T04:00:00
17,122,3.7,2025-10-18T07:00:00
364,277,5.0,2025-10-18T08:00:00
482,108,4.7,2025-10-18T11:00:00
123,225,3.3,2025-10-18T13:00:00
335,285,3.1,2025-10-18T16:00:00
427,119,4.6,2025-10-18T17:00:00
280,209,4.3,2025-10-18T19:00:00
17,257,4.4,2025-10-19T01:00:00
291,39,3.4,2025-10-19T09:00:00
335,247,2.2,2025-10-19T12:00:00
299,149,5.0,2025-10-19T13:00:00
438,62,1.9,2025-10-19T14:00:00
314,87,3.1,2025-10-19T20:00:00
221,156,2.9,2025-10-19T21:00:00
247,35,3.9,2025-10-19T21:00:00
364,64,3.9,2025-10-19T22:00:00
38,273,3.5,2025-10-20T02:00:00
291,19,2.8,2025-10-20T12:00:00
333,171,4.9,2025-10-20T16:00:00
438,243,2.7,2025-10-20T21:00:00
415,94,4.1,2025-10-20T22:00:00
482,193,4.2,2025-10-21T01:00:00
478,220,5.0,2025-10-21T03:00:00
221,160,3.4,2025-10-21T09:00:00
48,218,2.7,2025-10-21T15:00:00
333,196,5.0,2025-10-21T18:00:00
48,96,3.8,2025-10-21T22:00:00
333,42,3.4,2025-10-22T01:00:00
123,205,2.6,2025-10-22T06:00:00
415,202,3.5,2025-10-22T08:00:00
17,175,4.9,2025-10-22T12:00:00
291,40,4.7,2025-10-22T13:00:00
291,24,4.7,2025-10-22T22:00:00
299,272,3.1,2025-10-23T00:00:00
247,44,4.2,2025-10-23T04:00:00
123,238,3.0,2025-10-23T07:00:00
335,258,3.9,2025-10-23T07:00:00
17,156,4.1,2025-10-23T09:00:00
438,8,4.2,2025-10-23T09:00:00
314,40,1.4,2025-10-23T13:00:00
48,262,4.8,2025-10-23T17:00:00
38,37,3.9,2025-10-23T21:00:00
314,208,4.1,2025-10-23T23:00:00
291,46,3.1,2025-10-24T03:00:00
221,229,2.3,2025-10-24T04:00:00
333,199,5.0,2025-10-24T15:00:00
482,142,5.0,2025-10-24T16:00:00
415,150,3.1,2025-10-25T01:00:00
478,58,5.0,2025-10-25T03:00:00
48,253,5.0,2025-10-25T13:00:00
335,139,3.8,2025-10-25T15:00:00
221,282,3.6,2025-10-25T18:00:00
247,242,4.2,2025-10-25T22:00:00
299,209,1.0,2025-10-26T07:00:00
123,10,2.0,2025-10-26T08:00:00
38,49,3.8,2025-10-26T11:00:00
482,186,3.7,2025-10-26T12:00:00
415,99,3.4,2025-10-26T14:00:00
415,80,4.6,2025-10-26T19:00:00
299,261,4.0,2025-10-27T03:00:00
438,49,4.5,2025-10-27T03:00:00
482,159,4.1,2025-10-27T10:00:00
291,36,2.1,2025-10-27T15:00:00
482,181,4.7,2025-10-27T15:00:00
438,18,3.9,2025-10-28T06:00:00
478,208,4.9,2025-10-28T12:00:00
38,110,3.9,2025-10-28T14:00:00
333,186,5.0,2025-10-28T14:00:00
48,275,3.4,2025-10-28T16:00:00
291,162,3.3,2025-10-28T18:00:00
38,161,3.8,2025-10-28T20:00:00
478,33,3.3,2025-10-29T00:00:00
247,107,2.6,2025-10-29T02:00:00
221,216,2.8,2025-10-29T04:00:00
123,274,3.0,2025-10-29T07:00:00
299,148,3.7,2025-10-29T07:00:00
335,161,4.2,2025-10-29T08:00:00
333,178,5.0,2025-10-29T22:00:00
438,178,2.1,2025-10-29T22:00:00
415,275,3.4,2025-10-30T02:00:00
478,233,5.0,2025-10-30T12:00:00
48,172,2.6,2025-10-30T18:00:00
335,85,3.1,2025-10-30T22:00:00
482,168,4.4,2025-10-31T03:00:00
333,166,5.0,2025-10-31T04:00:00
438,164,2.6,2025-10-31T14:00:00
291,131,4.0,2025-11-01T03:00:00
123,165,3.1,2025-11-01T04:00:00
482,182,4.6,2025-11-01T06:00:00
38,13,4.0,2025-11-01T08:00:00
299,271,3.8,2025-11-01T10:00:00
478,247,2.9,2025-11-01T21:00:00
333,29,3.7,2025-11-01T22:00:00
38,299,4.4,2025-11-02T00:00:00
291,149,3.2,2025-11-02T04:00:00
48,283,4.6,2025-11-02T11:00:00
333,263,3.8,2025-11-02T16:00:00
415,219,3.1,2025-11-03T00:00:00
38,102,4.1,2025-11-03T02:00:00
438,13,4.2,2025-11-03T03:00:00
333,249,3.2,2025-11-03T10:00:00
333,6,4.2,2025-11-03T16:00:00
482,194,5.0,2025-11-04T19:00:00
291,93,4.0,2025-11-05T01:00:00
299,296,4.6,2025-11-05T02:00:00
415,53,4.2,2025-11-05T06:00:00
299,295,3.5,2025-11-05T18:00:00
415,189,2.1,2025-11-06T22:00:00
482,151,5.0,2025-11-07T01:00:00
299,155,2.9,2025-11-07T02:00:00
291,32,3.3,2025-11-07T14:00:00
482,55,4.4,2025-11-08T08:00:00
291,189,3.7,2025-11-08T13:00:00
299,87,2.2,2025-11-10T14:00:00
291,259,2.6,2025-11-11T02:00:00
291,10,4.8,2025-11-11T19:00:00
299,145,3.3,2025-11-12T02:00:00
482,157,5.0,2025-11-12T02:00:00
482,115,4.4,2025-11-13T15:00:00
291,21,3.1,2025-11-15T17:00:00
482,1,2.8,2025-11-15T22:00:00
482,169,5.0,2025-11-16T04:00:00
482,187,3.2,2025-11-17T15:00:00
291,266,3.0,2025-11-17T23:00:00
291,269,2.9,2025-11-18T12:00:00
291,192,2.8,2025-11-20T03:00:00
291,76,2.7,2025-11-20T10:00:00
482,223,3.7,2025-11-20T12:00:00
482,89,3.5,2025-11-23T02:00:00
291,274,2.9,2025-11-24T05:00:00
